Frequency_Hz,Amplitude_d1,Phase_rad_d1,Amplitude_d2,Phase_rad_d2,Amplitude_d3,Phase_rad_d3
62399.99999998247,1.2889592337322971e-06,1.6516884883587957,1.870547555491928e-06,-1.9942529516624345,6.904872186821881e-07,-0.5719421746244321
62400.20020037207,3.07197453850789e-06,0.3816783058560171,4.145409448323224e-06,-0.22724885797793345,2.1452267030531722e-07,1.5933139148424473
62400.40040076167,4.738372178220543e-06,1.6854936816940524,4.227637790422334e-06,-1.997333165956795,8.46893675927758e-08,-0.13780666262685448
62400.600600405196,6.718769929245065e-06,1.2134027638974532,7.292932710460627e-06,-1.3506237240308392,1.0499455919415148e-07,0.02559703797700757
62400.8008007948,1.988250712477104e-06,0.7594879698449205,2.3305095081655087e-06,-0.36222824107569196,5.720465800289085e-07,-1.5659466247705598
62401.0010011844,3.389843145964024e-06,-0.051193053314494315,3.6296163129239154e-06,0.6833461856585077,6.438562136071432e-07,-2.37585286665402
62401.201201574,1.9086615345077175e-06,-0.48466081839770553,2.7752450282488854e-06,-0.05842562459467368,4.941854011707062e-07,-0.9759768180165581
62401.401401217525,2.5243134060723627e-06,-0.17543283798444778,2.614120718735988e-06,0.7102985417356097,2.4813614113024744e-07,0.20124217001800504
62401.60160160712,3.2434247710823675e-06,2.167391991501714,4.874055577579849e-06,-2.127401440866286,3.357266737238411e-07,-1.787322899980703
62401.80180199673,6.443279615535778e-06,-1.310913789427123,5.881490428332427e-06,1.6832991149191507,3.92258186749734e-07,-1.84760076138725
62402.002001640256,4.600837983739967e-06,-1.7572824534564189,4.9317191082032074e-06,1.8360229931606191,4.889105548145945e-07,0.306399340896461
62402.202202029854,1.0736929240006482e-05,-0.35903660179816643,1.1591595523352595e-05,0.3547654356700655,5.92191906124198e-07,2.79115841758752
62402.40240241945,1.0117764674858945e-05,0.9042199228999525,1.1225900953450037e-05,-1.0182489676613804,4.658458158647886e-07,2.310685065472587
62402.60260280906,5.799840812894453e-06,0.6560500271981774,6.028436626018794e-06,-0.6123026939039,2.6825361512411957e-07,0.2571324802249573
62402.802802452585,3.7235420633345897e-06,1.975741302993016,4.466788771649192e-06,-1.6711897903178088,4.541013086103707e-07,-1.8457682989926807
62403.00300284218,2.4955902352620514e-06,1.2741032476470477,3.401767777488213e-06,-1.1254649678567463,4.4587417878266323e-07,-1.0891956684705288
62403.20320323178,3.754238672071406e-06,1.8552195475632771,3.1849855059196443e-06,-1.3425424125437204,4.5748135638673517e-07,-1.9709940969808482
62403.403403621385,8.219825596291544e-06,-0.27590733417405916,8.044863987825793e-06,0.48270733790898457,6.622194840808438e-07,-2.712717812723106
62403.60360326491,3.5685974899168832e-06,0.7536659939894811,4.9370444018322835e-06,-0.7591637485999418,9.133288662711908e-07,1.798075905578265
62403.80380365451,5.5677011405299855e-06,-0.9853429482737304,6.007691650712555e-06,1.0460877181295154,9.914556299180019e-07,-1.8500785512617182
62404.00400404411,5.2206564256075865e-06,0.6477964286598893,5.8225384358215435e-06,-0.7573786944876268,4.852196814492146e-07,-2.0052455614173006
62404.204204433714,1.4102015382587276e-06,0.26048816536426495,1.8371373853601312e-06,0.39013386879119344,5.639398912487683e-07,2.152082533839102
62404.40440407724,3.200431176015878e-06,0.24662860692468416,3.819992873845941e-06,-0.48197061472225833,4.5185266238844696e-07,-2.2711319319368033
62404.60460446684,3.040023141719425e-06,2.7418327354707013,3.3026777443322583e-06,-1.9434958533598017,3.3923812777468383e-07,-1.3632043924533912
62404.80480485644,2.899376570534043e-06,-1.3072603919401153,4.440551848180739e-06,1.76183703826731,2.963218590636573e-07,1.6566689807464894
62405.00500524604,2.4044266999695886e-06,-1.3395961023297378,2.374141088800608e-06,1.2667960840023729,4.1022890502365174e-07,0.9429619617892917
62405.20520488957,9.260096163362322e-06,0.6203202453805353,1.0067394196958533e-05,-0.6589641644096779,5.961141211410076e-07,-2.3311777632882373
62405.40540527917,5.207933999700123e-06,-0.7798463015938173,6.057104222442821e-06,0.8978319258138495,2.82360573000795e-07,-0.5148344386835426
62405.60560566877,5.585467502925066e-06,-2.4273245673310475,6.042527488192018e-06,1.880360020177715,7.493374294891292e-07,-1.4648207799049737
62405.805806058364,4.949631149270197e-06,1.4950139075733286,6.210900509934954e-06,-1.536768015412433,3.8256243847718057e-07,0.1300453133317027
62406.0060057019,2.558586504042585e-06,-0.06426112170627042,1.6888338605433816e-06,-0.2982270836067161,2.42322564573457e-07,0.8693352088071753
62406.2062060915,6.935055736232343e-06,2.0686240865610137,7.723083985150242e-06,-1.8873256085589432,4.028330840748813e-07,-0.003279039181850535
62406.406406481095,2.26357030996036e-06,-0.162615614606196,2.8990459624561135e-06,0.06989907311843555,5.524927374212857e-07,1.6159659782979394
62406.60660687069,2.5353869381152458e-06,0.2832272149050317,2.766295956942395e-06,-0.5719492443331584,1.7371339343600453e-07,-0.02391970515892434
62406.80680651423,3.4575441841468333e-06,1.2922239282412085,5.35142122572434e-06,-1.205746322418558,3.5819276002643215e-07,0.5242975534118859
62407.00700690383,6.179457580684699e-06,1.0568505649979638,7.496057933335707e-06,-0.9918958557318753,5.882300382262617e-07,-2.110501280373641
62407.207207293424,3.5287307514930423e-06,2.661865711715577,4.15526749696784e-06,-2.7403847251038957,5.926503141105248e-07,-2.4125477475276074
62407.40740768302,1.960264371945905e-06,0.6908566283481068,2.60123380140038e-06,2.9270662403121586,4.185093789488534e-07,0.11487405708823448
62407.60760732656,2.460377929226779e-06,-1.7506671388040227,3.462709712885997e-06,1.4595963392724167,3.301684814270672e-07,0.5359538471947829
62407.807807716155,2.282923848978648e-06,0.37815058615542246,2.5090147926671065e-06,-0.985092703140395,3.9310005109693675e-07,1.6205026493222123
62408.00800810575,2.460219442698637e-06,-1.4496039539026642,2.342632963421879e-06,1.4433568198818172,4.4021417315132645e-07,-2.287360752888521
62408.20820849535,4.523302565584269e-06,0.38246400599486335,3.53789476842963e-06,-0.5810463948137614,3.039746505277682e-07,1.8807775097159005
62408.40840813888,2.559653905603952e-06,1.7839110786980428,1.3224568004762553e-06,-1.5547771911651411,4.3397070613358634e-07,-1.5404908286131638
62408.608608528484,3.473511903692261e-06,-0.2725075938848797,2.844170821674322e-06,0.17452937454248146,3.4408250004745276e-07,0.018370511813036224
62408.80880891808,6.285719321970463e-06,0.7993932079335506,6.244326154568788e-06,-0.7741178353530457,5.72748816875984e-07,0.7778067622439794
62409.00900930768,1.1239436782252688e-06,-0.2828125276741629,2.3409296842049506e-06,1.522474131608013,3.4946377106033413e-07,-0.5839843964518636
62409.20920895121,1.3749565336185712e-06,0.8338175029531554,1.6329676178390264e-06,1.6936943661941528,2.8134950215449104e-07,1.8222900466190015
62409.40940934081,4.735722492305276e-06,-1.2380590207623277,5.138377545170645e-06,1.0949809533781285,2.794558246482165e-07,-1.7881895482147216
62409.60960973041,1.4763758377000874e-06,-0.5910957189061651,2.476323683899274e-06,0.48430840696987787,3.169542785528483e-07,-1.7568137583382415
62409.80981012001,4.1168722393861514e-06,1.0005280761835729,5.146330821039192e-06,-1.3269678940162657,3.9408214362756167e-07,-0.3048971563884516
62410.01000976354,1.9931526414424475e-06,-2.084590110727919,2.6212339105955467e-06,1.9543707438806444,4.5483028847792123e-07,-0.5223466511364159
62410.21021015314,3.4719564817878397e-06,0.40443152703695046,5.816880899564799e-06,-0.3691205817765732,6.139807140824086e-07,1.7390242036796484
62410.41041054274,5.7777176211800996e-06,-1.934577780151751,5.476802504945765e-06,1.4355124220763904,2.873642696251369e-07,-0.7886799367755688
62410.61061093234,3.123421838652461e-06,-0.17588725217892862,2.7460490082430908e-06,0.32959848010513415,2.118137754503621e-07,0.2609756836797232
62410.810810575866,3.32093180485553e-06,2.0251733813642314,4.022555584594865e-06,-1.2357541962810745,3.8194762556492864e-07,-2.702276410342738
62411.01101096546,3.3690849336198557e-06,-0.314628780298345,2.220663490926459e-06,0.26133094267143325,3.140484514196363e-07,0.859552306724324
62411.21121135507,6.860234724377249e-06,-1.108612035582683,6.560236298656811e-06,0.9314585347329921,2.3076481730299336e-07,0.5127262132645916
62411.411411744666,3.4814683240480135e-06,0.014604043578378755,2.6669806294935233e-06,-0.03696666302493259,2.80357588605606e-07,0.03197902046522828
62411.611611388194,3.2134443300738025e-06,0.4330475129453138,3.2440236050266893e-06,-0.04079506310054601,4.33537339967352e-07,-2.091839231545401
62411.81181177779,2.4862026484107185e-06,0.41388175636199437,1.8934785845218083e-06,-0.5604321783245284,7.401483274457932e-07,2.747408095172058
62412.0120121674,4.287565582463896e-06,-0.5308705155541548,3.070515348780208e-06,0.9643308975690544,5.915799673277589e-07,1.88656063395001
62412.212212556995,3.829896937497042e-06,0.035473700243725544,2.8405179930602923e-06,0.05331213094653818,2.474820718891839e-07,1.2827691665098686
62412.41241220052,4.447506322865999e-06,0.8851951011040442,4.324237365632124e-06,-0.3314096341993486,2.697157341881263e-07,2.823597305227285
62412.61261259012,4.201490133779804e-06,-0.6100615284621854,4.954152079969579e-06,0.4839132527947347,4.839106311782715e-07,1.102584792960048
62412.812812979726,1.1709786541055727e-06,-0.34702671337544455,2.6895915057275696e-06,1.0523594743170277,4.649278251805373e-07,2.344192751504275
62413.013013369324,2.961113146473547e-06,1.8284175090779415,3.4613086412431714e-06,-1.6943548954224048,5.650435008456406e-07,2.436602518794187
62413.21321301285,3.2882861094625277e-06,0.05834229658104229,4.2541508036591155e-06,-0.0933840709211072,4.803809997103364e-07,-0.9644978670058886
62413.41341340245,2.6679694581867636e-06,0.8729109781977235,2.8166806473667825e-06,-1.0804247268084912,1.2409988627442363e-07,-2.013170442142028
62413.613613792055,1.4323021063011355e-06,-0.6096709288984384,2.7252756395803855e-06,0.6389388502972801,3.629975561401456e-07,-0.4167817951876064
62413.81381418165,5.957742824018914e-06,-1.5367947757944025,5.550891560118907e-06,1.5176725500619184,5.086464953235507e-07,2.0467906240204505
62414.01401382518,4.2856194727886635e-06,-2.2392876761590124,7.25084320989873e-06,-1.5302502078735116,4.3588612392149126e-07,-2.0866788220126025
62414.21421421478,4.762176779019173e-06,0.8897520468424863,4.180780942378657e-06,-0.961263173052532,4.389273746668293e-07,1.4043875205598153
62414.41441460438,5.150212254841412e-06,1.4500270930514414,5.416625256481405e-06,-1.0685597642934737,2.8320759533041947e-07,-0.5881012281194268
62414.61461424791,3.816175636064142e-06,0.7504332896866305,4.93116672195393e-06,-1.0896545821933399,4.0228187191041974e-07,0.23572363715683986
62414.81481463751,2.572711413535309e-06,2.479335940848915,3.634801031209936e-06,-1.951619858590128,5.281779612593681e-07,-0.14136705572460592
62415.01501502711,5.8661327111445625e-06,1.4926478452881409,7.514076273331295e-06,-1.5454811694022064,3.8720498276848376e-07,1.717845081954472
62415.215215416705,5.668793525795555e-06,-2.6535015182252795,6.614496544033674e-06,2.568809170551497,3.255896684451409e-07,-0.5003283220303185
62415.41541506024,3.6027520766843385e-06,1.3312646241231987,5.440106992103754e-06,-1.036352890235545,7.529030058800995e-07,-0.7603130286669414
62415.61561544984,4.639894969423265e-06,-1.4948738461436688,4.189120774084985e-06,1.4648417643831244,3.9536489851275674e-07,-2.5533742299551156
62415.815815839436,2.048758185699082e-06,2.3486975819425266,3.7471920849390232e-06,-0.2945879260777407,1.0000862632565984e-07,0.3622604899382179
62416.016016229034,3.3234060720225525e-06,-2.382226787929072,3.1516712527641628e-06,2.3658934348951908,5.369649539931564e-07,1.8235658237759527
62416.21621587257,3.924138645956531e-06,0.5690016218647244,5.376278696011282e-06,-0.7106252569101175,5.148950700179169e-07,1.6812351104518521
62416.41641626217,4.755282566098522e-06,-1.4943468176850643,4.28211503124387e-06,1.3943123578747973,6.346599520416528e-07,-0.021113420490473104
62416.616616651765,5.6065751030450366e-06,-1.8534770033351922,5.83829742214095e-06,2.0212160450954153,3.840695283656072e-07,1.1057857027565938
62416.81681704136,4.3052237893044724e-06,0.6859127028800263,5.048497136193665e-06,-0.7491410909638244,2.4173948826390094e-07,-0.11996933186637466
62417.0170166849,7.86451601246781e-06,0.579146934153337,8.242063271322577e-06,-0.38056259342020554,2.873215496677009e-07,1.2638065746923364
62417.217217074496,9.29729223118048e-06,-1.131145105838565,9.437651543790675e-06,1.1064558017418449,3.5449350658628275e-07,1.5119105945942568
62417.417417464094,4.102527830655568e-06,-1.5339680025953644,2.166290618927251e-06,1.5122581140726281,1.5682408518971894e-07,0.5261409462064268
62417.61761785369,8.101747086724035e-07,-1.361402722328553,1.7401500389472944e-06,1.899297643965992,3.7737683117620964e-07,0.42952988606598735
62417.81781749722,4.538136313695223e-06,1.0920644849054355,4.132726366532104e-06,-0.8944266010461954,6.51134254317885e-07,0.8539078585691408
62418.018017886825,2.9301586793047557e-06,0.47313795782401924,2.3127077500542404e-06,0.3253954911179317,3.300729452122635e-07,-0.34892531802256715
62418.21821827642,3.5740775980644267e-06,-1.652891102995814,4.9695678753499045e-06,2.2644415409042056,5.501992285682796e-07,0.5061787936744897
62418.41841866602,4.677010652348317e-06,-0.9266065773838966,5.732704734094202e-06,0.9411042439341294,3.026266399176032e-07,-0.1577370258573674
62418.61861830955,3.6025611561125492e-06,1.339611346481652,3.4682938550723567e-06,-1.3379065005263542,2.9525822195292563e-07,1.2177041140911722
62418.818818699154,5.582520351287318e-06,2.0620711240016787,4.557573596012087e-06,-1.7173863273510455,1.7105375471135711e-07,2.5323624755774974
62419.01901908875,2.6074940803286748e-06,-0.5225654094736218,2.0864950709977777e-06,0.5974264356661411,3.1865494180276e-07,1.1797597079156181
62419.21921947835,3.2028784821415955e-06,0.5643338917698126,4.3621041036121485e-06,-1.059434603366914,5.629774867202233e-07,-1.079845695421471
62419.41941912188,4.791387078316684e-06,-2.426245474824107,6.919559125113138e-06,2.5474553396558046,2.0289204512212592e-07,-2.119218666341539
62419.61961951148,2.0940995711175997e-06,0.7683677100011753,1.8432225506252393e-06,-0.4123667281616264,3.2214356148422295e-07,0.8987973868042022
62419.81981990108,4.626059779253692e-06,2.3135887823293597,6.344073850718706e-06,-2.5894845232570414,1.1165242182491862e-07,1.0324016355954537
62420.02002029068,5.0634262966232835e-06,1.700940431684279,5.3283053727646496e-06,-1.816332978678378,2.2292389084334694e-07,-1.9330354979311546
62420.22021993421,2.4684976426314134e-06,-1.8276847450953806,3.0953718806034764e-06,2.234559184808706,3.247153767262467e-07,-1.0084670560140363
62420.420420323804,8.525430785659032e-06,0.6571496850630916,8.147839289524108e-06,-0.5602038620343296,7.035798256923456e-07,0.22435662160290257
62420.62062071341,4.097913758775829e-06,2.4488005443125305,3.664825040872472e-06,-2.4486858349191922,3.2542478894148667e-07,-1.8828099741556128
62420.82082110301,4.381674369113882e-06,0.23072972109405848,3.6510028863119728e-06,-0.13170988727668664,8.596401056857309e-07,-1.301276708655095
62421.021020746535,3.185716376928673e-06,0.7515126933762073,4.000099753686419e-06,-0.6965189402090289,3.2301409588116717e-07,-0.678993273672254
62421.22122113613,3.219893953654718e-06,-0.5243535930313341,4.458605347947307e-06,0.4197598627395428,4.845408146233103e-07,-0.3954964190659275
62421.42142152574,4.1962187708021705e-06,1.742103952572739,4.4869797738082556e-06,-1.9288322804475617,3.471369135660542e-07,0.9442441417683332
62421.621621915336,9.79713353654565e-06,1.11603667157578,1.1397660965592725e-05,-1.0863854210884218,3.2872447605425006e-07,-1.8471969470264638
62421.821821558864,8.036477495072625e-06,0.13255095958086682,9.81542715249402e-06,-0.19987080294912377,2.8029813005142113e-07,-2.176588600166035
62422.02202194846,3.472594166874681e-06,0.3427594635194185,3.4129012098220578e-06,-0.14011525994926227,3.8311378919041833e-07,1.723532579650576
62422.22222233807,3.1214978411559542e-06,-0.634946626815285,2.898283362668266e-06,0.6623122461798402,6.426052753395631e-07,-2.4021007909177885
62422.422422727665,7.178232315460147e-06,1.7838488251697027,8.138261603691914e-06,-1.741991718734532,5.065556809309855e-07,-0.49359416466101697
62422.62262237119,6.64816212488069e-06,1.2566165318091451,8.30080318008563e-06,-1.161859805010992,4.231808418216247e-07,0.1943738288204553
62422.82282276079,2.60879688421032e-06,1.0729345765691354,2.85964444863847e-06,-0.8133701093762798,1.6838136861365614e-07,-1.8724737226779278
62423.023023150396,3.335943967261179e-06,2.865319296894106,3.942735845712187e-06,-2.6813030778350027,3.816744928571663e-07,-1.657587037551568
62423.22322353999,1.7851693318684626e-06,1.184680637072864,2.6119457803270136e-06,-1.048830269351215,1.4305355497567142e-07,-1.410279050105963
62423.42342318352,2.712000468791393e-06,-2.433852356482284,3.133542625885738e-06,0.4736326446651101,1.3256296588003076e-07,0.037753850753026424
62423.62362357312,2.7806842249829862e-06,-0.3682043128904716,4.295210182388105e-06,0.4063663867941227,3.449403359308312e-07,-2.0037907223967557
62423.823823962724,3.6457113612584866e-06,0.9917059414958775,2.56160204836348e-06,0.026475895860776963,4.069121405602691e-07,0.5108523106534825
62424.02402435232,5.4135380199259975e-06,-0.7387832341968421,6.330366338314293e-06,0.5855710935774567,3.6892579898004477e-07,2.0582635675265184
62424.22422399585,5.863823044151879e-06,-0.014836441698161468,7.685483600231219e-06,0.08420908464601277,9.332480025080298e-07,-0.9847865673926827
62424.42442438545,4.3211891308163504e-06,-0.09080788509910484,4.349602224431306e-06,0.30604401558055544,7.917627168526297e-07,-1.3999837115663702
62424.624624775046,1.016751347128912e-06,-0.7425117790423956,2.082387560207758e-06,-2.420108998018293,2.0886970653904196e-07,0.17187955787532688
62424.82482516465,3.5066722934074097e-06,0.6132660637394832,2.9988199104881057e-06,-0.43657763160000324,2.784248547340194e-07,0.16513145406082783
62425.02502480818,6.287188676518409e-06,0.11873841327964899,5.80255106700505e-06,-0.14080336367196578,7.643084276861956e-07,1.4200152697209762
62425.22522519778,3.1063004491041953e-06,0.3985863987811078,2.83893164151002e-06,-0.07750827713057629,3.17730207565499e-07,-1.0056399744986857
62425.425425587375,4.181894218485067e-06,-1.8405606505406085,4.916752348356382e-06,1.6831827110097686,3.9542367524807183e-07,-1.9786016943636815
62425.62562597698,1.7855392880857071e-06,0.10153642348013968,2.705172676892297e-06,0.0013189706646987626,1.9457680082171132e-07,-1.9408254053778078
62425.82582562051,7.459402019488961e-07,-0.6714279144785452,1.5429285712571995e-06,-0.3033385137011166,4.7501341129647493e-07,2.210929125537752
62426.026026010106,5.867355955022218e-07,-1.2491172121450826,1.3583132282779218e-06,-1.2402131107120866,4.810873286701827e-07,2.040709273217374
62426.2262263997,3.938811952082934e-06,0.04868878780553938,3.797084467410664e-06,0.0034903060210256594,3.9085539117370116e-07,1.9568903020032344
62426.42642678931,5.343279580294418e-06,-2.740656908973213,4.502209716951319e-06,2.6414736891345276,3.1677221857105876e-07,2.2664887969233134
62426.62662643284,3.337312062818568e-06,0.711952958795545,3.951808663522525e-06,-0.5348464770529565,2.2716763681371018e-07,-1.4947499178782317
62426.826826822435,4.36844730529238e-06,0.9836362030220189,4.425254845319209e-06,-0.9880417868305683,5.237745727933862e-07,-1.417391069806936
62427.02702721203,3.0730685115834135e-06,0.6545843866843634,1.751794607167008e-06,-0.6313296756340429,5.677008656139051e-07,-1.3790814762613115
62427.22722685556,3.4134142281487828e-06,0.12325873436880402,4.499583705027935e-06,-0.22620088820451956,4.343541579755745e-07,-1.5617272738082837
62427.427427245166,3.5933006884789064e-06,-2.0695567889355617,3.2046789923229512e-06,2.0828883754242855,3.48058010140947e-07,0.1871465318407599
62427.62762763476,3.477278877007172e-06,1.2633159008222303,4.446605885634525e-06,-1.4926758346610007,1.9964556791015318e-07,-2.169141619702931
62427.82782802436,3.7776480320536115e-06,0.794222231006738,5.299227490252686e-06,-0.8337347132786549,3.081040121606901e-07,-2.0454938157602505
62428.02802766789,3.6922170611858856e-06,1.7691996766481437,3.7172813596416823e-06,-1.8142113876440924,6.09213017872228e-07,-1.9976358938015901
62428.228228057495,4.056947115445397e-06,2.6072106657211265,4.675572786676897e-06,-2.6367132253343306,5.896742899573938e-07,2.5388389293546196
62428.42842844709,3.246234281225318e-06,1.410901174648571,4.435198584690577e-06,-1.1766723294295611,3.6053405862460857e-07,2.5523678936322622
62428.62862883669,3.9705710052613346e-06,-0.09349878022484166,4.117835926384792e-06,0.04680181947624454,8.774799137566891e-07,-2.7428194843057363
62428.82882848022,2.484425293919279e-06,2.1008712514474377,3.2559683609782047e-06,-2.20524771541437,6.256905210573982e-07,-2.2523389141477046
62429.02902886982,5.84771169045762e-06,-0.2775394132017711,5.84128778612623e-06,0.18356106781310189,3.2579426773701525e-07,-1.385647943961806
62429.22922925942,1.8616527460342161e-06,-0.7770903540226393,2.793000193421474e-06,-0.21702114321416058,2.2080454353564347e-07,0.9058564587310668
62429.42942964902,3.5337788973934904e-06,0.9425476843919485,4.939129424406959e-06,-1.0377558547014052,3.4886686175569725e-07,-0.7046806986504561
62429.62962929255,1.8961663865353377e-06,1.7026393374749687,3.496967933473593e-06,-1.8030448139508737,3.250652481305213e-07,-1.262008673083188
62429.829829682145,4.445903832264424e-06,1.0029197378961816,5.980902224825012e-06,-1.0507881036622055,1.058814907297342e-07,0.3443646333395133
62430.03003007175,5.321576936355339e-06,0.738346886052711,6.34976395373136e-06,-0.5250526087347981,4.736814361669777e-07,1.6521306530427053
62430.23023046135,2.12521203667115e-06,-2.020131485766449,2.072333836099922e-06,1.685232175413774,6.377346813387327e-07,-2.268231793115969
62430.430430104876,2.3139621859557705e-06,-0.3336746500853393,2.8223652654247103e-06,0.3172925790443529,5.886055849234711e-07,0.16207523337294105
62430.630630494474,3.926267293011768e-06,-0.6122836505916408,4.915912611698925e-06,0.6898765017027673,2.589420810538734e-07,0.7475324926436335
62430.83083088408,2.0057803758043005e-06,0.4848102639755732,2.7235987940256945e-06,0.5388993886958958,6.000730804995507e-07,0.48770074895216325
62431.03103127368,8.358052425219412e-06,-1.0558515022772061,1.0796687563169908e-05,1.0066347166368899,2.369172230439135e-07,-2.0622704393705766
62431.231230917205,8.132948385501961e-06,1.307572222507633,9.697949500383677e-06,-0.5440770031851753,3.043203522365633e-07,-1.857475015827097
62431.4314313068,2.577624344194192e-05,-3.0623029906359553,3.341197218885787e-05,3.042596374625405,1.894044041212125e-07,-1.9459259159539806
62431.63163169641,3.6846100795113518e-06,-1.204064939921582,4.494112093170976e-06,0.4234782300133738,1.253755451658633e-07,1.3406754040758158
62431.831832086005,3.970242121622548e-06,0.5364239289944804,4.660731824641664e-06,-0.4801698998133041,3.1248870609695746e-07,-1.7603612930547172
62432.03203172953,2.603944108717225e-06,2.019597262238005,3.5047915639883675e-06,-2.605034545291993,7.703844764991548e-07,1.2541155127554822
62432.23223211913,7.6918847663608e-06,-0.5154738722730685,9.211817484189349e-06,0.6229760845130453,9.036151994191848e-07,1.1607439526008283
62432.43243250874,2.924005773088529e-06,-0.2542381392464769,3.737361761247891e-06,0.1162758509490809,1.879375370368957e-07,0.6418100593652224
62432.632632898334,2.7445131449165447e-06,-0.8885586677835856,2.653888116937031e-06,1.0181877338188923,4.2181735030705926e-07,0.6805840318943387
62432.83283254186,4.620565906666506e-06,-0.775630309782801,5.46350975411992e-06,0.6981943230662335,4.489425067503224e-07,-1.824643793224601
62433.03303293146,9.45522649878048e-07,-1.1810047144962619,3.309921180956938e-06,-2.3460617082637345,2.52067098246356e-07,-1.7344904893038966
62433.233233321065,2.391468404386171e-06,-2.0744151523734526,2.4357162870765643e-06,1.599950574610866,5.683166269644323e-07,0.6729148087199652
62433.43343371066,7.82434158019269e-06,0.5796323815421344,9.94399723623699e-06,-0.5056119211314378,2.922550440290785e-07,-2.399461412211737
62433.63363335419,2.704823685507246e-06,1.5413704180317973,2.748334806254152e-06,-1.8871697226476374,4.92206720767631e-07,0.11087777529185523
62433.83383374379,1.1530177552541653e-06,0.9253746675911844,1.4905198992960766e-06,-1.0492091709096536,2.139519148702712e-07,0.45336206100694487
62434.03403413339,3.941919983242689e-06,1.021876009196392,4.692079559269614e-06,-0.9622499820713163,5.437546413960045e-07,-1.8460256234794932
62434.23423452299,5.9463833759364134e-06,1.091005949298549,7.298019250760745e-06,-1.0797639541513624,5.698602552574877e-07,-1.8783775109299363
62434.43443416652,3.571670007020469e-06,2.2167436352367864,4.244070949341272e-06,-2.159623400918481,2.64291773115872e-07,-1.8849390815987794
62434.63463455612,3.838145167507259e-06,-0.011096735547060503,2.64455536715611e-06,0.20842765739453173,1.8112791141337204e-07,-0.7420808608618047
62434.834834945716,3.496004084258678e-06,1.8941382345668243,5.055741297002275e-06,-1.9128675552830736,2.4142550435484106e-07,-0.8359161496739886
62435.03503533532,2.684472329753448e-06,-1.1316911357188193,2.9806911978175272e-06,1.2924159617339472,3.2225275651300064e-07,-0.2611779879305563
62435.23523497885,5.967790271853167e-06,0.47357233726204323,6.863547923250585e-06,-0.43210626852879036,2.769678831942959e-07,-0.3968886950925093
62435.43543536845,4.715831087679781e-06,0.6616002103079899,6.327999909411162e-06,-0.7968313290090866,4.269130903249488e-07,-2.3500284792299677
62435.635635758044,7.252450989035784e-06,0.42850916659394234,7.282246251052055e-06,-0.41119411439886433,5.034105299066292e-07,0.09200437699493744
62435.83583614765,3.6954467041150773e-06,-0.30828093149122476,4.640067246366237e-06,-0.5719574868428763,2.2026642504005537e-07,-1.0981038443032112
62436.03603579118,4.924972485386935e-06,1.0715679421354232,6.664370933636117e-06,-1.1423521507289014,2.863432257364675e-07,1.4763244786601244
62436.236236180775,2.5374785143398885e-06,-1.6739231943762936,3.9412167076216335e-06,1.6304098360821015,5.047450621309263e-07,-0.5077056105969994
62436.43643657037,2.8262923083003947e-06,-0.81986426021736,2.6319652538471723e-06,0.8928702072726521,8.45521353508129e-07,1.6403029683214578
62436.63663695997,1.4946482874705473e-06,1.1548648590933988,1.5018894864668513e-06,0.5016645454019466,6.974905890848476e-07,2.819832346508761
62436.83683660351,6.886995376173599e-06,1.6018672227615238,5.670416188972342e-06,-1.6991818300835482,1.7534367992521481e-07,2.1670096379536656
62437.037036993104,1.5931511613844283e-06,-2.452253099454722,1.087815083070768e-06,2.6304209468634254,8.382271553196501e-07,-1.0023308980164645
62437.2372373827,3.6643591379693343e-06,1.0082977902010015,4.265234118474788e-06,-0.5649283779083525,3.610258090618145e-07,-1.6204739317507733
62437.4374377723,3.5815354371992895e-06,1.4961041897786154,2.936885633527036e-06,-1.2555867181509432,1.880679425682248e-07,-1.1820174433797066
62437.637637415835,2.9610342800563382e-06,1.4160554902716374,3.0447906607761118e-06,1.14953001145235,3.045352454983659e-07,0.7909727792340339
62437.83783780543,4.760180378680145e-06,-0.9336549092238102,4.5320538544802625e-06,1.2322803441289436,1.2004774811605013e-07,0.3582964125600809
62438.03803819503,5.743929984129158e-06,0.8402952234924431,6.481931403757052e-06,-0.7739402718132681,5.472163300969903e-07,2.413344077691534
62438.23823858463,5.642848688649352e-06,1.007343226369996,6.566230355839915e-06,-1.0408566905024446,2.2084938128363965e-07,2.874474054257894
62438.438438228164,5.8644298634990444e-06,-0.9399715612864153,5.782750307397685e-06,1.1656078001707286,3.410527848305605e-07,1.2182118126057089
62438.63863861776,5.240910175970456e-06,1.9642045871616196,5.891646688400045e-06,-1.4757650581357862,1.7656580332672689e-07,1.176779475655556
62438.83883900736,6.999878500074853e-06,1.636393328462863,8.039805174731588e-06,-1.5055543052033082,2.7616451669903906e-07,1.343819579966648
62439.03903939696,3.6746794653962773e-06,0.2652405722352287,4.0254173794533e-06,-0.5946404280070499,5.943699360924491e-07,-1.1234597742587562
62439.239239040486,7.221202159336907e-06,-2.8458612909441867,6.570214401498576e-06,1.0085140379953574,6.562096690820533e-07,1.1963060222784947
62439.43943943009,4.233839497567602e-06,-1.0718091380726333,5.691825294480562e-06,0.8862813801960754,6.779185440071759e-07,-2.607960950881873
62439.63963981969,3.1366797716779905e-06,-0.8590858992449589,4.529515416734409e-06,0.758174766776743,1.9384569703642412e-07,-0.5734384762983938
62439.839840209286,1.5927695075676114e-06,1.380135598454281,2.781917337948244e-06,-1.64938210556641,6.049895981318021e-07,-2.1715028471030875
62440.040039852815,2.4807589689311656e-06,0.28269439730288826,3.947364350016739e-06,-0.5595789968240857,4.2414259566324e-07,1.429714899466887
62440.24024024242,3.514670382607326e-06,-0.21097813035417,4.782315156502613e-06,0.4110224473275341,2.858530306472651e-07,0.5984773211088711
62440.44044063202,4.521271153175971e-06,-0.07717454326444106,5.359783433128524e-06,0.41418689009180765,2.9869451679473375e-07,1.1955788699757635
62440.640640275546,2.643572855415761e-06,0.9709048526138551,3.434751761887117e-06,-1.3267667468487714,3.294791074192456e-07,-2.9249666608210774
62440.84084066514,4.723623125331301e-06,1.7851719942825517,4.246343289013481e-06,-1.6185079550208714,3.9678705685448515e-07,-2.113833376688379
62441.04104105475,7.486353363606029e-06,0.7193194390423967,6.415419117605639e-06,-0.600226136864282,1.2189476993143997e-07,1.574777984814987
62441.241241444346,5.65167152677448e-06,2.110297103966985,6.941902026397479e-06,-2.1452893000910827,5.77697507427556e-07,1.9463475075969572
62441.441441087874,2.8076449595340824e-06,1.7741934485988107,3.7493450009442774e-06,-2.5123412289982734,2.078537855957805e-07,-1.230782783884068
62441.64164147747,2.218377117753672e-06,0.9109525767158684,2.7311414881813787e-06,-0.4075875615034402,1.6828295126956295e-07,1.7083033898847988
62441.84184186708,2.6803355741074195e-06,1.0569856457460223,2.9430724131582656e-06,-0.8111679282044945,4.241450245694992e-07,-2.2875563572026194
62442.042042256675,5.057441860630419e-06,0.08875376014886215,5.629335513413197e-06,-0.3248575861619043,5.5194398554926e-07,2.453338732959283
62442.2422419002,3.1278382792396154e-06,0.8296161120761905,2.878597166568927e-06,-0.7512358465034759,3.014341974658307e-07,-0.5246155218418609
62442.4424422898,3.341775794237851e-06,-1.4278709389388144,3.5176836655592553e-06,1.1032562818545717,5.725002163652897e-07,-2.494445706966592
62442.642642679406,5.9001722686585e-06,0.45179405088943964,5.3545619286275476e-06,-0.22491134388735945,2.4240896776492816e-07,0.9871079879060266
62442.842843069004,3.5555205720737107e-06,2.6990733618708433,3.6798193304517137e-06,-2.480910365545192,4.2373986808973727e-07,-2.2799076031653382
62443.04304271253,4.035896527371407e-06,-0.8425955755204291,3.3126934445742028e-06,0.9012703094800989,6.479515041410736e-07,2.6227708426964735
62443.24324310213,3.6818056494558364e-06,1.1140613656302962,4.0406167916693936e-06,-0.9371977835365107,2.229295257626938e-07,-0.9110685228190197
62443.44344349173,4.427163704678814e-06,0.34526176915488427,4.269543421536975e-06,-0.35329822223948076,3.897634722947916e-07,-1.3260883662750282
62443.64364388133,4.0863771329858e-06,1.191164106980177,5.967552967615829e-06,-0.97739768535595,2.7916744549611903e-07,1.325832937056283
62443.84384352486,1.6764924083881047e-06,0.853819796180386,1.964101321428416e-06,-1.2339343526778535,2.782891275379998e-07,1.8777800144970938
62444.04404391446,1.157739646131112e-05,2.3676068318763384,1.3689014938712834e-05,-2.3341521871469597,5.229191448351713e-07,1.2800023024945502
62444.244244304056,4.501512338393335e-06,0.6699102699301047,5.751659571389351e-06,-0.624270150982281,1.548659057657076e-07,1.6615246846606637
62444.44444469366,4.315787115315217e-06,0.7446177291532228,4.098713422265671e-06,-0.6125772469909477,4.564123879343094e-07,1.0416566943304637
62444.64464433719,3.952052400637076e-06,0.29731762912894827,3.461726733600822e-06,-0.46580647278846693,5.87964006343999e-07,0.25547172769829496
62444.84484472679,1.2286050900252581e-06,1.7206383844898248,2.2086676365637665e-06,-1.267330162042206,3.083434000326236e-07,-1.6003912366992583
62445.045045116385,2.25444123130521e-06,0.7338648861518771,3.6683726805342647e-06,-1.0780580392572146,6.45370195379105e-07,-0.5987738703290766
62445.24524550599,5.992020861929525e-06,2.0513905871383455,6.399761009779681e-06,-1.956188582740373,2.483680669519417e-07,-0.9403501220276106
62445.44544514952,5.323266647288542e-06,1.9251261559513027,5.657876406109413e-06,-1.8801214023869282,7.980351301435087e-07,2.3366502130921925
62445.645645539116,7.036157835667905e-06,-0.3629852332072515,6.155286215728849e-06,0.08509169939860048,4.527669545829141e-07,1.6441049775860181
62445.845845928714,3.4505372790596956e-06,2.648325946452668,3.827166304237513e-06,-2.3623149781139636,2.884208711746036e-07,1.502084876938366
62446.04604631831,2.1414158460176043e-06,0.13236445054336582,4.139360671366239e-06,-0.901628897695721,4.4024388044729324e-07,2.1064014327078238
62446.24624596185,1.749024262593587e-06,-0.37142848060448136,2.627648789705138e-06,0.060176260809417716,5.30241413802761e-07,-1.3485382505905088
62446.446446351445,5.368283658968434e-06,0.6449667919628727,6.940766325675374e-06,-0.5788139341948615,2.466197861075736e-07,0.4113739136772529
62446.64664674104,4.394883722506149e-06,1.9583709917072123,4.095605951096827e-06,-1.6161841889155524,3.2660832918594577e-07,-0.36316187778915293
62446.84684713064,6.765131164454433e-06,0.8625374324245664,6.747328747061461e-06,-0.5967841428525991,5.10015399504545e-07,-1.6315860742778572
62447.047046774176,3.428986631065551e-06,-0.8574344842879357,4.244581180516265e-06,1.519146633807245,7.253953276307642e-07,0.6046393151348745
62447.247247163774,2.9166381977151268e-06,1.5814971512771074,3.3250841163153924e-06,-1.5399652685880783,1.256293212322436e-07,-1.4589461515557705
62447.44744755337,3.10278869670532e-06,-2.542555318303614,3.841030074474158e-06,2.4995634171238605,2.2668154225520742e-07,1.3516781041676709
62447.64764794297,3.0826821631437287e-06,-0.7361457825138181,2.457882866563258e-06,0.2797584019106173,8.675567314655376e-07,0.7255943026023197
62447.847847586505,1.943627417901617e-06,1.2522158135866401,2.112813291992829e-06,-1.300553910778257,1.12146910154232e-06,-2.464130347782614
62448.0480479761,1.2267779444149607e-06,-1.5101683990322448,1.4645487162388887e-06,1.1952006478404114,5.746723867155658e-07,2.4196126414134307
62448.2482483657,4.220114937160473e-06,-1.0076839162792024,6.842489688804591e-06,0.5227728082891979,7.568103609153842e-07,-2.0180043265959675
62448.4484487553,2.519336864047158e-06,1.4001794555548708,2.317340342363751e-06,-0.9624081155773404,6.41487768976862e-07,-2.2675562226780834
62448.64864839883,2.3657846893851714e-06,0.9808637355305806,2.1797786169461627e-06,-1.091675524827875,4.2342464065358276e-07,-0.07768203616748798
62448.84884878843,3.7398129894102686e-06,-1.1952806114362244,3.962957827376987e-06,1.2154307548339476,2.664371603797409e-07,1.3704521984099576
62449.04904917803,3.672082425017685e-06,-1.4833886301997914,2.744987719061909e-06,2.088418000909689,4.77283304340181e-07,0.5111983490999503
62449.24924956763,5.46806318832077e-06,-1.5820456478363736,5.738529473580997e-06,0.6200587019870618,1.595930349450749e-07,-1.0280209937782105
62449.449449211155,6.464688584082541e-06,1.0527859378915692,6.832394702450875e-06,-1.019683923463146,3.559343111446986e-07,1.0161216177999925
62449.64964960076,5.769216675203498e-06,1.2193516525776313,5.770082221990356e-06,-1.412490191543427,6.082627741302904e-07,1.9691070240676352
62449.84984999036,4.217127526759073e-06,0.6018611589048134,4.473809793541923e-06,-0.6581047091968428,7.437785464395712e-07,0.5323360813602002
62450.050050379956,7.261726288199519e-06,0.8298165536655147,7.995821883538563e-06,-1.0767863284030772,3.6771629338329116e-07,1.77073170995732
62450.250250023484,2.197917489717795e-06,0.9913646490788324,3.287683929447019e-06,-0.509759675857078,4.936376715596488e-07,0.7565376489227712
62450.45045041309,2.318047814865364e-06,2.11061968647263,2.967886467746196e-06,-1.9716866638110149,3.5698594418327953e-07,2.0832104540583094
62450.65065080269,5.9056778963810855e-06,2.0188379472352933,6.2087516433496135e-06,-1.5463291661240839,7.490079620130607e-07,-1.3624279385461822
62450.850851192285,6.363759456118843e-06,-2.054380608065587,7.294743854004784e-06,1.4848184447068058,2.7187860180587607e-07,2.4683130748471585
62451.05105083581,3.488757111543927e-06,-1.729741692385185,3.1101833796024334e-06,1.8585117684122943,2.400242843958689e-07,-1.5123016412372667
62451.25125122542,5.6577658352825364e-06,-0.9996219097635917,6.431011569693741e-06,1.2193999129023274,4.5673874229849345e-07,1.8461736729460365
62451.451451615016,1.368569544229222e-06,0.6512334859869643,2.4429000453734047e-06,-0.6314998803566797,1.757389979305217e-07,-1.2182438591865015
62451.65165200461,6.059471998548252e-06,0.975311410723824,6.880930065541069e-06,-1.0420661668499394,4.310049697754285e-07,-1.938817754915839
62451.85185164814,2.135882095681022e-06,-1.9910774926062726,3.1485748811828287e-06,2.1890639250472144,2.3821730890015118e-07,1.2018852405280342
62452.05205203775,1.7807799679879284e-06,1.7084659083385327,3.043746068820752e-06,-1.7202536921991756,2.3539768814385495e-07,-0.9598512709376869
62452.252252427345,6.125518684423175e-06,2.057784245884658,7.86852059832381e-06,-2.098782552317895,2.1813177751810673e-07,1.794365966740244
62452.45245281694,2.324659491123211e-06,-0.2445121842771578,3.681828539544824e-06,0.47680400118109334,7.145446281739826e-07,-2.543389124668476
62452.65265246047,3.7541839924570657e-06,0.8695297453338942,3.0520783626748947e-06,-0.5675971763937079,2.784742790105167e-07,0.04747307830159223
62452.85285285007,4.044632604648469e-06,-1.6285407578861848,4.960973873160797e-06,1.428612815479968,3.575214565162893e-07,-0.16959860629167398
62453.05305323967,6.422920345226267e-06,-1.1381602024074944,6.544586186320557e-06,1.2859155996593985,2.651706057805347e-07,1.2985109807489714
62453.2532528832,4.1270251918500925e-06,1.6140885422346025,4.715046520421513e-06,-1.7441290922061135,3.8255102375745434e-07,1.4891915849742474
62453.4534532728,4.622415051399767e-06,-0.20145557469660894,4.978578776442435e-06,0.15246320228593233,4.539428017651442e-07,-1.328979804797718
62453.6536536624,7.65281471898734e-06,2.547363103195452,7.993844272203787e-06,-2.555593706583746,2.1213145355724456e-07,-0.8064414598557709
62453.853854052,9.234034064900513e-07,-1.2757888276330078,9.172518886803045e-07,0.4883835515201561,2.849138234509465e-07,0.32903461310763676
62454.05405369553,3.2632831446729757e-06,1.5981823174837853,3.609171955584349e-06,-1.5159118186026783,4.3899362089730096e-07,-1.4090522272579198
62454.25425408513,5.70159937932566e-06,2.2783019717070885,6.214641524095974e-06,-2.101990773140196,4.0923520284138434e-07,-1.2995715060463018
62454.454454474726,1.8560175014601648e-06,2.0725125284101265,1.865054673466491e-06,-1.675580101256664,2.426844240651987e-07,-0.527106477368411
62454.65465486433,2.543974701470353e-06,2.188003706742486,2.0219343570359808e-06,-2.191648165606369,2.6486052198982734e-07,0.8341458902744072
62454.85485450786,4.729467662683556e-06,-0.4960948266963947,6.128042148941846e-06,0.7162454238694757,6.31297107423616e-07,2.2663196467877817
62455.05505489746,3.036821324983369e-06,2.1878356372516574,4.134123355039002e-06,-1.9959806480310796,9.056530889264596e-07,-2.7031147881914883
62455.255255287055,5.236020422425723e-06,0.8265648484755745,4.596127088928219e-06,-0.7881865147828512,1.145898836838263e-07,-1.050796819097595
62455.45545567665,7.55898259415252e-06,1.3258947591645132,6.6065302830105846e-06,-1.4160465664734156,3.788375431051552e-07,-1.7005083686488514
62455.65565532019,6.019518978440155e-06,2.639516308197089,6.278708112080345e-06,-2.6704825272719854,2.633039092647482e-07,-1.46579927898568
62455.855855709786,5.503736290860523e-06,0.07238242914964547,5.723647437974519e-06,-0.11452243367763595,1.6782745565332985e-07,2.180177303872197
62456.05605609938,1.8463645784197623e-06,0.02792102882450158,1.4683376819908174e-06,0.13499516622902116,4.7189181184037953e-07,-0.7997098869567741
62456.25625648898,3.7982682557367512e-06,-0.01110570963444508,5.206389306547707e-06,0.4244636691703916,5.960475644196364e-07,2.461167937426384
62456.45645613252,3.5069475192301096e-06,-1.932972941709751,3.6274094133139387e-06,1.8514591316573146,6.78992719798533e-07,2.093041850320113
62456.656656522115,2.8688211925522e-06,0.6613323165197212,4.419640778974214e-06,-1.0819425730436518,5.247096461742272e-07,0.5312051376737329
62456.85685691171,8.859962430418514e-06,2.549618823049378,8.61949690932986e-06,-2.587835266103998,3.731072070841199e-07,-1.8150546986358806
62457.05705730131,7.393767479014978e-06,0.7419202018985366,8.065333244419262e-06,-0.7802507874723493,1.6417969052849236e-07,-0.6495004951155854
62457.257256944846,4.057144612647027e-06,1.8194871227548888,4.802876375075743e-06,-1.6094159486424109,3.6075850880530805e-07,-2.677700519436859
62457.45745733444,4.83777028018196e-06,-0.8938094438383329,4.9430099385535235e-06,0.8915079616571353,5.018199469087085e-07,-1.9594638049912982
62457.65765772404,4.98930774232196e-06,-0.21548642480085684,4.957973817211107e-06,-0.21367623536017674,5.405231674089819e-07,2.2859574386336257
62457.85785811364,1.22653580573062e-06,-1.436587000274273,2.5853345584658485e-06,1.7708322130580574,4.557537931602594e-07,0.8566202469074029
62458.05805775717,2.44066230548712e-06,2.210893853082262,2.8641614765298297e-06,-2.011179604780916,9.848582804919978e-07,2.0918451031286245
62458.25825814677,2.209096703526683e-06,1.335829811867979,2.9931140230698217e-06,-1.7065340194871856,5.587790770856296e-07,-1.0593534380544558
62458.45845853637,2.205058663358959e-06,-0.8244639048243964,2.1674553917197155e-06,0.18920322826411864,4.195991160568111e-07,0.9948714480295148
62458.65865892597,1.7864499426503278e-06,-0.6065099001420692,1.913235523271196e-06,0.6197404621016162,2.7675009335019233e-07,-1.985862410956056
62458.858858569496,3.934084810574526e-06,1.4319532978807252,5.521211630323533e-06,-1.0870905582677122,4.03392524004274e-07,-2.1992971405736386
62459.0590589591,2.739225627015237e-06,1.5363144339336876,4.265964021159079e-06,-1.5363415363889998,2.623252107543666e-07,0.04188924227860511
62459.2592593487,3.114987377078139e-06,-1.167538560079798,4.597605595996007e-06,1.2216125841054306,3.9648493330284293e-07,-0.6308173326211615
62459.4594597383,3.834395077775567e-06,0.4831766923207743,4.730338973680434e-06,-0.4436405048868444,3.82350001555318e-07,0.7973951354985834
62459.659659381825,3.611081452023306e-06,0.5414426575234076,2.9196881959603548e-06,-0.4142325974729952,6.119617146843447e-07,2.3473061808998095
62459.85985977143,3.19857987255348e-06,-0.6263264059985253,4.1727575987119666e-06,0.5590196480873745,7.9753227754748e-07,1.762717420093351
62460.06006016103,5.7024398124859985e-06,1.8797025078708134,6.7031708492102845e-06,-1.7971287806768248,4.0487400762405473e-07,-0.9134233258196147
62460.260260550625,7.424678154795687e-06,1.2749562522816063,7.901333803822216e-06,-1.4128324299248995,4.5753959794224784e-07,-1.1165016705331183
62460.460460194154,4.4480702402909536e-06,-1.6950254926870894,3.1766208671401918e-06,1.481325756810101,6.226461433103517e-07,2.6584815041451018
62460.66066058376,3.289857167961106e-06,0.5269001510969189,2.83864593022538e-06,-0.6522857217670035,3.3577149967881954e-07,-1.3041091186763083
62460.86086097336,2.980488460951823e-06,1.9703157827586066,3.815379856710156e-06,-1.8902831215340647,2.873755956639649e-07,0.7183407452509173
62461.061061362954,4.911997065346101e-06,-0.7380923914488741,5.966153687114573e-06,0.851692852878296,2.540453447859395e-07,-0.7331992436212834
62461.26126100648,2.8185047394052457e-06,-1.7670780369781094,2.8241786617696417e-06,2.0256647482614913,4.758181648735693e-07,2.909860710287941
62461.46146139609,2.4964896119030035e-06,0.7478299317578622,3.6579996511085465e-06,-1.2182925301298777,5.806881998282177e-07,-1.6009235468756213
62461.661661785685,4.822404577193329e-06,-0.19842175813291119,4.338896784050438e-06,0.32031472603276745,5.524226360734058e-07,-1.2688964571202892
62461.86186217528,4.209832621025408e-06,1.7596878701950303,5.140286943157295e-06,-1.8166353434195113,3.73640673668089e-07,-1.1018768894265414
62462.06206181881,1.4072366629225598e-06,0.5674905851645073,2.658988514166592e-06,-1.0699672544661538,6.147595477718989e-07,1.1767495633237515
62462.26226220841,1.732745064485469e-06,-0.2951550328205664,1.7248289917307652e-06,0.5435037148174323,3.265284928650118e-07,2.529754231825821
62462.462462598014,2.9571688161120766e-06,-0.21057609554130963,2.8184910759944913e-06,0.17053998186676336,4.994242072389966e-07,-2.998817058681703
62462.66266298761,4.192075099564508e-06,-1.4902858187733445,3.022010215399474e-06,1.7767393779676601,5.01988030682021e-07,-0.7681169168085737
62462.86286263114,1.8459251681540092e-06,0.5820886103826477,2.3770167269467463e-06,-0.9843645815972827,9.9331341350247e-08,0.51700768414372
62463.06306302074,2.082532242895606e-06,0.25698203502383593,2.745836012909626e-06,0.35633267601676993,4.577982736334736e-07,2.717726963117384
62463.26326341034,5.386682715903455e-06,-1.1449076276666021,5.12936258384662e-06,1.157637853508546,4.986703675453551e-07,-1.7493929732513753
62463.46346379994,5.872336491812277e-06,0.30963064492592146,5.589600855872272e-06,-0.48248317552319125,1.7221633920687392e-07,-0.0990442779591873
62463.66366344347,4.252020609965435e-06,-0.014760719543648576,5.158765109224036e-06,-0.1832439050759186,4.288617474494234e-07,-2.3645772948945463
62463.86386383307,4.126562071983428e-06,1.371523892835145,5.6716139414886776e-06,-1.32149966793755,2.0200316460608977e-07,-2.8624279926019756
62464.06406422267,2.1112341005079867e-06,0.7494004234070557,2.847813871105748e-06,-1.695081558254212,4.7156036572976136e-07,2.0849775005054703
62464.26426461227,1.7061776627669076e-06,0.3406247125932251,2.850886499753785e-06,-0.7906747725710078,2.4437161741856027e-07,0.3435458890455615
62464.4644642558,2.109937647875385e-06,-1.03849244914747,2.538388784376503e-06,0.9300496889069284,2.921869066385097e-07,2.196097395184314
62464.664664645396,8.010451039161001e-06,1.1703444036655648,8.780369946427026e-06,-1.3166856667422258,2.190779095047628e-07,-0.8625134015783308
62464.86486503499,3.649853365162478e-06,0.5353180794721996,4.180561642071031e-06,-0.32996057424372544,2.0568517402581187e-07,-0.7444829829914562
62465.0650654246,3.931556463702517e-06,0.5811320501122836,4.2317566008804145e-06,-0.6394284517373867,4.264540823639032e-07,-0.21642641910997573
62465.26526506813,2.7892450630518757e-06,2.0792693441462666,3.906197481276113e-06,-1.7500794288299335,2.996995119634398e-07,-1.2377079479075304
62465.465465457724,5.523176522952988e-06,2.29545440603096,5.789050936162124e-06,-2.1586770247204767,4.3593741612393915e-07,-1.8665534821626841
62465.66566584732,6.2372426097566554e-06,0.6735925157057769,6.708612279115485e-06,-0.9540512277012002,5.380798331848476e-07,2.5345493690664336
62465.86586623693,4.6886716164919415e-06,-0.4305526674656445,6.702429541003492e-06,-2.224989388586434,1.506466527262291e-07,0.42266936871435523
62466.066065880455,5.140367789103483e-06,1.9613923165639222,7.475508149561821e-06,-1.772136613623429,4.7401364578840396e-07,2.4944446647452203
62466.26626627005,5.5364963229788426e-06,-0.8761872199118056,5.855549338041763e-06,0.8620394432849539,4.1069878751403786e-07,-2.976396033715974
62466.46646665965,4.112791965335686e-06,1.2754412244006654,5.465237400024609e-06,-1.0809674059452357,6.375134936561983e-07,0.28967930454069496
62466.66666630319,9.14531422180321e-06,-1.3422253315793775,1.0836167433237896e-05,1.2509949593190457,1.8468339489898573e-07,-0.07803811857483738
62466.866866692784,5.132435315925569e-06,-0.23090734483222555,6.1111981622686364e-06,0.21215745613016054,2.3972296151253246e-07,0.46204696924506106
62467.06706708238,7.419911851796336e-06,0.2952929266814655,8.259819194641372e-06,-0.378703364834794,2.6557713111613663e-07,0.47929242903044467
62467.26726747198,6.66566485058598e-06,1.9746141304603746,7.226870200712197e-06,-2.1168492860413033,3.787286725387129e-07,-1.2526830488936096
62467.46746711551,5.170478782672833e-06,0.3022383321373425,6.777347634962684e-06,-0.3807748047579152,4.0618764823137754e-07,-1.3561620553264961
62467.66766750511,7.509245666247631e-06,0.7833589572867142,8.519949399360981e-06,-0.7991194840698159,4.4414733841110193e-07,-0.8085645154083408
62467.86786789471,5.367235241273834e-06,0.7953008753668438,5.456897582171854e-06,-0.8489613288794629,4.0225592644306975e-07,1.7373397209794565
62468.06806828431,5.91506475217091e-07,0.4055921167406847,2.359750409600272e-06,0.4211978638856778,2.492934253780544e-07,-1.3195323383915643
62468.26826792784,3.5384794288926033e-06,-0.17106432164365432,3.979853411187081e-06,-0.09765832439180254,3.023235064792218e-07,-1.0536515270150653
62468.46846831744,4.79588367375152e-06,1.368091333293055,5.6030596920240105e-06,-1.3625889213982856,3.587889421840855e-07,-1.7511617781555338
62468.66866870704,2.3837668014053846e-06,0.46672925972591545,2.5678150704813773e-06,0.22596143166454835,1.7634803738861092e-07,-0.5240175060963983
62468.86886909664,5.710569194472567e-06,1.5169018316845249,6.933147764128775e-06,-1.835654958963413,5.708964050329671e-07,0.7746201308101537
62469.069068740166,3.943883491706002e-06,1.398464790807134,4.208256579719715e-06,-1.3681693210620585,5.528806067885657e-07,-1.9642380330575737
62469.26926912977,3.941890525266338e-06,-0.44461761299598407,5.6781335430698e-06,0.10932549679247507,3.547617857082156e-07,2.148350923391468
62469.46946951937,9.510209605423955e-06,1.5573127303181613,1.009310751101098e-05,-1.5886581262861368,4.778843744228184e-07,-1.5289831311428173
62469.669669908966,3.264481235945077e-06,1.419580943164121,4.297869749184754e-06,-1.151373381386783,2.7130103991115515e-07,-2.8763367243458013
62469.869869552494,3.219279957276574e-06,2.1400952710150634,3.2299990937730255e-06,-1.6284957026318791,2.472075476292662e-07,-1.2950292414159683
62470.0700699421,3.640964273136952e-06,2.1478460383045825,3.5958947392070642e-06,-2.315061917172482,2.549170106474918e-07,-0.2111056147914259
62470.2702703317,3.125919246133169e-06,-1.691814567984477,3.0470961196304627e-06,1.459277410880589,3.759251688961469e-07,-0.2533160323439797
62470.470470721295,4.853050007057999e-06,0.6270409288544087,5.432423419448785e-06,-0.6435408668086293,5.358747350837008e-07,0.2841882138068797
62470.67067036482,4.070733246612272e-06,2.8170601502670434,4.581738184121178e-06,-1.7679875708213724,2.771961172472714e-07,-1.3985694126398511
62470.87087075443,2.8203832925444796e-06,1.220733709034265,3.2774696171489895e-06,-1.1520195738003107,4.556436503588507e-07,-0.46104161733788523
62471.071071144026,7.043404145506337e-06,0.44434539189917355,8.209365003929661e-06,-0.3252713182369031,1.6382751765756163e-07,1.7143841315254544
62471.271271533624,6.721335815066721e-06,0.07815253198748737,6.26776553652356e-06,-0.2938395615702929,5.583149950308461e-07,0.62319911080074
62471.47147117715,2.7432609798927254e-06,0.4865504360875287,2.710300683618858e-06,-0.44958930652250384,6.877649282391918e-08,-2.043461782443146
62471.67167156675,2.1384154403021543e-06,0.461013337186347,2.781017851630232e-06,-0.9827468871270151,2.7772224189389706e-07,1.643590311303393
62471.871871956355,4.8637721570032285e-06,-0.9779547669614483,4.2140612032651925e-06,1.3345118901209228,1.8935711622717783e-07,0.8794652098849766
62472.07207234595,4.869163292255464e-06,0.13236312923692525,5.6850400608619024e-06,-0.1049526057164525,5.696348569585367e-07,-0.9673726999741388
62472.27227198948,4.8601052378737345e-06,-2.569631306034538,5.648034501850862e-06,2.1047571824722686,2.773191393007059e-07,2.2507975341055086
62472.47247237908,3.6093638661694567e-06,0.608221618916266,5.384736530746737e-06,-1.5468858023869154,1.128732690923859e-07,0.8192408542573124
62472.672672768684,2.962296524242384e-06,-1.800891941113611,2.9892159169620793e-06,1.9545608418574647,3.274338788776598e-07,0.17972938937085822
62472.87287315828,2.4172188635310056e-06,-0.2784642418594591,3.3389490145065325e-06,-2.505958507031747,1.4058078385033578e-07,1.251034203526011
62473.07307280181,1.1240107232418377e-05,1.0016319309024595,1.3179662510122314e-05,-1.0182269653275768,1.3268973368791888e-07,1.1247094951075427
62473.27327319141,4.614084527410711e-06,1.274682215159739,4.666273828558003e-06,-1.1815512329637679,7.017969629286824e-07,2.037213803499216
62473.47347358101,4.9566791833529035e-06,0.400027647203239,5.844533252934694e-06,-0.42038445721529855,1.8775023129803605e-07,-0.6526857678644568
62473.67367397061,6.832152447942164e-06,2.4059192466384918,7.776354654098101e-06,-2.466139654168048,3.5265679306312296e-07,0.8945246671559097
62473.87387361414,5.52653613459532e-06,2.206478978247519,8.31952184696007e-06,-2.377820045012639,7.830256537198724e-07,-1.3163980979161582
62474.074074003736,2.381955298674959e-06,2.56654443715258,2.7517169152299253e-06,-2.6750753651077868,5.401876167640947e-07,2.661251782507183
62474.274274393334,2.2653462895303856e-06,1.9568996577474969,2.594117540366903e-06,1.401425039399234,2.782193078243176e-07,-1.3759269459386472
62474.47447478294,8.497630349664952e-06,-0.02114512368299454,1.0683596486975399e-05,0.0670061566647489,7.150645060291313e-07,2.64977296865044
62474.67467442647,1.683850374515928e-06,0.3530612839274943,1.768261894689708e-06,-0.4478112980009168,3.787668138187237e-07,1.9453918357899622
62474.874874816065,2.948933355975413e-06,0.3047756413102029,4.066470025605873e-06,-0.1855091734860587,5.533157320841001e-07,-2.2543247264360304
62475.07507520566,4.888775970961337e-06,-0.04408392628299507,6.841092611108721e-06,0.10367674039562386,7.33290460896927e-07,-2.4530404736090854
62475.27527559527,7.1448905975416145e-06,1.6099114449634013,7.056721119529868e-06,-1.72211408737014,7.946203136352108e-07,2.4461993559199695
62475.475475238796,2.4895779830334702e-06,0.3840616086355811,2.1871683007353963e-06,0.0019119659600608276,7.922601024748896e-07,-2.4837862365343324
62475.675675628394,4.011650029193011e-06,-1.2283830504679898,5.059926829803756e-06,0.9794236371048878,5.892901635342916e-07,-0.32542957856797844
62475.87587601799,5.9900375238370465e-06,1.6656581239161983,6.284290821075602e-06,-1.784795381368804,5.782931223323908e-07,1.943200060916376
62476.0760764076,6.194844446402392e-06,2.529534625420703,7.91762497927284e-06,-2.6345610034920166,4.930901587696194e-07,-2.370045247622778
62476.276276051125,3.3991261359860305e-06,1.2824687533198562,3.775322384201718e-06,-0.8741736926973013,4.3346412384818093e-07,-1.119031892067052
62476.47647644072,4.6520832714455545e-06,1.6215577389586275,4.9646997495073566e-06,-1.7038824672604702,3.992176771427668e-07,-0.586725668102016
62476.67667683032,5.425006621829003e-06,0.5056079645969725,5.793985217944333e-06,-0.5906537974674898,6.255615842038333e-07,0.719789576612582
62476.876877219926,4.785219189963806e-06,0.8931006733644631,6.5103285292117055e-06,-1.0010872799998358,5.836594140817849e-07,1.3827570974863315
62477.077076863454,5.204125449535395e-06,1.9049065661877904,3.928041916128196e-06,-1.8056743531484458,3.0734282996497603e-07,2.185035546939191
62477.27727725305,3.986773110307747e-06,2.1526634516872294,3.356267004336893e-06,-2.3791236060030476,5.730164763464711e-07,-1.276647338183736
62477.47747764265,4.837981132909225e-06,2.8607383367022505,6.0769772563459275e-06,-2.875944307883798,1.9472560579215462e-07,0.45483824606710876
62477.677678032254,2.750281073498759e-06,0.5129699516428081,2.640076282235601e-06,0.04379178312158824,4.5431115423698325e-07,0.18567226047626895
62477.87787767578,6.71609646076329e-06,-0.27930717835900365,7.918560312149266e-06,0.495097692400792,2.1413064399244836e-07,-0.3572101208374061
62478.07807806538,1.1004554380158408e-05,0.4771394154063845,1.2801136119335247e-05,-0.33597106043804925,3.9644560514078246e-07,-0.8740733486316291
62478.27827845498,8.749869947062733e-06,-1.312757890067516,9.238462438028155e-06,1.4191372355588434,2.6551388282242563e-07,-0.9753331718825349
62478.478478844576,6.5086721097932866e-06,-0.019052618699031,5.7264847815133035e-06,0.25914206402546336,3.411828902317384e-07,-0.013874300236202265
62478.67867848811,6.304147734147209e-06,2.246989089463671,7.126410971497249e-06,-2.237936199690186,3.8523581813400903e-07,-0.11104122214923114
62478.87887887771,1.992747909941041e-06,-1.2857891457438242,2.954639405880106e-06,1.1365173721506603,3.961324410149469e-07,-1.685117117036083
62479.07907926731,5.778649799331186e-06,0.7154519529026581,6.6689995523987646e-06,-0.6856049430605401,1.2704642335199194e-07,-1.5565609995778709
62479.279278910835,4.816387861416395e-06,1.7951028438754855,5.273897134896735e-06,-2.005211532371285,1.4631224636551702e-07,-0.009752614234784171
62479.47947930044,4.740513711810352e-06,-1.0452342891454953,3.620676028215807e-06,0.9054003899334133,8.440953571177257e-07,-0.23907379915567903
62479.67967969004,5.042207111766461e-06,1.0610621086407281,4.5792819988445084e-06,-1.2023617560542488,3.461788361176649e-07,-2.141848408370123
62479.879880079636,4.276395450189227e-06,0.9264938701460416,4.353644087105769e-06,-1.1443708228315246,3.9381009272731614e-07,-1.2605826820110215
62480.080079723164,3.6677800697838365e-06,1.6100558000103502,4.662854801351604e-06,-1.4547806167059856,3.017031905753721e-07,0.170848213434565
62480.28028011277,8.283992825379477e-06,0.23138305178348945,8.356680773676077e-06,-0.23243795330240158,3.5033273950395625e-07,1.6582652141186618
62480.48048050237,5.370132953785337e-06,0.9389634979331337,6.106102771358148e-06,-0.9188977231555635,2.924857478739503e-07,0.10368610057380918
62480.680680891965,3.561315778867404e-06,0.8514132070126825,4.895157578642165e-06,-0.7072771532896438,2.1246962293532483e-07,-0.668172055411451
62480.88088053549,4.008616145107296e-06,1.086436311171086,3.55151673633614e-06,-0.8991833959911473,2.33819272231519e-07,-0.35268936538017
62481.08108092509,1.7227328925347733e-06,-0.345904177936579,2.437248622305104e-06,-0.43401599269996555,4.0890403944490046e-07,-1.2161846499417823
62481.281281314696,5.728823706299641e-06,0.4747275261618643,7.2703879623667255e-06,-0.6224421295260995,2.817142461993931e-07,-0.6878726229864159
62481.48148170429,9.412149976449034e-06,1.7411883895574278,1.1030234143966373e-05,-1.6969572072941175,3.0510322909770023e-07,1.8004579997629524
62481.68168134782,1.1787602807709213e-05,0.327778510777626,1.6236833879353882e-05,-0.5207380476797452,5.795993986539258e-07,-1.0267893177569263
62481.88188173742,1.563310573664117e-05,-0.5494820799641951,1.9730139274369075e-05,0.4205674374232523,3.321582097140098e-07,0.21876592475148163
62482.082082127024,1.386963605422221e-06,-0.9036879683292752,1.47262526436546e-06,-0.5776594753438004,2.9576278725223423e-07,1.27562765210461
62482.28228251662,5.242079548563864e-06,0.44415522441196215,6.6903966910394526e-06,-0.6491173116163009,3.6166258220941457e-07,0.6591318124993369
62482.48248216015,6.615623958332809e-06,1.5056514686483549,6.635743475435844e-06,-1.5802546265533024,3.0929008529208716e-07,0.03564307408921921
62482.68268254975,1.7115251728353044e-06,2.355081800807089,1.7921412692849684e-06,-1.9117276863207218,3.3710569495168374e-07,0.4880574045446783
62482.88288293935,6.069758447085572e-06,0.7900348696601842,6.862550914311857e-06,-0.5655195394007094,5.706504587456076e-07,1.5104786399771717
62483.08308332895,7.322813505756297e-06,0.4665826942537912,6.507833420427733e-06,-0.5407251238638107,4.0289765125647876e-07,0.08496418510849559
62483.28328297248,2.6567063725089776e-06,1.536430220572944,3.4233641504992424e-06,-1.5060392270475988,5.225478588506228e-07,-0.7957704292319432
62483.48348336208,3.5332810691282564e-06,-0.4152712778318719,2.9426510818746082e-06,0.2227762431788164,6.066259904976819e-07,2.438626098168922
62483.683683751675,6.612685113537959e-06,0.6085812892874689,6.715902929570656e-06,-0.5818809689060458,2.9546501700751203e-07,0.6928114498630943
62483.88388414128,5.577505172946764e-06,2.4906854748047333,7.2256438410358846e-06,-2.507125854356581,1.2113987696216477e-07,2.258847228078078
62484.08408378481,4.802424416716647e-06,1.0263930320120473,5.296870988369194e-06,-1.025447378781591,7.304257059435556e-07,-0.22041812512502584
62484.284284174406,5.772348214186579e-06,-0.4505751108831407,5.947243634351178e-06,0.41314276094621866,3.539609419509535e-07,-1.7071640497948326
62484.484484564004,3.587516798957347e-06,-0.3711298574170941,2.5958701390689394e-06,-0.21932346925082305,4.2710062517027543e-07,0.4568635277278779
62484.68468495361,2.3996065857406464e-06,-0.24014800544504275,2.7024589329540675e-06,-0.00012199346801281181,2.6317194135359755e-07,-1.1592414354461893
62484.88488459714,2.363914764429921e-06,1.969586454464597,2.361128053551262e-06,-2.147174430426802,2.567460976315033e-07,-0.0017961153533385323
62485.085084986735,2.370337785469739e-06,-0.3420556293605417,2.3136130630549384e-06,0.027548551036698586,1.8724660726432533e-07,0.6508545521305195
62485.28528537633,4.152836208836948e-06,1.5543946161969064,5.413604799495738e-06,-1.7151302057864322,6.701665711242053e-07,1.2535452743532736
62485.48548576594,3.5002151533243892e-06,1.2268108269987765,4.14356076749882e-06,-1.1062116189716893,3.6694235585480315e-07,0.2016752141050034
62485.685685409466,2.8461585901502504e-06,1.301573873441011,3.3788124766545054e-06,-1.6850848095447728,3.032114764429984e-07,0.024686571477648477
62485.88588579906,8.903656940585743e-06,0.988964471555575,1.1044940155176767e-05,-1.1035177338344622,4.94955669732357e-07,2.2569758983147463
62486.08608618866,5.531506963355356e-06,1.8611453204710195,5.9254918722495406e-06,-1.7389412695905242,6.346145321847806e-07,-2.64906876702359
62486.286286578266,5.7280606108087025e-06,1.2550715748262384,5.72456208798906e-06,-1.0345475544886154,1.679628177914199e-07,0.9916508305402302
62486.486486221795,4.2552030992654405e-06,-1.3368658457726261,3.829344307115214e-06,0.9140946944843757,2.0946676323798795e-07,-0.061091637610735
62486.68668661139,5.7899056233796995e-06,1.3873353816721046,7.636045965579685e-06,-1.2418381230432902,6.652431267658125e-07,-2.1971329272474454
62486.88688700099,4.021330546321797e-06,0.095257239033664,4.152688334820653e-06,-0.20873334805901378,2.963681033750252e-07,0.2323583706302193
62487.087087390595,6.080026502215367e-06,1.2274772435348729,7.626433317214474e-06,-1.1065062245156303,1.6287400579021601e-07,0.6436139366675301
62487.28728703412,5.284428947205029e-06,0.8493148152422552,5.782291476398455e-06,-0.8485641414677676,2.519909020285974e-07,-2.687337251430833
62487.48748742372,3.926898215849104e-06,1.3322692235207256,4.749864948926428e-06,-1.011682708500802,5.296586089738412e-07,0.794749259282044
62487.68768781332,4.91362567811868e-06,-0.5132398163165917,6.680797779224762e-06,0.7705006933577431,1.4545112065838334e-07,1.0480800804949046
62487.88788820292,5.717885133468812e-06,0.15607853415339912,6.208066457626193e-06,-0.2667828076888011,1.856014268521555e-07,1.070191216016875
62488.08808784645,6.8898067227013764e-06,-0.16781279779896793,5.653848605665084e-06,0.008870470276138472,4.671539440922961e-07,2.029558301281518
62488.28828823605,5.704937813247039e-06,1.375999887776601,6.7082328290599225e-06,-1.592386041063182,3.753958751658035e-07,1.2745261365114469
62488.48848862565,7.966340430655015e-06,1.6385379325678733,1.0799843577456142e-05,-1.544698958903121,4.2049780741909546e-07,-1.0452315678762512
62488.688689015245,4.958376105891021e-06,1.4537406147638623,4.272759764703967e-06,-1.61643267266304,2.272709733370946e-07,0.2958003823766876
62488.88888865878,2.3125886600393113e-06,-1.3557357723190384,1.9699457388472427e-06,1.8631682922651962,1.5092620144024294e-07,-1.2928163688224397
62489.08908904838,1.1038333633259183e-05,0.7933097715993485,1.1073805097754288e-05,-0.8676931452968771,3.5175700877879483e-07,-1.113666604014518
62489.28928943798,2.4990254363586076e-06,-0.9285730676411191,3.6801344603190534e-06,1.301200335570165,2.099106819440375e-07,-1.3480096520114093
62489.489489827574,6.113615114169753e-06,0.5895423230364456,7.708592252836598e-06,-0.7910611502503412,3.0967801096381114e-07,-1.6148579773396736
62489.68968947111,3.955905850082938e-06,0.766087505006632,4.315207988143518e-06,-1.1206461161361405,4.808363585545912e-07,-2.1644426164925643
62489.88988986071,7.415941268345793e-06,0.5174315286058716,8.246903397056583e-06,-0.7003996735540025,5.228026317046609e-07,0.3162405062619813
62490.090090250305,4.512324433470617e-06,-0.30181980000574865,2.898398686753941e-06,0.32624480948751894,5.70899767767704e-07,-0.394231372484196
62490.2902906399,3.5499737200424155e-06,0.2410492063612535,2.3689901371372183e-06,-0.2535968507867369,1.1065968001984429e-07,0.31128048437531725
62490.49049028343,3.4526163813020107e-06,0.9702653662594563,4.514928952967177e-06,-1.0260253738697263,6.207189207006683e-07,0.48532111563673497
62490.69069067304,5.129435451365601e-06,0.7516309380649325,5.417703857801856e-06,-0.7925788454143021,2.2681829420235492e-07,-0.9692641036466803
62490.890891062634,5.1280303877598835e-06,1.5489826067177739,5.527672253877376e-06,-1.3429868173319166,2.3518619294198405e-07,1.226748084568258
62491.09109145223,9.677546455691289e-06,1.3092708044850188,1.0382566775410325e-05,-1.323200970114555,2.5894694515341774e-07,-1.77897346665142
62491.29129109576,7.471818086783358e-06,1.3435783807271684,9.714489753088121e-06,-1.1885476596090316,2.3718895190198045e-07,-1.6072233684377366
62491.491491485365,1.9002098169486082e-05,-2.420915885724179,2.3837666500626807e-05,2.733381961734108,7.156051567213212e-07,1.8538056043124003
62491.69169187496,2.669418492747052e-06,-0.9574546609261922,2.8706976158524343e-06,0.5825978293014141,3.812480716719197e-07,1.7019707724550361
62491.89189226456,2.325574869998695e-06,2.2313271971836537,3.395513110803584e-06,-1.4716150802229402,2.0720478263499364e-07,-0.8041526875295165
62492.09209190809,1.4833770863493299e-06,-0.5805162345888466,1.9222918821090574e-06,-1.1151186913612021,6.05906561229109e-07,-0.7400672143016445
62492.292292297694,7.296533503903092e-06,1.4310075028999416,9.453325251523432e-06,-1.413461353552192,4.6520514066700485e-07,2.7883104212526115
62492.49249268729,4.614433840853559e-06,1.142297430886411,5.06331693204706e-06,-0.9783775772214082,3.482071158784983e-07,2.1870252604138223
62492.69269233082,3.3332237063369878e-06,-0.2530809733656546,4.100434543504296e-06,-0.3407520957655691,4.816874606696939e-07,-1.9825753592896906
62492.89289272042,4.2769550471862574e-06,1.94449327849076,4.224469979250445e-06,-2.004982379851318,4.838373048617975e-07,-0.13338111801579436
62493.093093110016,3.3225729705828173e-06,1.2251985427131473,3.6932629007442298e-06,-1.6782171351239337,2.6327602569836526e-07,0.11667719570044542
62493.29329349962,6.898659341604975e-06,1.029387219632562,6.935592815651404e-06,-1.004255726557089,4.460645702184931e-07,-1.6202437444657274
62493.49349314315,7.898561267999221e-06,1.6716381228206654,7.788622145704614e-06,-1.9926804344809586,6.043140370857202e-07,1.0437469068729257
62493.69369353275,1.9582406014395863e-06,1.4995403819391309,3.1307044115551907e-06,-1.8970087643888978,5.178915293997951e-07,-1.5649406348886092
62493.893893922344,8.720324151277488e-06,1.3066098299778823,9.712700528275324e-06,-1.3064558426819242,1.6030905085203402e-07,-1.4271569698360884
62494.09409431195,5.2099364604253905e-06,1.3902543390886986,5.62626017627573e-06,-1.285395596181989,2.952850564039085e-07,-0.6670337880584031
62494.29429395548,4.6643687356820194e-06,0.9493996638544591,5.011089290655951e-06,-1.1321719547446496,4.3488761079396327e-07,0.9299633477280507
62494.494494345076,8.719132517618495e-06,0.8602528550872439,9.188562637965822e-06,-0.8901300677035149,4.0380812124832065e-07,2.172300524325079
62494.69469473467,4.041775614955667e-06,1.5016497074390371,3.242909629475019e-06,-1.7881453042897346,9.815794967528096e-07,1.9818390465965914
62494.89489512428,5.835721273741115e-06,1.514314240449932,8.497594077537494e-06,-1.6765723821755552,4.0677926287868256e-07,-1.0801971951675093
62495.09509476781,4.710555697176688e-06,2.1839366498957338,4.2570334100333535e-06,-1.9241694688251356,1.540567886669539e-07,-0.07829408533710397
62495.295295157404,6.347493080340316e-06,1.4976266252980888,8.298412909847692e-06,-1.5137601325062795,4.037957075165773e-07,-1.771575264180206
62495.495495547,7.148396315202923e-06,1.1866386337960677,8.031677534243412e-06,-1.1374059971847925,3.950008272917559e-07,0.04567780117138992
62495.69569593661,3.805581163860977e-06,0.8395229310642677,5.313751042596533e-06,-1.094403749770996,5.612009601608688e-07,-1.4028012768878593
62495.895895580135,5.358675274020602e-06,0.2944915530319459,6.830189823279978e-06,-0.4168457087008195,8.527922809737598e-07,-2.7918300395142595
62496.09609596973,9.67577969349684e-06,0.764317959607729,1.2217532552644197e-05,-0.6873935188496898,3.2788578258451785e-07,2.251305545338804
62496.29629635933,6.309680208411885e-06,0.942709223580099,7.406548858899905e-06,-1.0901044039910188,1.9210403488919494e-07,0.5112280566538302
62496.496496748936,2.8861736909667353e-06,1.223763089576703,4.4127811128622275e-06,-1.0865043683818698,2.058157599433509e-07,0.5142912129824446
62496.696696392464,5.523497071556264e-06,1.667477079986459,4.556864228524172e-06,-1.8694322221466895,7.541100782070995e-07,-2.5355451991405844
62496.89689678206,6.278193588088344e-06,0.9703151803026459,7.300775513509699e-06,-1.1271943432333942,6.05149524800177e-07,1.6298389629895689
62497.09709717166,8.065566844684465e-06,0.6102804085217031,9.699931707177331e-06,-0.6677368699953209,5.497047548967531e-07,1.8747751177045495
62497.29729756126,3.6794665716632307e-06,0.9988944315574204,4.770156860164084e-06,-1.1364934711759132,2.940100043523665e-07,1.3673135674881831
62497.49749720479,7.548529391593248e-06,1.281849448818617,9.235368018004136e-06,-1.2512713212037767,2.970086404350971e-07,-1.3360828286893482
62497.69769759439,5.588447374749548e-06,1.1360380328013373,8.50945022091458e-06,-1.0360902936311327,4.002107610886755e-07,1.7548145554576486
62497.89789798399,3.5953285744660225e-06,-0.4713424086134411,2.2445903138077268e-06,0.2136219149266274,4.7126092033473927e-07,1.3386409571407152
62498.098098373586,5.517351151968924e-06,0.3265325309725782,7.599651497511121e-06,-0.5550298247189326,2.2683741053183712e-07,0.11051109029671546
62498.29829801712,1.2355643376509662e-05,0.8451529049356254,1.2486294856891014e-05,-0.811722715520056,3.8608334452276913e-07,-0.21878021722256955
62498.49849840672,1.0053868139010929e-05,1.1463280680709642,1.0096320572477812e-05,-1.3970410510610223,1.9659315373496405e-07,1.6570149951718158
62498.69869879632,2.0895428021828923e-06,-0.05129393138500024,2.944712334485868e-06,-0.3531207420268199,2.3413761483910798e-07,-1.331506501821635
62498.898899185915,2.4364500471758216e-06,-0.07743116330172779,3.1751792212675205e-06,-0.14334215915678247,4.4896851547064215e-07,-2.3355543978303546
62499.09909882945,1.1489278308808375e-05,1.1542485703057461,1.3650143685039457e-05,-1.3453904849049323,7.962644111129087e-07,-2.817492590670524
62499.29929921905,7.681954962046199e-06,1.6733343829605167,8.649991290741368e-06,-1.83263609718936,4.443338983607993e-07,-2.583662038899621
62499.499499608646,3.736536884851407e-06,1.537146839801599,4.853427411951245e-06,-1.6419432832588372,5.13617905324607e-07,0.2710927439024708
62499.699699998244,1.1048468946931696e-05,0.5766771276909191,1.1497424164342263e-05,-0.609045038516234,3.2021926411652105e-07,-0.9493062163050718
62499.89989964177,6.453794441117972e-06,0.84838913467317,8.857116450305574e-06,-0.9574949303050974,5.726658266811834e-07,-1.3771285542132379
62500.10010003138,1.3658221618407662e-05,1.7283157064091192,1.5790549167310855e-05,-1.6569860796248497,3.8806607366128413e-07,1.4720597866917442
62500.300300420975,8.344671884799e-06,0.7113559717243483,1.0564888039753567e-05,-0.5883491187420482,4.007352451201355e-07,-2.60974642620504
62500.50050081057,6.203080531196576e-06,1.1915893900590544,8.470735141448435e-06,-1.079193267610567,2.8324777396932626e-07,-2.0843957917627045
62500.7007004541,7.41337644290635e-06,1.0161775786097862,7.919566592969375e-06,-1.2030886705723338,4.7590926392294653e-07,1.2854410792774664
62500.900900843706,3.623465582111579e-06,1.818902047607151,3.5411826106822942e-06,-1.8304460634483573,1.9432160021372448e-07,-0.18299486668881532
62501.101101233304,5.539905066872604e-06,0.6432696639946216,6.098804341106807e-06,-0.4550970610279088,4.3848783935556e-07,0.024052531311261435
62501.3013016229,5.299853002190417e-06,0.15098660646775772,6.873371847881051e-06,-0.4809169873358891,3.1931572600331967e-07,0.09552271567344874
62501.50150126643,8.570569077700549e-06,1.1453305266428826,9.15816222606733e-06,-1.264375102651274,4.4100067244978513e-07,0.33241679431430543
62501.701701656035,7.860960319761723e-06,0.950007247631566,1.0804352391111e-05,-1.025248866466719,2.475079086965299e-07,-0.7349919599052721
62501.90190204563,2.878174189855988e-06,-0.3206463598638337,4.068842648905237e-06,0.13741944002597709,5.089985480993937e-07,-2.7127255655606364
62502.10210243523,1.1371829144244852e-05,0.808114256346624,1.3126257468365456e-05,-0.8252167070502302,1.9481848735227323e-07,0.3235036014842135
62502.30230207876,9.478500546034554e-06,0.4311097808819892,1.0637512881259904e-05,-0.422192221539435,4.425621552437411e-07,1.9997199480446977
62502.50250246836,1.0096087773313721e-05,1.2527010418516151,1.0619888174207833e-05,-1.1592508845229008,3.3464166767731687e-07,1.9653772568069157
62502.70270285796,1.1767698949641526e-05,0.912841645704773,1.3665572536237733e-05,-0.9768083693948969,6.818480053097074e-07,1.0774939223931312
62502.90290324756,7.271235012539568e-06,0.5564074775528064,8.978520706293209e-06,-0.6693399281699556,6.374514983846341e-07,1.0560101929635055
62503.10310289109,5.136733140676012e-06,1.215753544324614,6.213983435485176e-06,-1.3451810187612383,4.4670308713240324e-07,-2.6727155931216298
62503.303303280685,7.349200196449137e-06,1.0182387095583698,8.866579980266693e-06,-0.866176074952871,3.223668318643835e-07,0.286798393249225
62503.50350367029,8.503034537334348e-06,1.2118538875975853,1.0198499550843076e-05,-1.2593312169689703,3.1563753472145337e-07,0.14493737433247098
62503.70370405989,5.266433751570257e-06,0.7489130799045854,6.0485170896966976e-06,-0.9456427130039035,6.145919153077728e-07,0.998039198824684
62503.903903703416,1.7704808021172144e-06,0.9187384050122201,2.5506231355822627e-06,-1.791368231709406,6.006972522068955e-07,0.9053834993605154
62504.104104093014,9.026226006293717e-06,0.7962325810854569,9.37244590429718e-06,-0.707302955740682,4.098696908500534e-07,-1.5743102192966314
62504.30430448262,7.163837553919131e-06,1.2262875448203399,8.970410647577919e-06,-1.296644550563428,3.3005066906811845e-07,-2.572992383767752
62504.50450487222,4.731038423693956e-06,2.1641004454888964,7.780335705321506e-06,-2.048682493022066,2.1146281160750597e-07,-0.06305058342059743
62504.704704515745,7.3555203040893926e-06,0.7093914126616766,8.892297909047734e-06,-0.6567501195710093,4.746219930478767e-07,-1.8227276572625355
62504.90490490534,1.0623600273935877e-05,0.6038703461237549,1.1267080700794789e-05,-0.514978279306173,2.9289782351430446e-07,-1.0224211056101764
62505.10510529495,9.690687812933953e-06,1.0751060922693034,1.2012701322802896e-05,-1.164126432938202,1.0229366222696411e-07,1.23432516861753
62505.305304938476,1.1026618256577496e-05,0.8170010396352734,1.3459257496445901e-05,-0.8454798338338196,3.6284931177364817e-07,2.6061131811003104
62505.505505328074,1.280967114268908e-05,0.9246609248637133,1.3753234331932199e-05,-0.9048807900652078,1.465068186577169e-07,-0.7532836353608691
62505.70570571767,6.281270206152397e-06,1.497119127100246,5.856166718508639e-06,-1.43597323260802,3.235091683379819e-07,2.520938084288885
62505.90590610728,9.619461141814969e-06,0.621103957384644,1.2772399752529714e-05,-0.5583895807530721,6.201896790537651e-07,-1.993093955390415
62506.106105750805,1.1359534618650401e-05,1.4393948298269343,1.2440319912366129e-05,-1.4786663107775757,8.734445501440903e-07,-2.7118889106296162
62506.3063061404,8.687038183827606e-06,1.0768384948653846,9.381482114775059e-06,-1.1154846842464845,1.5996704772470636e-07,-1.002796820866623
62506.50650653,1.0336863772557575e-05,0.9751502981872338,1.2624686993301268e-05,-1.1330217930925606,7.592885206443012e-07,2.5706076118743133
62506.7067069196,1.245426199990162e-05,0.6668977135249534,1.4347779640988157e-05,-0.5542816907280019,5.101397684493637e-07,2.747293383104908
62506.906906563134,6.742281647514548e-06,-0.16909535167633213,7.33512415677659e-06,0.0777255614692728,1.8633670143391289e-07,-0.922060962826173
62507.10710695273,3.423694156864104e-06,1.3115014248215575,4.341292961324082e-06,-1.8634212980942455,6.593695505323733e-07,-1.0355517490049653
62507.30730734233,8.406986042161613e-06,1.0675608904575589,9.226405633825451e-06,-0.9708292415921417,6.571406029184905e-07,-0.030112220865080037
62507.50750773193,1.0493749771351924e-05,1.262979725838887,1.3047469022041685e-05,-1.1633390936343597,2.3092344788583996e-07,-2.4413094585013497
62507.70770737546,9.458942985538823e-06,0.8654708394993459,1.1069832563252557e-05,-0.9575950156458629,1.4418879693279508e-07,0.949429726866052
62507.90790776506,9.89374826589585e-06,1.0434659020933792,1.1897880662733142e-05,-1.2159961786654792,3.764826350469356e-07,0.9412521883662661
62508.10810815466,7.182864887327989e-06,0.6162944996221619,1.0277748455871251e-05,-0.6705795544296796,4.780757379838061e-07,-2.3570622018801273
62508.308308544256,6.819499777568138e-06,0.7903573266543352,8.717478392717955e-06,-0.7451530515419308,4.5064097537137726e-07,-2.4771994584592343
62508.50850818779,1.3291671784791454e-05,1.5276630558716806,1.635405952672852e-05,-1.5357635473309452,1.3061762504189197e-07,0.2204825010344668
62508.70870857739,7.992009568069692e-06,0.7076106192356407,8.57249456116394e-06,-1.0111941784426286,4.514383622591079e-07,1.4274365401628786
62508.90890896699,1.1955377232453149e-05,0.8227934485738541,1.2224148848683174e-05,-0.90881731671842,6.756139768543023e-07,0.9869455535621998
62509.109109356585,1.0305055896742086e-05,0.9725478449171392,1.135638430639707e-05,-1.0452049759583915,1.0461876521219356e-07,0.782881753773961
62509.30930900011,1.6474336336409477e-05,0.869234815235662,2.061092154967762e-05,-0.9483439199419811,5.992487731117041e-08,-0.8831109696030421
62509.50950938972,9.961189498249119e-06,0.8802097662906863,1.3116433066027566e-05,-0.9095795342752395,6.472106854385946e-07,-1.5879386594676856
62509.709709779316,1.0461493680513333e-05,0.267235141567909,1.0846039930880394e-05,-0.23678236271522704,2.2798694325497856e-07,2.4931113161741845
62509.90991016891,1.5774927068238703e-05,0.7816402824279524,1.6229430139593147e-05,-0.9229577145383694,4.203449541004798e-07,-0.0668477021144918
62510.11010981244,1.2334928120073701e-05,0.9210922868795798,1.2775194323121061e-05,-1.0158543542593277,3.871789510120505e-07,-2.358191476799663
62510.31031020205,1.626653976479794e-05,0.13225947381608483,1.6402293980310517e-05,-0.30041942169382,3.4240174941910236e-07,2.929215353459954
62510.510510591645,8.516114551199472e-06,1.5275592055550127,1.045587489772788e-05,-1.5208328338056096,2.2684153859097103e-07,0.6440815814511852
62510.71071098124,1.695877281624799e-05,1.0407977561003605,1.8245314678871267e-05,-1.0913857241360037,4.987860839899343e-07,1.3221742303697148
62510.91091062477,1.5291197613075453e-05,1.0378600330430396,1.5567149908323085e-05,-1.036392251976858,3.783206227163704e-07,2.451907067304782
62511.111111014376,1.7916347185104433e-05,0.8365049920361395,1.952084536284279e-05,-0.8123614400891942,3.4880931637676737e-07,0.8990666857088285
62511.31131140397,1.648408382035692e-05,1.1216406629541467,1.861744549796417e-05,-1.1232323214426267,3.532986793388857e-07,0.3399554298163374
62511.51151179357,2.0835634278346686e-05,0.7173845306960493,2.3796991797364336e-05,-0.7657980888292005,4.6906817988886485e-07,0.5646184927805193
62511.7117114371,1.8859836961615682e-05,0.6608862622123463,2.098873428654067e-05,-0.7404945910415597,1.4644090070140545e-07,0.03809743751082717
62511.9119118267,2.1285842192983657e-05,0.6755445315818673,2.4035286239593872e-05,-0.6907652569822704,6.278345432275088e-07,0.8885534898908191
62512.1121122163,1.9335850254461724e-05,0.9174594512414116,2.273750173226456e-05,-0.9138665040311559,1.7959281675543227e-07,1.3987605288443108
62512.3123126059,2.3618026847477712e-05,0.8864658465467021,2.7377440001759663e-05,-0.9233510490988087,1.882162210641576e-07,-0.3692540391132659
62512.51251224943,2.062631087610237e-05,0.6090421016576325,2.362578208358313e-05,-0.6852321115818987,4.215112828939997e-07,2.6984521089516025
62512.712712639026,2.3598788249921444e-05,0.9352280873525171,2.8228684163155936e-05,-1.0127503565922158,6.032570180448552e-07,-2.1636995970877773
62512.91291302863,1.9427616897589136e-05,0.8801581051564126,2.2770270249337666e-05,-0.9332551704079857,3.282629345456301e-07,-1.8763216922276624
62513.11311341823,2.3510832608435878e-05,0.9087648454903956,2.708151323211534e-05,-0.9597087938298391,3.18261884824622e-07,1.0089691171346393
62513.31331306176,2.0383135856776768e-05,0.487934773335866,2.422336343959616e-05,-0.5396891069833565,6.090939477295495e-07,-2.0645094543434577
62513.513513451355,2.4701771122369568e-05,0.5989804704959014,2.891916306421649e-05,-0.6103508421121474,5.441289719854342e-07,0.903336963672249
62513.71371384096,3.055776973789015e-05,0.5028405202660741,3.465002264185544e-05,-0.539890373595849,2.903514901812117e-07,-1.4318412118237833
62513.91391423056,2.5374037378917715e-05,0.8039648829383181,2.9629397927093183e-05,-0.7823042946745715,3.9957441504571225e-07,0.2228306469610464
62514.114113874086,3.080987147868264e-05,0.6146168291585145,3.360692720325205e-05,-0.6564994468416704,4.566241809937298e-07,2.8048043467002644
62514.31431426368,2.7978032416532246e-05,0.5717329519390929,3.287176736193513e-05,-0.6602469905835083,2.173411606884684e-07,-0.1994279092517238
62514.51451465329,3.242500901764333e-05,0.5255511168376144,3.81145486574696e-05,-0.576370981983904,3.7931728864202185e-07,-0.6390200249529884
62514.71471504289,4.17750564219474e-05,0.5960223589002585,4.709789979236228e-05,-0.6021706599818331,3.9957271408328766e-07,0.23758925965282957
62514.914914686415,3.5746277641848456e-05,0.6801071912249406,4.065558940232004e-05,-0.7254402388105046,2.996233406056575e-07,-1.6637792740332642
62515.11511507601,4.021188692922377e-05,0.5384464142753649,4.664101075531039e-05,-0.5696684872933325,2.407532401508547e-07,-1.6534623856353878
62515.31531546562,4.0571954968819735e-05,0.29569529256838134,4.606926363826773e-05,-0.3514073607190649,5.95598108214387e-07,2.285507703688973
62515.515515855215,4.370967105840549e-05,0.3999047386128556,5.006333599352865e-05,-0.42051429752393693,4.3840601665890166e-07,0.6983628923698352
62515.71571549874,4.461246411939564e-05,0.40577797345511046,5.059437609248474e-05,-0.430998032952773,6.208688341947458e-07,-1.5508812664353009
62515.91591588834,4.889332322590141e-05,0.4090090443555047,5.565897900411987e-05,-0.44009886283571753,4.7370510808995947e-07,2.7948784063180376
62516.11611627794,5.269923256652599e-05,0.2758932888129691,5.916161171450172e-05,-0.2849735589345137,4.990484763056587e-07,-2.522093154954222
62516.316316667544,5.333706161297562e-05,0.2611865636365027,5.9474533443334766e-05,-0.28563040778660714,1.499499441308345e-07,2.3275493020663394
62516.51651631107,5.806558623427346e-05,0.2416814252524073,6.575285581210268e-05,-0.2709307215601266,9.209098485322436e-08,0.3480296483782008
62516.71671670067,6.233462067443382e-05,0.12433157214454256,7.000146218487094e-05,-0.12354840178950258,4.148339151551387e-07,2.3821294653138394
62516.91691709027,6.496422045871747e-05,0.08363427937433944,7.417672878250912e-05,-0.1263863659600654,3.696126517397646e-07,2.5197131111798514
62517.11711747987,6.151837823563647e-05,-0.09234064177303454,6.7861889730287e-05,0.06209185735419399,2.025157506518515e-07,1.8961782576331951
62517.3173171234,7.296378778959811e-05,-0.18985074985728068,8.094544386882779e-05,0.14754761852279105,7.14386883256416e-07,-0.5438579973917597
62517.517517513,7.04630055161881e-05,-0.121306427122396,8.044506782128049e-05,0.10719368920402383,5.155683627436189e-07,1.4277965505503731
62517.7177179026,7.57757339979555e-05,-0.3010094175757767,8.669874975209708e-05,0.27448726549027186,4.2168536791110113e-07,-2.378047828675416
62517.91791754613,7.911246565235417e-05,-0.3639708927287126,8.750634915272347e-05,0.3456843610643157,1.9727172360288025e-07,-0.650979113530379
62518.11811793573,7.386234797362354e-05,-0.6275928701827311,8.235335054640536e-05,0.6021628388304332,3.143384997139191e-07,-0.9004741726925155
62518.31831832533,7.201475068344884e-05,-0.6487097873757913,8.170657473275354e-05,0.5950165350285316,3.252943709076513e-07,1.908319447590697
62518.518518714925,7.561336051131441e-05,-0.8560421432336554,8.612915732167672e-05,0.8218816987119196,3.1743737042353157e-07,-2.9541408035623564
62518.718718358454,5.367810446912256e-05,-1.2604318920630386,6.134565266693656e-05,1.2197580124186538,3.5006771460261733e-07,-1.962139472315114
62518.91891874806,6.412486401457298e-05,-1.0837494085029216,7.324161119960231e-05,1.0510831328851191,1.9053932693154055e-07,0.8341222256932362
62519.11911913766,6.259871696172907e-05,-1.1773856918720094,7.070253591439827e-05,1.1532465242720829,5.32777458286386e-07,2.4754244041483715
62519.319319527254,3.939455705698977e-05,-1.4018491122699215,4.3947806614455985e-05,1.39772594267486,2.3662295823615675e-07,1.6306537369243044
62519.51951917078,4.61787440833555e-05,-1.5365160053432916,5.1535655804261624e-05,1.5088848010225393,4.051747305306928e-07,2.6977549247384878
62519.71971956039,4.29580373727088e-05,-1.5511979602640091,4.838630731362709e-05,1.5380978307160431,1.356057620025545e-07,0.31567912759659245
62519.919919949985,3.428872072851752e-05,-1.697792947449633,3.892970872347737e-05,1.6421363176890151,4.048369917323602e-07,1.185201125934444
62520.12012033958,3.289189189101916e-05,-1.747177092780547,3.650448762184869e-05,1.7278014263562336,1.1053179532052667e-07,1.518346373969323
62520.32031998311,3.127430241860695e-05,-1.6429530581295781,3.7061734538965984e-05,1.6125486458420635,3.9845033139310096e-07,-1.9808854547434456
62520.52052037272,2.7079966341593807e-05,-1.7092922272062376,2.9140748566203007e-05,1.700556910598712,9.195546382957002e-07,1.0215403673388554
62520.720720762314,2.967639273578339e-05,-1.731588199291402,3.2411313885027276e-05,1.6719554153719411,2.4850539330029474e-07,0.11063853116737105
62520.92092115191,2.4431578172590005e-05,-1.793119276103654,2.6430891628561842e-05,1.7483360356923627,7.312901603421768e-07,2.410627159212849
62521.12112079544,2.6824353842905645e-05,-1.8091435703537189,3.169907167194753e-05,1.7767986708627368,1.0751785919347355e-07,-0.9723931075800626
62521.32132118504,2.1486799913210205e-05,-1.6174626996083543,2.322830548388181e-05,1.6271810982528248,2.339634912203728e-07,1.3931858673191626
62521.52152157464,2.4214606254576223e-05,-1.7964403203536579,2.592704097907885e-05,1.786930544900959,5.669849283628223e-07,-0.35301379541350175
62521.72172196424,2.1790209414770613e-05,-1.7796882030734937,2.5924742916131118e-05,1.701097438094224,6.58640616964923e-07,2.1597852320911217
62521.92192160777,3.032134033649345e-05,-1.8567015714554393,3.386622647087891e-05,1.8103345466555154,1.100496284155639e-07,1.4939775436687295
62522.12212199737,1.956416352524053e-05,-1.5985984355306975,2.1294417244538046e-05,1.6106424822277776,2.265943312647172e-07,-0.09262536575515318
62522.32232238697,1.9942882483492423e-05,-1.6413464560236677,2.2580865074352613e-05,1.6378034789827731,1.8390376564410415e-07,-0.6225888262646848
62522.52252277657,1.625467398865525e-05,-1.891494248402125,1.7106446991797226e-05,1.7859865921418163,3.0909936555468186e-07,0.8451342713865209
62522.7227224201,1.8663738014600293e-05,-1.7407370471462063,2.0498517736313137e-05,1.7006611332662436,3.445696359932669e-07,0.4597142722386433
62522.922922809696,1.8905603438382778e-05,-1.7718438999255002,2.201407677160405e-05,1.7005852299374975,6.771824068243023e-07,1.1125597187949696
62523.1231231993,2.2368446561869212e-05,-1.85818434334353,2.7581289615546486e-05,1.7810732891486325,4.575153509950304e-07,-1.2648146344112914
62523.3233235889,1.4271428891107787e-05,-1.4748838053582745,1.6426175771073838e-05,1.37887650893907,1.8569801644298069e-07,1.2010940080643473
62523.52352323243,1.4410109503140658e-05,-1.6793135859725001,1.689520337994126e-05,1.6926503815307692,2.3440916026313792e-07,1.3103586149690067
62523.723723622024,2.3092708999941688e-05,-1.8451013265310618,2.6315882274396822e-05,1.8336401016407216,3.468860696768384e-07,1.080015583875632
62523.92392401163,1.48264932238709e-05,-1.7147068029969876,1.622999856299718e-05,1.6551605226495543,1.3298814283494866e-07,0.4415699914509489
62524.12412440123,1.7033472583743895e-05,-1.9688966630774818,1.914389945233187e-05,1.918688750293596,4.687566612088434e-07,-1.3430363880386351
62524.324324044755,1.497370464103028e-05,-1.8713626788555273,1.759205585255962e-05,1.8808888808283364,5.489445137757365e-07,1.4932474143063015
62524.52452443435,1.6627251438618544e-05,-1.7121707458024116,1.953391468837111e-05,1.5868131456649457,6.383041963939747e-07,0.7949128990582872
62524.72472482396,1.5064386776595542e-05,-1.8898847178958154,1.6086207931228077e-05,1.9129020227999434,2.4826700485994106e-07,1.9334252018978075
62524.924925213556,1.2527809496153222e-05,-1.9863832718824241,1.4963647667856728e-05,1.9952359410351175,7.147581688097749e-07,0.5342015401347535
62525.125124857084,1.4558223660646837e-05,-1.6290987927942187,1.7466517558903184e-05,1.668034306676939,3.8070806169821734e-07,0.4228488206093458
62525.32532524668,1.8442981288349647e-05,-1.6606645866522496,2.1216557448762428e-05,1.7261601204380772,1.0544126807379214e-06,-1.6899847382290816
62525.52552563628,1.384910070036686e-05,-2.002008283218118,1.7427866444650403e-05,1.9177847416675788,3.7363168015135896e-07,-0.2526133633519618
62525.725726025885,1.221052750755151e-05,-2.000128241101257,1.3111229673334181e-05,1.9103969160933405,3.682694339768808e-07,-1.3155718534327274
62525.92592566941,1.2364985412227825e-05,-2.4627675111537,1.3539773678640339e-05,2.3437107076072747,3.3353717605854277e-07,2.604939992020217
62526.12612605901,8.763801260007602e-06,-2.4192299262692214,9.428729727983623e-06,2.255205313110317,4.999379304192632e-07,2.054584447298973
62526.32632644861,1.1752433101690523e-05,-2.333904536590301,1.2802679404819981e-05,2.292665043648415,5.33831684388555e-07,-1.7418601938156837
62526.52652683821,1.6782342254058474e-05,-1.9589015783614911,1.903308677085877e-05,1.9241282838906255,6.135862504172646e-07,2.595687744494723
62526.72672648174,1.3047457445751484e-05,-1.7988877819644793,1.3963230934906413e-05,1.8097603205580461,4.5587239972388117e-07,1.0853600016754816
62526.92692687134,1.2459937511527932e-05,-2.1659808051878295,1.2240888412424456e-05,2.0971438061188876,4.897117988700561e-07,-2.0908891209152154
62527.12712726094,8.663848035300343e-06,-2.054203927595163,1.0834091315361927e-05,1.990647511578351,5.104494243753962e-07,0.8907288024077147
62527.32732765054,9.559833326250584e-06,-1.639405442421519,1.1329629244525139e-05,1.6609955666582563,3.846830352268404e-07,2.404727880738035
62527.52752729407,1.547006372143311e-05,-1.5794508647737646,1.7133597526599326e-05,1.5267295485746788,4.949191549783845e-07,2.5911203740535274
62527.72772768367,1.4243129044926794e-05,-1.9485277595054589,1.5890485204826402e-05,1.993229973390569,1.4273016502289866e-07,0.2932363309537713
62527.927928073266,5.441918144701139e-06,-1.3172080200193417,7.758345668123295e-06,1.5083186692145858,2.957036114545705e-07,-0.8895783111689953
62528.128128462864,1.1600309666072662e-05,-1.821903840277179,1.3332750585051639e-05,1.8204511077885974,3.0718187011955577e-07,1.0772802446739789
62528.3283281064,6.525595711329472e-06,-1.9850891625831446,7.0055314424009104e-06,1.603914342371878,4.636216268279542e-07,2.2356964302191282
62528.528528496,8.329483594576662e-06,-1.8021064419394746,8.476549527937887e-06,1.6421433325015804,5.629116717439507e-07,0.8892221298515636
62528.728728885595,5.968712036096669e-06,-1.6295598713361195,6.185568056732068e-06,1.9278229326442318,1.4456728688839032e-07,-0.2500297862447504
62528.92892927519,1.423370057697669e-05,-1.9216491955690467,1.51232862080784e-05,1.7993597057541528,3.4624967885671736e-07,1.891620663956883
62529.12912891873,7.552801711298408e-06,-2.8912812986726455,7.449897419605967e-06,2.8391003288818752,8.743660139975575e-07,-1.7368076574654017
62529.329329308326,7.274173282992317e-06,-1.7991946084307293,6.848137515991623e-06,1.3925523544118708,3.393647965611257e-07,-1.801428006272142
62529.529529697924,6.646613689496876e-06,-1.7030754067257212,8.788457782633725e-06,1.6845693257725158,2.930504133271946e-07,-1.7340416727230363
62529.72973008752,7.064436656679542e-06,-2.7975510138375,8.165110496601768e-06,2.850688524927488,4.568726706744053e-07,1.5496493305446748
62529.92992973106,9.410781365244074e-06,-2.673774882766903,1.242184972995792e-05,2.795826395833294,6.156449385507541e-07,1.4794074589035258
62530.130130120655,9.084132819190457e-06,-1.914588878574978,1.0049897751483777e-05,1.903690194370484,3.850772673929613e-07,-1.5633949397084639
62530.33033051025,1.2663030820567997e-05,-1.687394760947882,1.4013024510514825e-05,1.790391338121079,4.4359893727618985e-07,0.910234562100071
62530.53053089985,5.737247846978029e-06,-2.27460818247749,5.423230753012025e-06,2.3583508561693787,2.4981456410438905e-07,-0.7852913002973906
62530.73073054338,7.094032911604216e-06,-1.8539698089134944,7.484974034503458e-06,1.668549418421088,6.952315945653469e-07,-2.684836281866213
62530.930930932984,8.500525820145497e-06,-1.8829191194388935,1.0343540991646626e-05,1.7400538118069624,6.580631350429056e-07,0.4498427353558365
62531.13113132258,1.0930378096329734e-05,-2.157123776189191,1.2078527838816972e-05,2.0106931075784447,2.894916647520781e-07,0.653386202048987
62531.33133096611,9.832833005723756e-06,-2.5795136635751974,1.168409288523665e-05,2.503633058800531,4.906925931145975e-07,-2.6952215895354286
62531.53153135571,3.365382641618365e-06,-2.6326228208196834,4.890663317370726e-06,-0.9000103349871128,4.009705178059005e-07,-0.61616600631265
62531.73173174531,6.707124164651421e-06,-2.96536134666958,6.215247943225724e-06,0.664144514842839,2.7911805268759625e-07,-2.1487028844012364
62531.93193213491,1.2446211590243494e-05,-1.9610724545254015,1.5623360373445602e-05,1.8902510442605533,9.410054487364274e-07,1.2858754431103077
62532.13213177844,1.0062300233745925e-05,-2.5562686956243774,1.1949191114743961e-05,2.617310738871945,3.6173480922479315e-07,-2.804814564180522
62532.33233216804,6.826260196867914e-06,-2.2232095690663902,7.206437434102504e-06,2.1208606394781846,4.7466727272027977e-07,1.3954624017208814
62532.53253255764,1.336258465979308e-05,-3.0591520248480064,1.5221311610038492e-05,3.042125694228963,2.6210775828714383e-07,-1.568210774047584
62532.73273294724,1.0642257554983599e-05,-1.7767693814710053,1.0568263952943918e-05,1.868244848830226,2.488849588897137e-07,-0.15037471995550564
62532.93293259077,5.400542097561339e-06,-2.0280343627757746,5.714445806086572e-06,2.0968016912725798,6.983420366456031e-07,1.102003358645976
62533.133132980365,1.0061068706911997e-05,-2.456670703807686,1.0637539389365763e-05,2.484405193554339,4.804702805113756e-07,-2.3616655813069807
62533.33333336997,7.330856920712372e-06,-1.4872592856512297,9.300136067918772e-06,1.5282333836582043,2.3593878352857827e-07,1.465550649910217
62533.53353375957,5.474961383915326e-06,-2.2990316858774866,6.920550832914066e-06,2.5587982319431406,3.0620564528585193e-07,-1.265458853485599
62533.733733403096,9.711184542372727e-06,-2.1519451751605234,1.251168385360914e-05,2.1328590314500473,2.3405758025279217e-07,-0.044051350973047625
62533.933933792694,4.552727463729816e-06,-1.5790253661723326,6.185632027733946e-06,1.6652588668200117,3.055492279537627e-07,-1.2828429220745552
62534.1341341823,7.911568703313355e-06,-2.143849269931418,1.1565646810931611e-05,2.019934611724825,3.6002447312826195e-07,-0.3968179158589431
62534.3343345719,5.477039537657261e-06,-2.7927810195634546,4.972630803160035e-06,2.589611960329243,4.22721166838298e-07,1.0600035504354253
62534.534534215425,6.126990810641677e-06,-1.450200481087274,6.054600747191035e-06,1.344849636466519,4.430872243889418e-07,0.9010407505921626
62534.73473460502,5.844717933072995e-06,-2.9043320171586324,7.0220171791776995e-06,3.036497931236726,1.027132525254271e-07,0.5756569192231803
62534.93493499462,6.7197281217202025e-06,-1.995301304712885,7.12155839612584e-06,1.969137702235271,5.59912791588425e-07,2.314964528706689
62535.135135384226,6.835101686842795e-06,-2.6212733622532367,8.553402944405945e-06,2.363809946346215,4.988351450891593e-07,0.7623467786355566
62535.335335027754,4.298263259901801e-06,-1.868225980633294,6.135394364770693e-06,1.8525240435291257,4.058743586055757e-07,0.45316480825632877
62535.53553541735,8.865461128302349e-06,-2.2602789938147554,1.079382053353154e-05,2.159318730471113,3.6721187063539385e-07,-0.050235599096605035
62535.73573580695,6.167839113727591e-06,-2.8806298792824694,6.711512663966736e-06,2.826435572858531,1.268833445717538e-07,-0.12849271968797504
62535.935936196554,6.59455480169822e-06,-1.8774898860107567,7.284005925258679e-06,1.7707151169058484,3.660920136133565e-07,1.2576871171732842
62536.13613584008,4.065190222504787e-06,-2.2177095065857793,5.923403014109976e-06,1.4207818364384435,3.876578980956189e-07,-1.7250629056654565
62536.33633622968,9.218957628945821e-06,-1.0545950766411205,1.029516552098576e-05,1.0177327859095002,3.431476599852774e-07,-0.5340648804512801
62536.53653661928,7.135959372427895e-06,-1.481974247078164,8.754047530919912e-06,1.352478295525977,3.9627402936326225e-07,-0.3448551279803606
62536.73673700888,4.520488437097796e-06,-1.9039137199786924,7.279741514130563e-06,2.030972968967689,7.06073481841715e-07,-0.8956068904701795
62536.93693665241,6.951524689396301e-06,-2.59368660591774,9.155729078717232e-06,2.4059939607801333,2.3678046395222766e-07,-0.6708951703171265
62537.13713704201,5.51283013927741e-06,-1.8680048626079662,4.506997191168795e-06,1.842337256379431,7.106659879039528e-07,-2.887547527526296
62537.33733743161,7.579954760549987e-06,0.09506020779288732,7.658267706840174e-06,-1.0764906299795902,2.857515057724584e-07,-1.794238952109933
62537.537537821205,5.6470394810112425e-06,-1.870769661484444,6.312902955907368e-06,2.821972557399214,3.3305344707324357e-07,0.19356298074545197
62537.73773746474,3.6465641909400214e-06,-1.5571385378458225,4.684416901292534e-06,1.2306200963606915,4.017488060615509e-07,-0.6207540928154259
62537.93793785434,8.10936114369367e-06,-1.5940334709957682,8.787327250272354e-06,1.552042869478688,2.682891192610919e-07,1.263267356397329
62538.138138243936,6.7224826184940056e-06,-1.9565728444537238,7.989687973608635e-06,2.0358207668175616,1.0247163782733632e-07,0.8558977160388503
62538.33833863353,5.395539589430095e-06,-2.036629212655323,4.203266605116773e-06,1.897615134305896,6.00987893386902e-07,-2.400859539878337
62538.53853827707,8.288981787886305e-06,-2.1549805073916617,9.116684060131335e-06,2.2446940582545145,2.487208471214846e-07,0.5070986243845227
62538.73873866667,7.059624991719764e-06,2.572964137364168,6.210268295459028e-06,-2.6071663154737355,4.6727414792895923e-07,1.7501510195971244
62538.938939056265,5.415078808913466e-06,-2.37969182081387,6.617054504533806e-06,2.3338331580103957,6.103847552154529e-07,-0.33131631445565524
62539.13913944586,7.493130907068624e-06,-2.6393799440129793,9.397891824196569e-06,2.6691319106229257,4.4910267454093316e-07,2.455533496682449
62539.3393390894,5.9367669535598425e-06,-2.109695346010094,7.095043987821769e-06,2.806883220784479,3.186678433558151e-07,1.9479654415273238
62539.539539478996,5.878988295338179e-06,2.869328784658299,4.426758949655801e-06,-2.571557847663083,3.348572187339223e-07,0.5068786781413733
62539.73973986859,3.5266442285106734e-06,-1.5004476794611685,4.180528779956243e-06,1.4579221397895672,2.3443324146719293e-07,-0.552267153401417
62539.93994025819,2.4839215134412267e-06,-2.0133342077168725,3.3580175350873393e-06,2.2125563254299165,2.8640722696861985e-07,-1.6965294908483008
62540.14013990172,5.913088311784864e-06,-2.180461626863233,6.87672589746142e-06,2.033678114383766,6.616180871074415e-07,1.4634063173172065
62540.340340291325,6.139546924007783e-06,-1.041387808438933,7.3685946431773e-06,1.2506714827322616,3.9914854966556593e-07,-0.5128057091333925
62540.54054068092,4.009389127641686e-06,-0.5235967439164967,4.272953967514799e-06,0.6400823605590655,2.6766812800900677e-07,-1.6127692996917127
62540.74074107052,5.661965872478042e-06,-1.7466474687676394,6.4600314901346465e-06,1.3478240789342695,5.599619531113395e-07,1.3328012562797502
62540.94094071405,8.785915753981146e-06,-2.223782163821264,9.671845387801695e-06,2.3435680720445724,3.343631928777575e-07,1.3255115997983462
62541.14114110365,4.642508169841916e-06,-1.739360287861089,6.624601553218677e-06,1.6082680999194823,3.284452074290723e-07,-2.3928446321846017
62541.34134149325,3.8165135824612985e-06,-1.2994480626900302,4.360000504799633e-06,1.0774898971101672,2.3759602365873377e-07,1.7267555546668545
62541.54154188285,2.7049440840562756e-06,-0.6798370402218119,3.374777509694535e-06,1.0184287514506767,6.808608342166137e-07,-2.541125845072004
62541.74174152638,1.6078761990230287e-05,2.532134301163754,2.1170690346052746e-05,-2.552195312110535,5.854597115575825e-07,-2.1974582672362297
62541.94194191598,5.708226746669722e-06,1.438063733117468,7.208623976697961e-06,-1.3055797220494147,2.705676413764893e-07,-0.8433360821881478
62542.14214230558,3.7865271329616075e-06,-1.5829000051500581,4.649350600912341e-06,1.5053366572148417,3.8033635389409906e-07,-0.47523907551525973
62542.34234269518,7.104621313440119e-06,-2.39433907052366,8.029656889123005e-06,2.3132002087679804,4.838441482792971e-07,-0.8276254905514663
62542.542542338706,2.7818778799639755e-06,-2.3864915655274257,3.896129365746474e-06,2.2835099126729883,2.413278079840143e-07,-1.6970999029222105
62542.74274272831,5.582559893999927e-06,-1.8839262337393023,6.02058134259587e-06,2.0275410620325425,1.158714486886583e-06,0.659005652257464
62542.94294311791,6.68413548245109e-06,-2.523613715954018,8.192017928576835e-06,2.607112283401006,6.965447152010104e-07,2.7200959660941164
62543.14314350751,5.160991010818113e-07,-0.19605418054391485,2.1746905071282845e-06,2.6187778482434463,1.052610886677319e-07,-0.590054190356267
62543.343343151035,3.7213887354478297e-06,-1.9620473053376006,4.125944962169117e-06,2.1351662910682587,2.5215433188473796e-07,-0.2749403581561385
62543.54354354064,2.1150356862963706e-06,1.1014848090452987,2.5031253138437495e-06,-1.1389272438038833,3.6998446852369923e-07,-0.4155673770888178
62543.74374393024,7.201463150426747e-06,-2.077752781136839,9.211967652101368e-06,2.1618238401598173,1.7012392787507926e-07,-0.19109765081080904
62543.943943573766,5.226207677741766e-06,-2.3810665285541757,4.6851381777935675e-06,2.4377422290308193,6.414281261399195e-07,-1.8504968439557832
62544.14414396336,4.004022296761923e-06,2.094057376673134,4.3066898889873375e-06,-2.4439333150001663,3.3492264652335524e-07,0.6138503666114111
62544.34434435296,5.108044669792365e-06,0.024824870574970594,5.6245330825019615e-06,0.3218616378502766,2.4510592179818083e-07,-0.047841390580777764
62544.544544742566,3.6967143221723333e-06,0.5313800357681404,4.082954972847154e-06,1.3378973297701133,3.8901630100127563e-07,-2.167534851816287
62544.744744386095,1.6797423729680237e-06,-1.8283623771417132,2.4194498480193217e-06,1.4678735228722886,5.819558341729972e-07,-1.8614205273526416
62544.94494477569,3.445760604030764e-06,-1.5981123495250156,3.571754702432594e-06,1.9782497248642,2.1336700170354457e-07,1.944370885481813
62545.14514516529,4.111489192509051e-06,-1.7516646876981967,6.937700661969777e-06,1.8453975434349512,9.678326542227734e-07,1.1863194234478633
62545.345345554895,2.299659061778818e-06,1.6458600184043917,3.6142551909233364e-06,-1.8584863269825596,8.684720034234252e-07,1.9684442951208436
62545.54554519842,7.3476609465360376e-06,-2.2894714844240407,7.048005204051186e-06,2.2404417944051134,4.122649586000964e-07,0.9623875185744556
62545.74574558802,3.3705837976525016e-06,-2.0242296986858244,4.260031415808461e-06,1.7876281062475332,5.83235265807374e-07,1.0590313848836754
62545.94594597762,6.6879514369489435e-06,-2.567571701505663,8.267320859086307e-06,2.654887204653264,3.8640819600456693e-07,2.5892678683238524
62546.146146367224,2.925599175935025e-06,-1.9370988042163522,4.273359921251861e-06,2.2234511373631114,2.56370917243851e-07,-0.910622269043897
62546.34634601075,3.942821886425296e-06,-1.519340352898862,4.217574027454418e-06,1.0290972089748056,1.5594341563364116e-07,-0.8235892688501629
62546.54654640035,3.924956482356642e-06,-2.505524830155663,4.191999893508605e-06,2.1906345142450654,5.865686139543227e-07,0.7372868183308373
62546.74674678995,3.4004168149909217e-06,0.11465530781226176,3.265360872820555e-06,2.4347685736156883,1.1530439381538943e-07,-0.9165583554692277
62546.946947179546,7.03351400928432e-07,0.38875466296957506,1.7000180267012859e-06,2.3177464788289495,2.311077119178044e-07,-1.499926010985864
62547.14714682308,4.724800463063276e-06,-1.5732255552646373,4.647096034504341e-06,1.6115821742771463,3.0363885288847134e-07,2.0667303630910863
62547.34734721268,5.655634402116893e-06,-1.5112889491398742,6.270424277519664e-06,1.7076202244823018,7.798204944576405e-07,0.4927599193855006
62547.54754760228,2.782358088204671e-06,-1.5904698916797377,3.1239318996230673e-06,2.0023019120189223,2.0347960428209467e-07,-0.08417373438087905
62547.747747991874,3.376090296846764e-06,-1.3879831792723165,4.839630469159445e-06,1.5477232992945438,1.339994960345955e-07,0.9278494262046387
62547.94794763541,4.585152599618486e-06,-1.3542358203408544,4.053708209389513e-06,1.139117019296597,5.343067820667899e-07,0.5153177845136181
62548.14814802501,3.186219677802792e-06,1.3144675680894817,3.369832568094325e-06,-1.1876579805606073,2.602935683857708e-07,-0.3053200544944486
62548.348348414605,3.4516385895971563e-06,-0.8396697600673119,5.4716613015234864e-06,1.096938037921085,9.232499448655241e-07,-1.9121552166886617
62548.5485488042,1.63672601243753e-06,2.200883760871369,3.002928502057426e-06,-2.399256171562492,5.664420036236961e-07,1.3691723876575363
62548.74874844774,2.263031102028489e-06,0.5956403547958288,3.2476623276182905e-06,-0.40617867888676495,5.419108294892477e-07,0.7623932790548763
62548.94894883734,6.401516566239479e-06,-1.9480469557274356,6.577534617315384e-06,1.8618427812209062,8.654061096144484e-07,-2.349949307739655
62549.149149226934,5.844890298427415e-06,-1.883720108664146,6.853004154493853e-06,1.7804551032376337,2.0825420158754554e-07,-1.9220004938017832
62549.34934961653,5.1942097393226755e-06,-1.237839248967033,6.255263879335619e-06,1.29351486294328,4.831410262783784e-07,-1.6780071097587663
62549.54954926006,4.615168003463734e-06,-2.6156241577233903,4.8832992968102636e-06,2.3964601114509754,1.2982388495154462e-07,0.3272315478294917
62549.749749649665,5.1219415509332425e-06,-2.7656079929592665,5.853825390983171e-06,2.8717101273607977,5.01219420525899e-07,0.29908609580479284
62549.94995003926,2.0236154613957275e-06,0.9610786864251062,3.228291407421497e-06,-1.2397734784277645,4.087173341304851e-07,-0.4451250649282865
62550.15015042886,3.0769380469506656e-06,-1.644335918507481,3.710714943607093e-06,1.5866546492870723,4.961484722345556e-07,2.331079060762412
62550.35035007239,3.061192371803103e-06,-0.3709171197073371,3.496263427674244e-06,-0.17966253447981398,4.440091678140651e-07,-2.5994507221358547
62550.550550461994,2.2739416464028235e-06,2.324442355308124,3.0497610731991164e-06,-1.983149044559886,3.051691486505547e-07,-0.9982869393313347
62550.75075085159,1.0186545172783646e-06,0.34637451241725264,1.693343905887979e-06,0.38696271397756693,2.954721877376901e-07,-2.0339635220226993
62550.95095124119,7.984870032929722e-06,-1.9591864443621465,9.13074667096483e-06,1.8887895681350655,3.7597077474294287e-07,-0.8615842503854119
62551.15115088472,4.963923033406632e-06,2.3226151411227165,5.498341239456493e-06,-2.338479033349303,3.813503798500566e-07,0.9666836832183234
62551.35135127432,4.0311860788123835e-06,-0.5847845500970773,4.326756707215694e-06,1.9762130385147627,5.129592512456111e-07,1.5995395642138357
62551.55155166392,4.4608312028710176e-06,-0.31239445308378755,5.066556918176261e-06,0.8935327116582005,2.761310817103335e-07,-0.01866383797379878
62551.75175205352,2.936951196213671e-06,-2.965839749646489,3.490647242272421e-06,2.766665039418472,4.3142307323173986e-07,-0.6540731973085121
62551.95195169705,1.0192236322222387e-05,-2.173502506843226,1.1610687476941345e-05,2.2704927632494205,2.3500463985577803e-07,-1.1467945649181601
62552.15215208665,4.069777181416887e-06,-0.8772551038517312,5.426900320936207e-06,0.838557527508567,4.0066007804700234e-07,-0.12591299639723527
62552.35235247625,4.310962721545682e-06,-2.096236627412015,4.397034186215495e-06,2.1815092955128574,1.742837875200424e-07,0.7805153115456633
62552.55255286585,3.35270275749052e-06,-1.7479374010804636,2.683378489518563e-06,0.2905007184804531,4.858833206947006e-07,1.108283299486635
62552.752752509376,5.973168075559497e-06,-2.714092738742315,6.6239368128085585e-06,2.7958185259843598,2.958503018045313e-07,-1.0875218381272762
62552.95295289898,6.1498080091931325e-06,-1.2089591194748412,6.352549657791721e-06,1.1310151760887364,3.081725728128857e-07,0.12776539252432567
62553.15315328858,1.2629434796265925e-06,0.5510710471563156,1.440839549208363e-06,-0.2974954824330867,6.740583881966429e-07,-0.47347180986903603
62553.353353678176,1.4946039018911976e-06,1.3777206668369684,1.6811452346704059e-06,-1.2105335582863392,2.3904219755291164e-07,-0.536076553411314
62553.553553321704,4.790742139241182e-06,-1.9170036372098458,6.178168884721287e-06,2.00479340565888,2.2502254576741257e-07,-1.362654041593419
62553.7537537113,2.9130412571570975e-06,-1.8946803549924744,4.124477264419807e-06,2.1102520658892545,4.477429550561673e-07,2.1128560638474205
62553.95395410091,4.521082416934211e-06,-1.1584426275958817,5.684925644207965e-06,1.2444312338506225,4.920609876145688e-07,1.9128708687618596
62554.154154490505,5.022646961430207e-06,-1.8814166421938185,6.633781693084898e-06,1.670644248235705,3.7083757672765207e-07,-2.6398232989296377
62554.35435413403,2.5030546488869308e-06,1.3770816137477848,2.120222359399104e-06,-0.2968478625574712,2.0373655484832585e-07,-0.9498338927085332
62554.55455452363,3.339759988615644e-06,-1.4481639029384974,4.134861054878627e-06,1.7648339997181859,3.2560021876481067e-07,0.8860716921588222
62554.754754913236,4.76769125799394e-06,-1.8748014711102643,4.654839822049344e-06,1.7736571159931558,5.548844904898667e-07,0.6136641985266966
62554.954955302834,5.981704951787383e-06,-2.7092211485831363,6.367291544079261e-06,2.749538401665911,9.080586597684057e-07,-2.3042495268395413
62555.15515494636,3.231391444833982e-06,-2.609203513931505,2.714380091022258e-06,0.4943640982722462,2.3707265552552758e-07,0.80787862738297
62555.35535533596,8.60483938193583e-06,-0.5182693817357735,8.973275017480238e-06,0.5201744328904438,5.185790442483001e-07,-2.8364479535905835
62555.555555725565,4.819502931258733e-06,-1.7620506118389452,4.897607083540138e-06,1.5192857498877619,2.1323610818115437e-07,0.5420208425394177
62555.75575611516,2.5757079457481762e-06,-1.56227368486745,3.4148743119278177e-06,1.7590338376146348,6.855644668990502e-07,-2.417127801851546
62555.95595575869,8.44646647469511e-06,-1.5221021298191106,1.0085558883932258e-05,1.5968489981884642,5.820404736073578e-07,-2.2890549460805536
62556.15615614829,7.23224578040587e-06,-1.1269312389105004,6.292942217745217e-06,1.0127309125562725,1.7218271485808866e-07,-1.4157746968025404
62556.356356537886,1.4506043132693914e-06,-0.22101427213315059,2.7470130290232242e-06,-0.3371019869349346,4.876935078325516e-07,0.13198243414308974
62556.55655692749,6.697240851045516e-06,-1.9818680031533626,8.5065214546531e-06,2.1136833435654703,4.908164681160218e-07,0.049053507841263805
62556.75675657102,2.533549352124851e-06,-0.8161028351380591,3.706697362634068e-06,1.201157191705763,6.062502643777884e-07,2.975168812809874
62556.95695696062,7.808272998123204e-06,-2.1009107788625467,7.318082177468112e-06,2.181927817780666,4.435940847918403e-07,2.0199278068520017
62557.157157350215,3.603575913462825e-06,-2.2475359082076354,3.1582114454474786e-06,2.2884013624945863,6.636943656004242e-07,2.4618943015292105
62557.35735699375,5.156444502587732e-06,1.828627657315597,5.60647625291601e-06,-2.2462085811448,4.020576706674467e-07,2.138640278688388
62557.55755738335,3.321882204131572e-06,-1.7037487685940012,5.327399468421517e-06,2.0569305271744165,2.772418630552551e-07,0.37774441526222474
62557.757757772946,4.580189518070351e-06,1.7179802568925948,5.5551330642899945e-06,-1.9974186010433417,3.546022422071751e-07,1.299909258645397
62557.957958162544,4.693511870258096e-06,2.8541620302336725,5.065863207778137e-06,-2.8835213197916616,4.572741673282032e-07,1.4264100190386064
62558.15815780608,5.042141694134545e-06,-1.873600191552769,6.261018737182241e-06,1.2750309182576878,4.505765811461489e-07,1.5676190131614678
62558.35835819568,8.581618418299205e-06,-1.7860383741126975,8.637341037147612e-06,1.8312082989720706,3.393169698857094e-07,0.0518330572574256
62558.558558585275,4.046185820467747e-06,-2.6822105371157487,5.196641949795232e-06,2.8722500017294994,6.775880879793953e-07,-2.042829539630675
62558.75875897487,6.0151131628687e-06,-2.598645289517586,6.249025827056656e-06,2.5726266680805088,3.984942709336622e-07,0.7568807028800294
62558.9589586184,5.8731619174666395e-06,0.3970539202031002,6.450451026479987e-06,-0.1853192486791211,3.8329601778741035e-07,2.4288502501507616
62559.159159008006,2.3942041445303062e-06,0.9584067377568596,3.0622724112533e-06,-0.2667094981748873,5.44931044282956e-07,-0.1706271909956151
62559.359359397604,6.641240524441578e-06,-1.7662905898842196,8.303430877320345e-06,1.3667778499429313,1.9953496621902065e-07,0.22351694694495328
62559.5595597872,3.585003729340929e-06,-1.3608998154454948,4.041289283030011e-06,1.920586452394138,7.888423415491086e-07,0.8814646532767173
62559.75975943073,4.368229507810685e-06,-1.09080302291859,4.7622208773944685e-06,1.3144352338737142,2.8432942719077426e-07,-0.7115754123048588
62559.959959820335,1.7736680642758524e-06,-0.8937720162044432,2.228045256434683e-06,0.5890337042547082,5.957304182341882e-07,-2.9782793838073216
62560.16016020993,1.9335295556559605e-06,1.0445313799007132,2.923795441216882e-06,-1.0462537683295596,4.989949697431038e-07,2.4253560480226675
62560.36036059953,7.285362460294774e-06,-2.4195157513515535,8.664493620370565e-06,2.5426078027649575,3.483859248253706e-07,-2.1479936120553957
62560.56056024306,7.83019832703365e-06,-2.872012275922348,8.547990954844315e-06,2.694085091804797,9.490787860006406e-07,2.8778770903460957
62560.760760632664,4.7722180893074904e-06,-0.9123450811616735,5.877583908355786e-06,1.1012521092550478,7.591488085117661e-07,1.442602420935909
62560.96096102226,5.2793581889775744e-06,-0.0014300474941186274,5.226321569888564e-06,2.6093338776556183,2.2941139302060358e-07,-1.7191471196951444
62561.16116141186,2.592567826799655e-06,-0.9953553367288445,4.353194954579909e-06,0.4706164380001648,2.9276475520966916e-07,2.5559565851787913
62561.36136105539,4.2015932371782e-06,-2.313574205126973,3.3755353231253575e-06,1.4619705576937296,1.0220557741499558e-06,3.0211617807478883
62561.56156144499,7.420425030499597e-06,-2.163232239349686,7.481324383475327e-06,2.198660648908643,5.609451352462179e-07,-1.6918341201628289
62561.76176183459,2.6933449670128193e-06,-1.4305164657712937,3.2216071772756113e-06,1.5896430702956477,2.490741200177945e-07,0.3985371170058467
62561.96196222419,2.102561984151228e-06,-1.2648767164895816,2.629659284523937e-06,1.3964938193238032,6.021732647648878e-07,0.9693874511146954
62562.162161867716,5.40460816668436e-06,-1.5861330910467983,5.924047928266137e-06,1.5314772575479039,4.907217525861773e-07,2.6966211554546136
62562.36236225732,6.19575984097082e-06,-2.1167150445799723,7.074414726322029e-06,2.046077261758746,4.6694458883967434e-07,-1.0335384480025036
62562.56256264692,9.323598958161647e-06,-2.3924947313621865,9.32528776028954e-06,2.3531214887382346,4.060892668919078e-07,-1.204099552299082
62562.76276303652,1.6236842875685244e-06,0.2021426974781274,1.5918570035898887e-06,0.30698127362345484,3.498620900357454e-07,-1.5893214922121144
62562.962962680045,4.443930935473976e-06,-2.3580175814810143,3.417817339539247e-06,2.9505509862468196,6.826216420408253e-07,2.022106663395665
62563.16316306964,2.4362458057659123e-06,-1.4634722910029374,2.379574013081219e-06,1.1144436852276762,4.001576934885686e-07,0.589751155229512
62563.36336345925,2.2291628974299566e-06,-0.42921279466199125,2.2071274941537496e-06,0.4809944282387189,5.127311704638385e-07,-1.4993706019829143
62563.563563848846,2.094668876364114e-06,1.690553432114957,3.140054756112472e-06,-2.034707455994776,4.354015888178935e-07,-2.7134069037644273
62563.763763492374,1.4770510355231345e-06,1.6883470537692573,1.760574061565856e-06,-1.7678469779273742,7.901717535215018e-07,1.0697011470183793
62563.96396388197,5.060580432818053e-06,-0.9245551373334154,6.2098153126634994e-06,0.8616906161966541,3.587712738509438e-07,2.66163286471093
62564.16416427158,5.212895160927832e-06,0.9919496278983055,6.404453663980287e-06,-1.038488945756329,5.325519240879426e-07,-2.0385440269177657
62564.364364661174,5.318535710243637e-06,-1.5706212266900847,6.434865696291938e-06,1.503685124510168,4.615787155854147e-07,-1.628055010975036
62564.5645643047,3.5526713701480914e-06,-2.007206641788669,3.960782581572703e-06,2.0680515342752632,3.3759257424469783e-07,-1.967173455105764
62564.7647646943,1.6681303210929476e-06,-2.7605826416913595,1.5182989561899892e-06,2.789043899382193,1.8628413314944508e-07,1.6442761679419602
62564.964965083906,5.51581459907875e-06,0.2694090684437158,5.9365021891146536e-06,-0.032235719171022754,8.079586815855887e-07,-0.9297470377697034
62565.1651654735,7.966327685698449e-06,0.8943430015019366,8.242938741931035e-06,-0.4800329871259627,6.480782673150745e-07,-0.76570926575027
62565.36536511703,3.1852458237220777e-06,-1.7344670808300777,2.472627670397448e-06,0.9706927604721505,6.169128769898561e-07,0.8738039307925988
62565.56556550663,6.244763805695342e-06,-1.2787520363684943,7.578103023552347e-06,1.37586439193879,2.174634577489452e-07,-0.6641558312793727
62565.76576589623,3.908916407017264e-06,-0.19078389109210886,4.753037626600629e-06,0.23727930982896278,6.571126726770345e-07,1.9808397152964938
62565.96596628583,6.498839648141838e-06,-1.3488388843502948,7.305270982656325e-06,1.1246637675931648,2.444144902667767e-07,0.6378221595688264
62566.16616592936,4.391460935207833e-06,-1.3123478940057518,4.623659911425613e-06,-0.06048735050446865,5.25814528883317e-07,-0.6892633338953289
62566.36636631896,4.626946102259782e-06,-1.0248358682851066,5.7894337593271954e-06,0.9736150428474614,4.0582924025898543e-07,-0.4923953252256865
62566.566566708556,2.031494889375185e-06,-0.16317758267603316,4.298381324092749e-06,0.18230074308458818,1.605166387060281e-07,-2.482415456143483
62566.76676709816,6.013595563958239e-06,-2.0997291209586533,7.570922145465055e-06,2.370254438994033,3.686596966941418e-07,-2.5789126389988675
62566.96696674169,4.96870374305626e-06,0.7578488365070469,4.696380447065322e-06,-0.24374422283237618,1.9296008214810136e-07,1.1714338491392835
62567.16716713129,7.411883748784505e-06,2.346287372006075,6.290811915297266e-06,-2.4244262318108407,4.521978442689143e-07,-1.3867624816232613
62567.367367520885,2.2197598406203618e-06,-2.0634268701241543,3.0223251438883018e-06,2.0981644338999406,7.085673305004612e-07,2.2432748787165737
62567.56756791049,4.009954821409076e-06,2.2559675698498474,5.790641688853734e-06,-2.3249590637528885,4.0083708287844234e-07,0.5993953338806309
62567.76776755402,6.101540561520707e-06,-2.7355782405988043,5.256057954419247e-06,2.5315587746861983,2.1110292485385958e-07,-2.0679853299707154
62567.967967943616,2.7722489499145414e-06,-0.1393269459701869,1.3552379618905767e-06,0.19092826832685866,3.505766992416537e-07,-0.6021577317100132
62568.16816833321,3.341880807182108e-06,0.6425509324998719,2.1662044847031444e-06,-0.4270865895820955,1.815834951503603e-07,0.9943096298929255
62568.36836872282,2.160069211493301e-06,-1.001781134194429,1.5524363294244615e-06,0.6183111858107446,3.2878795729640205e-07,-1.1976910244643115
62568.56856836635,3.871460467822373e-06,1.52377715082903,2.7964801415756725e-06,-2.126409665183332,6.34675802203581e-07,-2.271713983909369
62568.768768755945,2.214789615977756e-06,-0.9107968188492701,2.9498338605850365e-06,0.4414311735067555,2.234237417504292e-07,0.8422109602853186
62568.96896914554,4.661532199684048e-06,-2.087698530302626,5.01078811620694e-06,2.277538379586095,8.025766544644036e-07,-2.1010968406411363
62569.16916953515,1.966426886607065e-06,-0.4966533585134103,4.426317054995423e-07,1.1774376133351234,4.836859929264518e-07,-2.150768384240167
62569.369369178676,8.05442568016535e-06,-1.418068399058051,8.649088333632733e-06,1.398768222022742,3.6666385111563437e-07,1.211016820457876
62569.56956956827,7.992752483748617e-06,2.1761672428108256,7.6042533563722794e-06,-2.048706548698911,4.1314750220254126e-07,0.037148604980373666
62569.76976995787,6.7173909644765595e-06,-1.8970241151457818,7.911540751866549e-06,2.1248124893052447,4.885907014475595e-07,2.0481128658189696
62569.9699696014,5.690393749125245e-06,-0.2163585574273806,6.6674730408007084e-06,0.7311151656882416,6.21936968020206e-07,0.9940079911614021
62570.170169991005,5.101310461794833e-06,0.7369676727859099,5.9908653326555016e-06,-0.6540557705149895,2.909225990877375e-07,1.7509095894115627
62570.3703703806,1.1229550657595861e-05,-2.502812648203544,1.1612688671743264e-05,2.6483751986637576,3.769059099378107e-07,-2.0357423065869273
62570.5705707702,3.922200028162228e-06,-2.1731159662802266,6.1043729346613665e-06,1.9422138666859596,2.515614090884349e-07,-1.7120000089603227
62570.77077041373,7.947267098417311e-06,0.26727089295352835,6.621844572086034e-06,-0.6361660789183533,3.101431072357147e-07,1.3258694644056723
62570.97097080333,3.3562433877353056e-06,-0.2395938784978844,3.56468880339448e-06,0.27930332471583835,3.942887654645887e-07,1.3476318006996444
62571.17117119293,5.014216974300432e-06,1.2992944783006761,3.8512878206308525e-06,-1.1636114866250282,2.0318575831597661e-07,2.589870750447895
62571.37137158253,2.4081892586084596e-06,-0.7444068139890201,2.55820324624747e-06,0.05308137605065255,4.6952926389505275e-07,-0.5530361498964915
62571.57157122606,2.5607323617940293e-06,-0.7971948684881592,5.604050455441137e-06,0.7777510239722499,4.0820932465707444e-07,-2.753512646389447
62571.77177161566,6.248539072879175e-07,1.7681727536366443,2.0353766117545314e-06,2.0159610357829845,4.775768911256426e-07,1.457387091111232
62571.97197200526,2.742487636458429e-06,1.3760454664204083,2.2493257852647953e-06,-1.0979628917807074,6.811332472252825e-07,0.6691548104615453
62572.17217239486,4.039080521980232e-06,2.3152298820544703,3.3113769616566025e-06,-2.03843266357176,4.176514571759225e-07,0.2853625376864694
62572.372372038386,1.2341258507677722e-06,0.25842352950430336,3.5468517973999603e-07,0.8212377285551579,6.581060733193519e-07,-2.8934082195684
62572.572572427984,3.596503750887983e-06,1.9863534606014146,4.624995465215191e-06,-1.8210305814253962,4.6789316855535974e-07,-0.4867507590228824
62572.77277281759,5.2133144949132014e-06,-1.0316780379544632,5.5798916473509635e-06,1.056126619826367,7.440508701949068e-07,2.6055339826745376
62572.97297320719,3.563589495253983e-06,1.5543134061053983,3.1337963283257797e-06,-1.3200650511547134,7.45401137120294e-07,-2.3243831245721362
62573.173172850715,6.069870743102241e-06,-0.6061379102683201,5.2106128054608904e-06,0.6737923044323463,6.308570421664897e-07,-1.1435415964980071
62573.37337324031,2.6399408266337064e-06,-1.37318659003001,3.061807613681124e-06,1.6240895114313996,4.3739871713684176e-07,2.1138578777909953
62573.57357362992,3.4648775759465103e-06,-0.792795407748393,5.9732607146693285e-06,0.7292706807650691,8.640867497772615e-07,-0.19305048762112031
62573.773774019515,3.375652570233113e-06,2.3008714603884552,3.942797624756822e-06,-2.3178201488193695,2.3272118380988154e-07,0.01252325991136194
62573.97397366304,4.7813547315689434e-06,-2.2875533285990186,6.956702942775668e-06,2.408081551802096,5.40806172279443e-07,-1.8960455936920049
62574.17417405264,5.0592297767960934e-06,-0.9934610371098672,5.411095066184442e-06,1.4930323132659213,1.4476644126902333e-07,1.260774312483972
62574.374374442246,2.5690967114995446e-06,0.6344909136877444,3.071667095856418e-06,-0.7501377062392338,5.452015688971644e-07,-2.5647869540489303
62574.574574831844,2.286885345554055e-06,0.7557327935692193,2.3837969416880306e-06,-1.6812686363362703,4.611071965533593e-07,-0.13490544474476504
62574.77477447537,4.864953973168997e-06,0.9207065819108053,5.294585506619448e-06,-0.9893996684902435,5.886204509409392e-07,1.6824408556456474
62574.97497486497,5.663084372673557e-06,2.6078986969965934,5.2413575979868185e-06,-2.4483100473797235,1.3125952147867185e-07,-1.6323067290955395
62575.17517525457,4.5342284118419935e-06,-1.6109483231062929,5.707452641289754e-06,1.747343975012206,1.995753088608718e-07,0.6445113378145754
62575.37537564417,8.68146513835232e-06,-1.741033156352725,1.1371410132146355e-05,1.7778621738237785,6.635494412955425e-07,1.0150579060359004
62575.5755752877,1.6867183263077979e-06,0.22673472345593668,1.9124865252931586e-06,2.5434297433856616,1.7597869382297924e-07,-1.140472162042699
62575.7757756773,1.5103874204992369e-06,-0.3588249309406613,2.5062058135889603e-06,1.4829424595382068,9.646524387852784e-07,-2.4977788250350415
62575.9759760669,5.053437214862294e-06,1.248866224026291,4.638012352356157e-06,-1.3624958847315098,4.0976652835194383e-07,-1.0083820358114064
62576.1761764565,1.4065691477003082e-06,-1.0039936293697465,2.0336752217918855e-06,1.6461964194039427,6.104005324596363e-07,-0.6645620200089489
62576.37637610003,4.106202819615279e-06,1.2510602619578188,5.214033701811571e-06,-1.2035859364104708,5.035175948536754e-07,1.355968252144097
62576.57657648963,9.158712051244557e-06,1.9619396335517758,1.1828413807116353e-05,-2.104528335024943,7.378606731895676e-07,2.725193485524219
62576.776776879226,8.347742928441885e-06,-1.5930172412309573,9.114241714122457e-06,1.6331743725649746,6.731194299038621e-07,2.5728753357986873
62576.97697726883,8.50805755759932e-06,1.3266648929246396,7.747375562000002e-06,-1.2310661943006835,4.665180661248743e-07,-1.7654510937618328
62577.17717691236,4.055443266715004e-06,-2.192829759846884,4.196710141218516e-06,2.3997576827725986,4.38897740787738e-07,-1.3282954939774807
62577.37737730196,2.0821799479065403e-06,0.8566253848880961,1.4983320035352391e-06,-0.00023512955128507547,3.9875662073044016e-07,2.233764508311368
62577.577577691554,9.327810423661087e-06,-2.9157691427619303,1.0094435738886598e-05,2.9779954866126337,2.2261713107836766e-07,-1.252811147202435
62577.77777808116,2.9405384518841926e-06,2.9981527991403123,3.2321241808594123e-06,-0.08570402701618464,6.582939433157672e-07,0.45833465080781755
62577.97797772469,7.764504877587185e-06,-1.7726865194928854,8.064369190444078e-06,1.7694943070414764,2.8647757183430494e-07,1.2901871567138028
62578.178178114285,6.901799255149317e-06,-1.2692358753830535,7.65668778507181e-06,1.1519139004325962,6.063579786109244e-07,-2.1605018824606317
62578.37837850388,4.241045495312234e-06,-1.5344281749088373,5.344540445065827e-06,1.771949026203731,4.095889935503685e-07,-1.5463870581291246
62578.57857889349,4.431820423384669e-06,2.7424726331603244,5.679224956155894e-06,-2.8135696675299258,2.8230459188535575e-07,-0.06725009415648824
62578.77877853702,6.751404588372654e-06,-0.7479321286674192,7.0240447154402315e-06,0.6772379063929959,3.3687486900663026e-07,-0.5609330698440889
62578.978978926614,2.2811654209891805e-06,-2.45420371286108,3.619584356162154e-06,2.552061467039489,2.566509466087488e-07,-1.1097892442003325
62579.17917931621,1.949122680454769e-06,-1.3294491141917097,2.251593951848577e-06,0.8540238391341513,3.665250786570227e-07,0.77379732368968
62579.37937970581,6.492722325163737e-06,2.0843462627313762,7.5012219281905996e-06,-2.223871471897536,2.0302880868658765e-07,0.8775509167954253
62579.579579349345,9.361626783142187e-06,-2.9166171208199687,9.789413749133988e-06,2.9849283010915872,4.3035963896559094e-07,0.011458904207308544
62579.77977973894,3.3227394259464972e-06,0.4378797851565748,3.33179238781433e-06,0.10442655020061337,2.856518087087968e-07,0.27157259959708735
62579.97998012854,3.653533708131938e-06,-1.6413698697435215,5.302305468081747e-06,1.8988624259659832,2.7563734451844446e-07,-0.909011168257149
62580.18018051814,5.345396015911536e-06,-1.9411162039648957,5.503210908923134e-06,1.8100656821069723,6.422419729788405e-07,-2.819634630870084
62580.380380161674,2.296518935226191e-06,-1.673958893677282,2.02653527078957e-06,-0.3421737294748159,4.2213514819953706e-07,-1.941312872903005
62580.58058055127,4.321319218237595e-06,-2.547730179749602,4.7554525662643595e-06,2.680301053813211,2.297099157233303e-07,0.6337814624210347
62580.78078094087,4.1740793502818505e-06,-0.8260655023979129,3.3847843509615683e-06,0.6408902276784333,1.8132916069242253e-07,0.7417889585415047
62580.98098133047,2.681694672058749e-06,-2.4046917326536237,2.946119880471879e-06,2.5668579636141566,3.4370495922829e-07,-0.163337227355547
62581.181180974,4.2911324475681464e-06,-1.1003519522837433,5.342279186262874e-06,0.8512743359136875,3.2448657615691887e-07,1.4016101563496004
62581.3813813636,5.033542938440426e-06,0.4318820022772204,6.2362402062156885e-06,-1.1775656129314893,2.2061151539339307e-07,-0.6690281762293763
62581.5815817532,4.4752310985550386e-06,-1.119786039361179,6.1680857392570215e-06,0.704147795223784,7.845067609265613e-07,-2.0784962472495296
62581.781782142796,1.4769902572693483e-06,-0.5288268821884398,1.1678472891668536e-06,0.2513489641050347,4.908540219460066e-07,1.2261876915289303
62581.981981786324,4.87790226482242e-06,-1.9257083768842644,5.112264202176658e-06,2.061790145514389,5.442188317723323e-07,-2.5175294678895943
62582.18218217593,5.97143891001903e-06,-0.6456691956378008,5.9921362036277e-06,0.755656784847085,7.333228728514919e-07,-1.8128243751266035
62582.38238256553,3.4004787564005465e-06,2.4312349125224184,2.686635010257117e-06,-1.3316014074399163,5.538347270463508e-07,1.2179028182698364
62582.582582955125,4.260819254418404e-06,-0.31998991105505825,6.120547712865516e-06,0.4265657636056729,1.1007417873860172e-06,-1.301875926924482
62582.78278259865,3.41781831324241e-06,-0.49452609342403736,3.409507187603611e-06,0.7453839606503978,3.5948592915195904e-07,0.34212807551212937
62582.98298298826,8.307237853036861e-06,2.110194266356088,9.753104545122621e-06,-2.856584548654708,4.955974701327432e-07,-1.686632210651901
62583.183183377856,3.0522694598594736e-06,-0.15537190570164716,4.688528654955221e-06,-2.837132355056071,5.717211550110239e-07,0.3136238226576865
62583.383383021384,2.2644770187207547e-06,-0.4441465985185224,2.827078594238659e-06,0.08260683640563889,3.8469473492114124e-07,-0.07391366200997763
62583.58358341098,3.3438097049373776e-06,-0.8043574515537453,5.455927635427422e-06,1.4375242274372304,1.6017635238250414e-07,-0.7823698443854321
62583.78378380059,2.4701476851873954e-06,1.1422729580060063,3.3643426724307556e-06,-1.3897607009332256,3.650138710650759e-07,-0.22212820277487588
62583.983984190185,2.909970673431907e-06,0.029889835554726248,3.094104572945606e-06,0.08283082901058576,2.4524958909826704e-07,-1.1281240854254766
62584.18418383371,3.1738292473267695e-06,1.102727121568674,3.0482763932254504e-06,0.505120233491746,2.0432320189189053e-07,-0.43017874198069156
62584.38438422331,4.681387919351634e-06,-1.6443174781548957,6.53456489500797e-06,1.8307658151168864,4.6579551706966787e-07,-1.1207108824985628
62584.58458461291,2.9200167957756425e-06,-1.682960596832266,3.4855637431381185e-06,1.4316835180039031,5.765784541116667e-07,-2.6483119776145156
62584.784785002514,2.0975412228925403e-06,1.041641630700016,1.22195959609477e-06,-0.06789431509620014,4.7041983784198404e-07,1.058190174551355
62584.98498464604,5.486944374748987e-06,1.942089896384482,5.571285755211135e-06,-0.7556328872193258,4.304665414907895e-07,2.3247091027037015
62585.18518503564,4.340445140898998e-06,-1.3745869635505972,4.613512242479772e-06,1.553101954649768,4.6698948881996693e-07,-1.8051321139865346
62585.38538542524,2.1093571364423397e-06,1.8741835371826199,1.3885219667416476e-06,1.5205807408333778,6.469434655029565e-07,-1.9573256520901612
62585.58558581484,2.1543878088465513e-06,-1.429154461002301,2.8528479580947454e-06,0.32356448810933214,3.575914085544656e-07,0.21335483599086075
62585.78578545837,2.9727331165294682e-06,-0.8217998619450223,3.887555069865661e-06,0.9271475721772585,1.0250040557151365e-06,-1.9525452078238696
62585.98598584797,1.6442055631230292e-06,-0.266284832692477,2.6479998899303893e-06,0.439707713195754,4.2728445457707614e-07,1.0665759331543014
62586.186186237566,4.26869254053922e-06,-1.1535977241153854,3.629179673535903e-06,1.9267018457514846,6.960647696077538e-07,0.5112551580753877
62586.38638662717,3.4778686192765367e-06,2.537305806695395,5.3943724871849575e-06,-2.453654169475298,4.313844992426292e-07,0.6785380580804747
62586.5865862707,1.6293251522689075e-06,-1.5362917576074255,1.7027912676536121e-06,1.8136096710999197,6.592335130639238e-07,-2.216846749483505
62586.7867866603,1.98776496426381e-06,-0.19307289209212536,2.522930359266631e-06,0.857602883383448,4.3572599808002644e-07,-1.9493030623011032
62586.986987049895,2.444747172613144e-06,-1.5594429224321469,2.6222877338211588e-06,-0.2417273078994033,2.806746199353569e-07,-0.2118297863066195
62587.1871874395,2.3166215098801633e-06,-1.529459341514556,3.8856026845331315e-06,1.3233324728484919,4.051258501695598e-07,-2.2126907654378347
62587.38738708303,3.248901965194345e-06,-2.7455810258939866,4.118352787253186e-06,2.754137836046937,3.460962075343642e-07,-2.5889638418037864
62587.587587472626,1.913086754142029e-06,1.584289511268259,3.4888201547027087e-06,-1.4544234540999696,1.8457427805039224e-07,-0.6327213630142018
62587.787787862224,3.400163005207826e-06,0.25932122960136234,3.266562365553925e-06,-0.31028857226469964,5.91526793066104e-07,2.0729146429768
62587.98798825183,6.05093433098829e-06,-2.5005929656714136,5.4157566429151835e-06,2.4491749974394668,2.9184968584735215e-07,-1.8770716769957985
62588.18818789536,5.6335370070719695e-06,-0.7549785350875864,4.803935565282624e-06,1.2522553403344798,5.263929312042788e-07,-0.26662761889034714
62588.388388284955,4.935166962050687e-06,-0.1848263841136373,5.364189762988842e-06,-1.01756200728829,1.811447455178089e-07,-2.1075142923675063
62588.58858867455,3.40057176846841e-06,-0.326752010761662,6.2225857032074365e-06,0.09218636337344178,6.438823991525118e-07,1.6238583600098933
62588.78878906415,4.880533998972214e-06,-1.7113243235426816,7.310438582514797e-06,1.7579025747748243,8.383093647564791e-07,1.5535340426244852
62588.988988707686,6.558950336331408e-06,2.784971835974616,6.5050211340487275e-06,-2.8876155221309165,6.355005214896795e-07,2.580768231105841
62589.189189097284,8.033682039880388e-06,-0.7005921552021417,9.225694139594673e-06,0.8479199192139668,5.198091056680412e-07,2.4378383374219808
62589.38938948688,2.0903103369845224e-06,-0.7647620894099473,2.703424116380672e-06,0.6581428180491672,6.740239481429696e-07,1.1893552608469966
62589.58958987648,4.504128431236811e-06,0.1442426812255497,5.134607483410791e-06,-0.32433844068801415,2.784869027462394e-07,-2.5172738015387086
62589.789789520015,5.327732832881266e-06,1.471900885823817,5.941192602310483e-06,-1.4242293571958495,4.1625015380566964e-07,2.711774468071633
62589.98998990961,3.9680890544344505e-06,-2.4620511687329794,4.197176144167528e-06,2.043125515613777,7.210824559740544e-07,-1.3404668030704778
62590.19019029921,1.2288765836248874e-06,1.3436606174557892,1.994818564461968e-06,-1.860846394950615,3.5704523415578583e-07,-0.8070406611001136
62590.39039068881,5.522936214651504e-06,-1.6925151873681876,5.117588466643208e-06,1.5570954725910668,2.9440920824368687e-07,2.0923451421651795
62590.590590332344,1.3813996564173603e-06,0.14508044479396856,2.604723685195519e-06,-0.507612145842537,2.1595807953483487e-07,2.33152793347779
62590.79079072194,4.81330908786294e-06,2.1578245073228555,5.015552236970147e-06,-1.961256084022136,4.961910865505856e-07,1.1570319958757471
62590.99099111154,1.730211851301093e-06,-2.5090865678789274,2.9123414204232754e-06,1.8134340939131661,3.126616068970479e-07,0.19086002185618733
62591.19119150114,1.8756508886481084e-06,-1.031662519477189,2.50954248507891e-06,0.8243395680867538,6.966071324481774e-07,1.505775359337682
62591.391391144665,4.651543122103751e-06,-1.7734966248221085,5.059496610418032e-06,1.4716320741015247,4.0859253552421653e-07,-0.3837595978522746
62591.59159153427,4.885894180594546e-06,-1.7823294349182521,4.109266487327721e-06,1.8486387458008942,7.41523064866075e-07,-1.0616495304418183
62591.79179192387,4.25917690203053e-06,-2.5664846115066275,6.041460132058843e-06,2.5994994999468273,5.343360000731589e-07,1.2826528473624927
62591.991992313466,3.6820531718061568e-06,1.2505920662037726,3.302904716752272e-06,-1.413520737602316,6.674252559104661e-07,0.9518875304449378
62592.192191956994,1.417011988407842e-06,-1.0795405532038966,1.2993418140318044e-06,0.21302452225593813,9.045239618754118e-07,-0.7439940517675522
62592.3923923466,2.597338691444096e-06,-2.077502205077711,2.1005859085936773e-06,1.650785969643081,8.807486528609307e-08,0.48853584884774026
62592.5925927362,2.902535735078514e-06,-1.9502710256250007,4.173900097716866e-06,1.706601392363699,6.139124561489719e-07,-2.9496749841990924
62592.792793125795,7.504945871241305e-06,-2.361508015803799,7.1574232561604585e-06,2.0572072893788915,2.1737739945629145e-07,-2.217378142651387
62592.99299276932,2.0580190137062157e-06,1.900140332960732,1.9191515664112074e-06,-1.9276356897622235,6.652284299395821e-07,1.7066965103867564
62593.19319315893,5.589481059706529e-06,-0.6060849036129947,7.111231478805515e-06,0.6101163677111775,2.1361556658325758e-07,-1.7954870120807096
62593.393393548526,2.768801290593996e-06,0.9331484092216491,4.269634324380443e-06,-1.0424539562121864,7.844419857053776e-07,-2.1597573784904247
62593.59359393812,1.968589084078879e-06,-1.5091310663446573,2.1871252580662606e-06,1.7645356158887437,1.0979807038067228e-06,-1.1281992840886257
62593.79379358165,2.890075938371781e-06,0.5764950605430914,2.565794067850989e-06,-0.44919359329167985,4.019159974802311e-07,1.5518523402329965
62593.99399397125,2.962701552045468e-06,-1.4726874944150516,2.8652404477373705e-06,0.5359214198478588,2.333887475704194e-07,0.893118397856326
62594.194194360854,5.30094929273357e-06,0.1783710058144798,6.05764804523361e-06,-0.496794415724979,2.527256860625421e-07,-1.3201852055253764
62594.39439475045,4.119789104356627e-06,-1.110563909028564,3.5512769586594794e-06,0.9219264514513151,5.657155792841338e-07,-1.0171011407336232
62594.59459439398,1.0570169417998689e-05,-0.6931011761955306,1.1691271091187913e-05,0.7834236486341036,1.0734864022288995e-07,1.1113487071717416
62594.79479478358,4.457568934039052e-06,-0.8442859987324925,5.248771630879468e-06,0.5344239147826622,4.273828461284718e-07,2.18657468312483
62594.99499517318,3.3470929317915455e-06,0.5170646591489358,4.3863956849547815e-06,-0.9000216365182118,2.7577732886952627e-07,1.8243137209568718
62595.19519556278,5.761833737818973e-07,1.0858657186937817,1.5932355892545333e-06,-1.2790690083753693,4.216874987663486e-07,1.0767542759085664
62595.39539520631,1.476099819098895e-06,-0.5941158377153345,1.856697866193957e-06,2.1963665953716043,1.8440496308855834e-07,0.8159281638687181
62595.59559559591,6.5710965370600835e-06,-2.368844010465928,6.906191658951547e-06,2.415778526175131,6.859781557170348e-07,-2.628544276604647
62595.79579598551,9.78966148388899e-07,-1.7302152665793347,1.665184278581624e-06,2.246937605193468,2.821332930118025e-07,-2.5620486883156413
62595.99599562904,2.594351015884619e-06,1.5505741152862424,3.2141128411860022e-06,-1.8250937801981957,4.523710449680532e-07,1.6354830122625499
62596.19619601864,1.2454096965101057e-06,1.5305545576080792,1.7612453560348147e-06,-1.1088428225054534,2.7658001049791994e-07,2.2360675996626678
62596.396396408236,3.87367202949764e-06,1.368121608673634,4.067749705124819e-06,-1.6916331622188443,4.31928772904413e-07,-1.0239841251842727
62596.59659679784,4.607843822219393e-06,-1.411267468612244,4.948933017201581e-06,0.8156913805277564,2.2022545931767386e-07,-0.0720826366022816
62596.79679644137,1.1930438817408147e-06,1.9159231987554879,1.6595445117289502e-06,1.8274534858956535,8.08218805559512e-07,2.72369611130171
62596.99699683097,4.6552483278881754e-06,-2.2955491974998896,5.30545131224509e-06,2.1278295191565264,5.602951300981915e-07,0.7013287900472149
62597.197197220565,7.383644353106401e-06,-0.17020925752196683,5.832048348456596e-06,0.1838888672045922,3.164061241647592e-07,-0.5821623963208886
62597.39739761017,2.6392947386593504e-06,-0.8793502879677201,2.8707272539219623e-06,0.8860035374824592,4.5275608328722794e-07,-0.694361273999913
62597.5975972537,8.412306600326223e-06,0.29636319869814515,8.696449901495442e-06,-0.48198931082035545,1.597078448558506e-07,-0.7452081012491029
62597.797797643296,3.484697136717814e-06,1.829715046463614,3.847906588373982e-06,-1.6654307978706968,2.511038682046647e-07,-1.3556492769294826
62597.99799803289,3.0615818959226778e-06,0.005702784111321988,2.991012910645654e-06,-0.3383209265585471,2.5710127144657043e-07,1.854040245714618
62598.19819842249,1.1357596281238736e-06,0.7238394234399532,5.620181914090346e-07,-0.4201359199837933,6.778376178524573e-07,0.41379998542519864
62598.39839806603,5.197809589550389e-06,-1.5001309964923721,7.042722833171082e-06,1.6863591365562478,2.1959064603199107e-07,1.7174537636756815
62598.598598455625,2.039868199282228e-06,-0.8647793630636457,2.793160832012508e-06,0.7296714336305786,1.1206158677600285e-07,-0.4698974759585402
62598.79879884522,6.676116339031047e-06,-1.4190980541570433,8.174921661501047e-06,1.3589168832895653,4.539747919975357e-07,-1.573732633782101
62598.99899923482,5.771403645321039e-06,2.879073320068016,6.159052970769763e-06,-2.5814832600588624,3.6921270171068607e-07,-1.4029071107895792
62599.199198878356,2.2388133405485146e-06,0.234747200653457,4.004432092988248e-06,1.2581203840940371,2.4155440256666586e-07,1.5128645691788598
62599.39939926795,5.451063481432759e-06,2.3864264753081943,6.8352963958532436e-06,-2.48497544007884,2.95116851475014e-07,-0.6939175047120538
62599.59959965755,5.435320654445408e-06,-1.7620798190485762,6.029715972570365e-06,2.3977332302251804,1.7669261641697957e-07,-1.2840973974467305
62599.79980004715,6.47009042584633e-06,-1.7031532267795957,5.403807286630388e-06,2.427061200143254,2.122050980323328e-07,-0.5757148793794699
62599.999999690684,5.560579431961748e-06,1.0884374165346729,5.716792902681083e-06,-0.8468521185653183,1.1849611375669418e-06,-2.6732071222927107
