Frequency_Hz,Amplitude_d1,Phase_rad_d1,Amplitude_d2,Phase_rad_d2,Amplitude_d3,Phase_rad_d3
179499.99999999022,5.3710580330148756e-05,-0.5128707275134432,6.418220063900108e-05,0.3564392376079409,3.9860072339688e-07,-1.2084761717817778
179501.00100119214,5.773446078649841e-05,-0.4892108067988062,6.993171813023405e-05,0.3771245676262851,5.860440928947104e-07,-0.40043523708060924
179502.002001648,5.459620875849661e-05,-0.4772525543280736,6.591271806742532e-05,0.3295782125760068,2.4471027527919404e-07,0.7569939112019071
179503.00300284993,5.23706094627138e-05,-0.5814286910368135,6.171759608825203e-05,0.4616843627328622,4.038911039491212e-07,-0.049940233837894796
179504.00400405185,5.5814133507961615e-05,-0.4823459615534124,6.843029325162464e-05,0.336161342556175,2.018738215044892e-07,-0.2684151900470797
179505.0050052538,4.777558760879917e-05,-0.5239771628293362,5.566693233905703e-05,0.37905052199878075,1.6803125860428393e-07,-1.0309784226172802
179506.00600570964,5.960483299326759e-05,-0.3325522959118591,7.58312345404456e-05,0.19890305143775894,6.292417254453402e-07,0.1748225067659877
179507.0070069116,5.872962549148037e-05,-0.3823004833821241,7.306793024533165e-05,0.2281167206389358,5.429382513009189e-07,0.1605105412930144
179508.0080081135,5.498579782952576e-05,-0.5252626847784349,6.380767997712323e-05,0.4011389616531911,7.064228114530653e-07,-1.822893028938572
179509.00900931543,6.061487002308959e-05,-0.5007433069517784,7.588497665596866e-05,0.38832280979205297,3.014639505688256e-07,0.12073887227670836
179510.0100097713,5.0993617412309414e-05,-0.37082560979125295,6.227597185674566e-05,0.1895281296601772,3.3564626913284265e-07,-0.010489659586813397
179511.01101097322,5.666806749276359e-05,-0.459039051386138,6.910573664696219e-05,0.32838438109287754,2.504594040191316e-07,1.1354589686199006
179512.01201217514,5.363907620671786e-05,-0.40184066519339123,6.560219897801241e-05,0.26682637656010216,2.933516945621676e-07,1.5838125114109882
179513.0130133771,6.009269899503849e-05,-0.5630366941725784,7.359745999665857e-05,0.43057191115054555,4.0627118530770336e-07,0.23993275705713382
179514.01401383293,5.527517058615992e-05,-0.4903233223628632,6.632593723068236e-05,0.3658673085892226,5.769300179229529e-07,-0.06251353973678929
179515.01501503485,5.214194173046192e-05,-0.4458230096378049,6.230601066607085e-05,0.30570042034214884,6.858441401760872e-07,1.445518700749744
179516.0160162368,5.85010003014953e-05,-0.46424276455487073,7.075563358657667e-05,0.3304870683355907,1.2422183765126765e-06,-0.48563375355482236
179517.01701669264,5.3948276872827534e-05,-0.5773176397777178,6.433082333399414e-05,0.5050954484753962,2.3095737734188737e-07,-0.9406413261923594
179518.0180178946,5.2928404507545995e-05,-0.49338034930747837,6.440331984977352e-05,0.359073097398864,3.992277141741615e-07,-0.7097081711678694
179519.0190190965,6.377089170579989e-05,-0.40410261474848036,7.884378602207225e-05,0.25076667383216494,2.805192137934199e-07,1.7554693315960619
179520.02002029843,5.050497433081704e-05,-0.43827001162738377,6.079204302593391e-05,0.2893373209709203,4.90864757997729e-07,-0.026216924919887384
179521.0210207543,5.465029799141022e-05,-0.5107612793026433,6.685866624638338e-05,0.3893095571022363,4.427266459032711e-07,1.03300781837139
179522.02202195622,5.690057031495542e-05,-0.4818985298247606,6.915517539909427e-05,0.3471535644949299,2.865078681426399e-07,1.9172985067573989
179523.02302315814,5.218906574718451e-05,-0.46869525019648206,6.306067630278054e-05,0.341364360481899,3.1694287038570753e-07,-1.3372408708957375
179524.0240243601,5.338665716197285e-05,-0.40562458455777295,6.471874636574688e-05,0.24530976982470676,3.1229440649658915e-07,-0.5759217809336564
179525.02502481593,6.048787574675658e-05,-0.4665949977341919,7.35992729627041e-05,0.3341599848944745,3.308979057658726e-07,-0.6199778354923031
179526.02602601785,5.5699721063354685e-05,-0.5402151870795378,6.557252109987404e-05,0.39639623046723277,2.7611238780014865e-07,0.1846755184914728
179527.0270272198,5.514450736682304e-05,-0.5367712243268629,6.727695103053743e-05,0.4117770356529595,1.7614651835441555e-07,0.9711921244852582
179528.02802767564,5.974128488493448e-05,-0.5391153669100026,7.322427004172507e-05,0.42634605882236354,1.8086763971859566e-07,1.9990995932249156
179529.0290288776,5.45709656926398e-05,-0.34406531675466295,6.765325812395034e-05,0.1585911590591446,5.182117871086094e-07,0.19824562058546227
179530.0300300795,5.34122093013247e-05,-0.4133201060691111,6.363113239143842e-05,0.2518377939391166,5.183368775417189e-07,2.7164223010972797
179531.03103128143,5.4627996265940056e-05,-0.5472939107662746,6.462452681666299e-05,0.4344487255372097,2.0834250020358814e-07,0.23374634061746058
179532.0320317373,4.850358427984608e-05,-0.33679948962190775,5.823878049813608e-05,0.13537969748520481,1.8300381435619202e-07,-0.01939186827535959
179533.03303293922,6.220040059187859e-05,-0.40659192725245996,7.95654020017243e-05,0.2612183074247363,2.848073231033244e-07,0.5069776591617587
179534.03403414114,5.837766597240246e-05,-0.5446087330598156,6.975433898450046e-05,0.4365541943717555,7.807884156326009e-07,-0.815576733878773
179535.03503534308,5.4289204697623985e-05,-0.4147919668595777,6.670510895551412e-05,0.2689117198295763,4.124495210068691e-07,0.7847110754690774
179536.03603579893,5.125881126477454e-05,-0.4199698895271336,6.214063401035969e-05,0.23974494391310402,2.6137018185156826e-07,1.548297740414276
179537.03703700085,5.972324639586258e-05,-0.3582237711207787,7.629871358929366e-05,0.22341757908295465,6.413006964945122e-07,2.154124993624403
179538.0380382028,6.0552592375590806e-05,-0.4904466690822131,7.461036188291034e-05,0.3639894027296895,2.691214289399326e-07,1.4952557240411632
179539.0390394047,5.6554715745673526e-05,-0.34049760583912225,7.136601772291197e-05,0.16434676250607666,3.234362866921596e-07,1.1972586358828343
179540.04003986059,6.039120009007839e-05,-0.5426623472475164,7.327256904513661e-05,0.44532332020120224,3.012576530431353e-07,-0.1956585836419317
179541.0410410625,6.29014619672262e-05,-0.45738951536376954,7.881917677994735e-05,0.33346203485004056,5.374188303494255e-07,0.5295121899545991
179542.04204226442,6.0228411108319594e-05,-0.500127086606616,7.441157478506678e-05,0.365850228626444,8.110936443155945e-07,0.3830186455178054
179543.0430427203,5.935446952294514e-05,-0.6649908289386145,7.190821578866808e-05,0.5640910056727784,3.8640060131601124e-07,-1.0852094674212738
179544.04404392221,5.841560836198113e-05,-0.4655009982374033,6.976197529475212e-05,0.32755381183409227,6.243069160014422e-07,-0.8426340533510202
179545.04504512413,5.9611856675886393e-05,-0.398250373747974,7.464443373575083e-05,0.26950369665053525,8.441611757422814e-07,0.3957505166417897
179546.04604632608,5.918255130032876e-05,-0.5800277176429989,7.262347929318384e-05,0.45912169044331474,6.381254179049678e-07,-1.3883762362896603
179547.04704678193,5.346307118639764e-05,-0.46888128081346137,6.39312139439333e-05,0.29310566324495235,7.216588369702463e-07,-2.7871544722107515
179548.04804798384,5.264869215975081e-05,-0.4024025182701535,6.401269042091016e-05,0.2524551005687378,4.1622857493341276e-07,1.1791493658395462
179549.0490491858,5.639139424621387e-05,-0.4868109052418435,6.966721193183972e-05,0.37163809988311824,3.5221211633518137e-07,-2.782260216956968
179550.0500503877,6.0373579379550466e-05,-0.42137449050269554,7.548879517781057e-05,0.29718914664536256,3.702870998866861e-07,0.44050457807110943
179551.05105084355,5.825167328726115e-05,-0.4592742399524102,7.213826253873529e-05,0.3295643835641234,1.1269511935159415e-07,-0.5551829097142267
179552.0520520455,4.972237956611893e-05,-0.4368894376192,6.075370151548526e-05,0.2313740816347144,3.9372752902786305e-07,-1.3481656461886495
179553.05305324742,4.6707937466026484e-05,-0.3658852051211912,5.6903091059924385e-05,0.15676890326961856,3.014303655257522e-07,0.12056448958888491
179554.0540537033,5.6725138337633513e-05,-0.4982350520444273,6.919547375702508e-05,0.36431798994773423,4.2780687500377005e-07,-1.0576762251194385
179555.0550549052,5.3460391509480156e-05,-0.3578337529625168,6.612951624035388e-05,0.16416136333725423,9.87811458878848e-07,-0.1092408332926762
179556.05605610713,6.10462551260099e-05,-0.42191792865105165,7.494874321151643e-05,0.2755118172495044,3.211368272762325e-07,0.28607621818453294
179557.05705730908,5.13461968603555e-05,-0.4854027888122027,6.116416565238132e-05,0.32733647858833903,4.773616252671747e-07,-1.9732080388928033
179558.05805776492,5.307187466582841e-05,-0.5530245870019947,6.435971117999892e-05,0.4061774114406108,6.690349380300831e-07,1.4798202750238056
179559.05905896684,5.4667525616219545e-05,-0.5676170626873607,6.571821643136809e-05,0.4325922910495882,2.423693054537099e-07,2.2822943020499724
179560.0600601688,6.568805522658302e-05,-0.44501557492274835,8.340566032168313e-05,0.30857696783738636,3.1438133452862877e-07,1.8015020717878716
179561.0610613707,5.3159729968705427e-05,-0.5118026992740263,6.312980511274909e-05,0.37555291814170927,4.5892543435271797e-07,-2.054909815065601
179562.06206182655,4.819409063653436e-05,-0.5224615167489993,5.605779563341095e-05,0.3534665623137157,8.498863287366904e-07,-0.20181085159164405
179563.0630630285,5.944809428983803e-05,-0.4046536773250136,7.502085901639095e-05,0.2521014830078334,4.0906309543492706e-07,0.18389694348071375
179564.06406423042,5.8403785062588854e-05,-0.45764752898708505,7.031947780883957e-05,0.32702267876273045,5.282813955838995e-07,1.9470296160149996
179565.06506543234,5.70927011742771e-05,-0.5481406051573458,7.006464988008838e-05,0.4450125940234844,4.00520565386586e-07,0.42985893645054263
179566.0660658882,5.3700833936295844e-05,-0.5430790154811482,6.43223626345112e-05,0.40714349730373006,2.1848260851635062e-07,1.7216987270096689
179567.06706709013,6.0016754242786014e-05,-0.40588021458412266,7.434527290537325e-05,0.26108649565773995,6.647143509200247e-07,-0.0525796720843769
179568.06806829205,6.080637347302152e-05,-0.45477245549694556,7.301318793579017e-05,0.3055357581823886,3.541346566235581e-07,-0.5563167252960636
179569.06906874792,5.332299471174579e-05,-0.4230854528648084,6.376220443506273e-05,0.25521603202001325,3.712555760487208e-07,-1.8559598754960833
179570.07006994984,6.117281885371e-05,-0.42023422699911156,7.567642576346028e-05,0.3014771299431029,4.747006926909636e-07,1.320302045506902
179571.0710711518,5.3595932651257735e-05,-0.39418087830602505,6.550572056030639e-05,0.23384761775195576,4.3244748905543813e-07,-2.226765776054886
179572.0720723537,5.764658584353328e-05,-0.4330796282911256,7.114255648996112e-05,0.26868869591126276,1.4946201802375938e-07,-0.5314545645417161
179573.07307280955,5.832590459773149e-05,-0.4047206797637333,7.309850044953696e-05,0.2815396403794991,4.5266372889559684e-07,1.663290123945703
179574.0740740115,5.557311640092628e-05,-0.5054602838402921,6.740545129364919e-05,0.37644990748513707,2.926960134979484e-07,-2.5032157073541463
179575.07507521342,5.256237301531194e-05,-0.468175062503137,6.359462420272705e-05,0.3082105352195702,2.7652251156147415e-07,0.6454460219648601
179576.07607641534,5.757782768206135e-05,-0.44987146163052605,6.902343329957816e-05,0.3189645792182983,6.152910571424682e-07,-2.555855613066423
179577.0770768712,5.519070629034473e-05,-0.5243184945507912,6.607564025710869e-05,0.3768735003180865,4.799865606675829e-07,1.7381625561551628
179578.07807807313,6.000391342740702e-05,-0.5078834276514712,7.336414370521113e-05,0.3724996863151722,3.0037446391677364e-07,1.8334189927296376
179579.07907927505,5.1629916778768206e-05,-0.44622443896626796,6.0571528086395915e-05,0.3129344136411303,7.058489511163176e-07,-0.030601984150414062
179580.08007973092,4.916758981941241e-05,-0.4898312687483325,5.772078115282131e-05,0.31530990862620023,3.056670226681097e-07,1.3527689099815032
179581.08108093284,6.059273095565773e-05,-0.602087814542285,7.363398119179622e-05,0.5172226766237197,3.013122897007346e-07,-1.6363588143374264
179582.0820821348,5.431846974399556e-05,-0.5153797382175309,6.515716953251441e-05,0.4117678011509526,6.763707465867762e-07,1.64982987992618
179583.0830833367,5.519545003547781e-05,-0.4384497588153537,6.757345074565869e-05,0.2898979222651531,5.378483090752058e-07,-0.3228205237701477
179584.08408379255,4.93284757701329e-05,-0.482071901217978,5.862052985955325e-05,0.3272530624958547,3.73326790378788e-07,1.3425933030179547
179585.0850849945,5.9278997896523745e-05,-0.44119751204282487,7.421690877577923e-05,0.3094376909965233,2.773753426466583e-07,0.49858111721325293
179586.08608619642,6.011741243854484e-05,-0.36856012302127567,7.306790334927075e-05,0.21589088889037805,2.812358196169492e-07,1.9159217895562601
179587.08708739834,5.559111853423292e-05,-0.500571728123487,6.707830957095319e-05,0.37691871271748656,3.3139438504502036e-07,0.6155051623562279
179588.0880878542,5.294119504363675e-05,-0.4578920693844999,6.410411831950173e-05,0.31200530374653085,5.124130451086544e-07,2.3500010106504265
179589.08908905613,5.237428600434607e-05,-0.43215485220696515,6.49510206010894e-05,0.30576535434665153,4.638971122064233e-07,0.15899125640804965
179590.09009025805,5.756970301778097e-05,-0.46167647667702355,7.063072173552114e-05,0.3149262465806212,4.252840135018547e-07,-0.2311603968338222
179591.09109146,5.858514856389803e-05,-0.4590578645522852,7.495150206087781e-05,0.3201605622266087,4.5386534337272533e-07,0.7434872973506753
179592.09209191584,5.5344927634807514e-05,-0.34225009407815254,6.840865424153538e-05,0.18920760628281227,4.0744844331633724e-07,1.5996762443349266
179593.0930931178,5.645609666180312e-05,-0.46800166651575664,6.751448819402426e-05,0.33224811103783847,3.2706920606071554e-07,0.7374931306455726
179594.0940943197,5.952315444827471e-05,-0.3418979376273717,7.454180961766745e-05,0.1803969449507421,4.469061798246013e-07,-1.5868579073321212
179595.09509477555,5.6092127234798114e-05,-0.5998655358485065,6.602858829941131e-05,0.4820504454946395,3.396309225605047e-07,-0.5660078679211448
179596.0960959775,5.532106021549607e-05,-0.5237518590775193,6.699522029265604e-05,0.3683124909047804,3.0765192532358334e-07,-0.7375137416941621
179597.09709717942,5.7944453409553724e-05,-0.45467622348902653,7.324706391475677e-05,0.31856203403695893,4.875717608303288e-07,0.018047810903649583
179598.09809838134,6.322839411868674e-05,-0.2924177553738348,8.096787995453308e-05,0.1465245136739673,4.601072220477622e-07,1.939851288961736
179599.0990988372,5.1936876677656406e-05,-0.3720790294984377,6.287665849715181e-05,0.21155754231286952,2.0949747098362362e-07,1.1474727934417654
179600.10010003913,5.537894828283911e-05,-0.5445358947537664,6.859635622196468e-05,0.40779595299268634,4.3898645662131857e-07,-0.9298837945576768
179601.10110124105,5.4242876323776944e-05,-0.47533152460812644,6.575455254523021e-05,0.3609107604138041,3.979910731544867e-07,1.2318713965784531
179602.102102443,5.53775736885985e-05,-0.39297905905425906,6.819711593778544e-05,0.22324313829341105,7.279623604213385e-07,0.5371674937126479
179603.10310289884,5.540657549323414e-05,-0.5292476643926526,6.782740648553463e-05,0.37887042300964036,4.476443784846577e-07,1.4076694035910946
179604.10410410078,5.8069995701481446e-05,-0.5302592484418378,6.980061134221225e-05,0.3995003921163549,3.86431489439769e-07,1.1318942643815812
179605.1051053027,6.304001147127345e-05,-0.4958903437843812,7.833346087114349e-05,0.3648263293328471,4.0956452301194715e-07,0.1328125723807921
179606.10610575855,6.0833652076603764e-05,-0.5329905547522742,7.359845090467012e-05,0.3918822558418232,3.60043722427824e-07,1.6406698805845061
179607.1071069605,5.999049941152888e-05,-0.5773145207833917,7.217212696855565e-05,0.48260353527375693,4.024833399446171e-07,-2.441045251805416
179608.1081081624,6.588694372868464e-05,-0.3903891846560684,8.24105266174134e-05,0.2866541559642208,3.085189747255356e-07,-0.09619283107014306
179609.10910936433,4.955601699903001e-05,-0.46966244554352077,5.8910280762981925e-05,0.3086963193057447,3.649578960978589e-07,-1.2154481487998916
179610.1101098202,5.918626972701716e-05,-0.6075408101758367,6.898911391696566e-05,0.5091063558513845,1.1955480098349255e-07,1.0791842645229663
179611.11111102212,5.4357278767399757e-05,-0.5742003283027444,6.522771153710104e-05,0.4459082780423883,4.4846421187622976e-07,1.4687378275521055
179612.11211222404,5.517187951066246e-05,-0.5226856307565104,6.725582729604808e-05,0.3735888702032493,4.1270000910766336e-07,-0.077559898783642
179613.113113426,5.754670402065564e-05,-0.3966315856021252,7.150362459329105e-05,0.2485652849054031,2.570506791536595e-07,0.48880737361155085
179614.11411388183,4.9501634271385663e-05,-0.5692002822339325,5.745861558921975e-05,0.42588188180745495,1.7266565997382372e-07,-1.1208955832831504
179615.11511508375,6.144910360077846e-05,-0.41917223203987597,7.63950813956305e-05,0.2872872125888615,6.118366655783033e-07,-0.013672331417249071
179616.1161162857,6.168408255125957e-05,-0.36527920454157947,7.781248764622385e-05,0.22462832363218854,4.794859777552726e-07,1.9133129735888177
179617.11711748762,5.4373540285573255e-05,-0.3704378857962791,6.620519086833433e-05,0.21223733529917174,2.2983943924617705e-07,1.1744137805852826
179618.1181179435,5.0143079933477295e-05,-0.4680240899538889,5.982865632377659e-05,0.30450268047367407,3.889303899897404e-07,1.136775688352198
179619.1191191454,6.134282933883372e-05,-0.44790122240469493,7.679758276191459e-05,0.32262950579337357,4.288996455435647e-07,-0.7146471378800413
179620.12012034733,5.740938697836438e-05,-0.41960839478272716,6.983740381626359e-05,0.2544097503772743,8.039372518466751e-07,0.339130936142657
179621.1211208032,5.798980061957356e-05,-0.39458635842247985,7.303838274051098e-05,0.2283807904843351,8.153985038327439e-07,0.34638830964825507
179622.12212200512,6.118572141139044e-05,-0.47351198417317375,7.576919090304288e-05,0.3618922081410393,4.2105186358443644e-07,-0.16017696149783908
179623.12312320704,5.897014225126452e-05,-0.38121419168348114,7.408586283557045e-05,0.22737861758201994,4.364478905375771e-07,-0.7361583175984034
179624.124124409,6.08401409882347e-05,-0.4430349371628043,7.58090730959539e-05,0.30912291145660326,2.5577055222281097e-07,2.714998902957409
179625.12512486483,5.6766346636644456e-05,-0.5353313275496591,6.903085303496059e-05,0.3970632084586793,3.1672744952479617e-07,1.1949478970292322
179626.12612606675,5.904054833413171e-05,-0.4257587956060952,7.193417712438858e-05,0.26119395291344916,3.7432461996359697e-07,0.707484756404816
179627.1271272687,5.4792919901787367e-05,-0.5821611595690347,6.668045214035232e-05,0.4721367649358662,3.890419299037659e-07,-1.0800180298934476
179628.12812847062,6.250769364316597e-05,-0.4146532416527877,7.662359705398171e-05,0.26016620952194797,1.4405543207515057e-07,-0.5638232773608394
179629.1291289265,5.781631864440295e-05,-0.46169029236591347,6.937322680656154e-05,0.3198466856533323,6.536861617545782e-07,1.2367575048422217
179630.1301301284,5.6348577401416606e-05,-0.4486213391912147,6.991953726241696e-05,0.31442579684296124,2.071480348118368e-07,1.0353471657927014
179631.13113133033,6.007456725319055e-05,-0.5465706023560711,7.296622673649162e-05,0.4195237502890586,3.833707648417163e-07,-2.8149847338146814
179632.1321317862,5.8897748989937375e-05,-0.42911332233334204,7.27304142483608e-05,0.29330350909144315,2.756397774372256e-07,1.6514943968840976
179633.13313298812,6.46643066002467e-05,-0.49483144107059424,8.0211534340509e-05,0.39679827856415373,4.3250374141206555e-07,1.238027851154452
179634.13413419004,5.351654741206255e-05,-0.5651203957657711,6.313166945468955e-05,0.448558162360774,7.300277409917108e-07,-0.6023103194942104
179635.135135392,6.425020282767716e-05,-0.4394291801680253,8.109131117932825e-05,0.31115180991690333,1.889869143300852e-07,-0.40785349590694703
179636.13613584783,5.5360161844663626e-05,-0.42210739645995404,6.711744136763065e-05,0.26780470948663054,5.661653600918301e-07,1.5261424027069468
179637.13713704975,5.5432297475273906e-05,-0.56050100598235,6.624111741976535e-05,0.42570752962751796,5.297285769517223e-07,-1.0483704647604777
179638.1381382517,4.685920644425979e-05,-0.5075737265176645,5.417244173810977e-05,0.3161443248805966,3.0030534689017506e-07,-0.5430278590733438
179639.13913945362,6.427581835202033e-05,-0.39749770333320034,8.059594388685649e-05,0.27607783598204194,1.933592304394473e-07,-0.5286939840202192
179640.1401399095,5.64342024057975e-05,-0.5476462036495281,6.906016682009239e-05,0.4237132610353811,3.6642747274817014e-07,2.4285883617869226
179641.1411411114,5.436261891428267e-05,-0.44384229534123937,6.572588361808063e-05,0.29013104887302305,3.597839150624041e-07,0.144766797199967
179642.14214231333,5.574660442808124e-05,-0.4362971388654916,6.736168948307763e-05,0.29008276859811405,4.77485364379543e-07,0.9270883816038301
179643.14314351525,6.215473650480094e-05,-0.3966872339345331,7.634329216648023e-05,0.26268730829634374,4.919609037553011e-07,2.1921700339593277
179644.14414397112,5.396479620996984e-05,-0.4399756578908183,6.730204214264154e-05,0.2892434393863006,7.391990677040515e-07,1.397930423533534
179645.14514517304,5.6808274285067385e-05,-0.47730795045819074,6.873728678134265e-05,0.3515190883590301,3.6235505670478063e-07,-2.1579313888659604
179646.146146375,5.956817286280584e-05,-0.49025129602350276,7.13954842943118e-05,0.37103091144252914,2.2482720396563294e-07,0.6880128646970304
179647.14714683083,5.951187767214627e-05,-0.4527620747007688,7.329820870871778e-05,0.3424517710055501,6.562352679160961e-07,1.3139226878974688
179648.14814803275,5.244838171864279e-05,-0.41924407486223825,6.392162272039332e-05,0.2649648545310389,3.467212555716852e-07,0.11968034220208357
179649.1491492347,5.29760390162477e-05,-0.4945816082262056,6.454114913386652e-05,0.3538285812702511,2.0091514807738483e-07,-0.8264881436657046
179650.15015043662,5.593211389697279e-05,-0.512503485793739,6.971206967440669e-05,0.4087732042041163,3.307986320233584e-07,0.486556794985429
179651.1511508925,5.5084798918169145e-05,-0.49356825045120356,6.932530386493807e-05,0.3486026137412485,3.9073120557370477e-07,-0.2603748778795659
179652.1521520944,5.642581236623852e-05,-0.4645628933798109,6.891323385537931e-05,0.3265355642045149,3.452637532804041e-07,1.6309355501841505
179653.15315329633,5.731785310439849e-05,-0.5075898802336679,6.948243770184445e-05,0.3803191879327898,1.5364661192291079e-07,-1.0546932899421053
179654.15415449825,5.3078170419589535e-05,-0.4805915914412441,6.356154326702813e-05,0.3111570556247083,4.23236126373346e-07,0.49286878042745835
179655.15515495412,5.598265108643795e-05,-0.492753536061839,6.745336861008921e-05,0.3659876831763598,3.755180696628628e-07,1.450811994037981
179656.15615615604,6.03735013938163e-05,-0.45191995765546955,7.511139205032805e-05,0.3109161823208049,6.567528061378987e-07,-0.35205598191316395
179657.157157358,5.781621282207672e-05,-0.3773992943446483,7.072825831559686e-05,0.22275062601483672,6.590539562489032e-07,0.8652051668985377
179658.15815781383,5.9338266145910235e-05,-0.5267111196392412,7.295257246767522e-05,0.41953583835986596,1.0797144006425216e-07,-0.3378550965004684
179659.15915901575,6.0123471160921856e-05,-0.4711218578740063,7.40372709659422e-05,0.3164483937775351,2.5344209734658477e-07,-0.5344131544453585
179660.1601602177,5.566577574683209e-05,-0.456921902544242,6.83309608369495e-05,0.3071358952400962,2.460346376735754e-07,-1.2924732791678686
179661.16116141962,6.0569327323278246e-05,-0.3906816810900632,7.700839476212972e-05,0.24184742439423168,2.4940871677646897e-07,2.3529484348550858
179662.16216187546,5.495219743708256e-05,-0.4967410353967715,6.643502142274563e-05,0.3655115636212097,4.795326842638562e-07,-0.02598388443208397
179663.1631630774,5.587468440386525e-05,-0.5387374661530183,6.515917350694146e-05,0.4192766590722554,5.12832883629844e-07,-2.2255836542794305
179664.16416427933,6.112849359696529e-05,-0.4530152027997303,7.576314722168409e-05,0.30655082960361735,2.281117815219755e-07,-0.48552349563514546
179665.16516548124,6.428708496526805e-05,-0.4864709512245954,8.181767239276077e-05,0.3701494068535192,1.6816609855626942e-07,1.2359828679139702
179666.16616593712,5.744066934317763e-05,-0.5085372742190695,6.992512659201335e-05,0.3850820582477191,5.088205941138346e-07,0.925563936648038
179667.16716713904,5.3286937677375454e-05,-0.4752559200512798,6.39103184048586e-05,0.3317071250979684,3.907586420749343e-07,1.4062165067985848
179668.16816834096,5.360755331261341e-05,-0.4291423051360322,6.53038753958269e-05,0.28175066957685113,2.2301495507996707e-07,0.8366691779243851
179669.16916879683,6.397036209649848e-05,-0.46447430974251835,7.929205630831424e-05,0.32072353439850165,1.6116199255966823e-07,0.6849770865611269
179670.17016999875,5.9143423710946747e-05,-0.41885452345629615,7.370076603494551e-05,0.28534079288412456,2.7375838777689487e-07,2.311301822750273
179671.1711712007,5.9134967554551934e-05,-0.5459834770430511,7.341949350665443e-05,0.42639810029790937,2.962648939057143e-07,-0.10647558432291082
179672.1721724026,5.824177473581207e-05,-0.4204818398263809,7.114227874105668e-05,0.28778228942668327,2.902145435633533e-07,-0.3632489851500281
179673.17317285846,5.757129854505333e-05,-0.42620409255195146,7.068458907562204e-05,0.2582871543989594,2.9531955663207277e-07,-1.0540409868097396
179674.1741740604,5.489436541793459e-05,-0.41226092368229633,6.911478375576313e-05,0.26762255471215624,6.115336779904885e-07,-1.8246940332515686
179675.17517526232,5.2492365547632194e-05,-0.4930016536427388,6.248982747066292e-05,0.3477409030194428,2.1706412520269842e-07,1.036526157076217
179676.17617646424,5.2822999043557534e-05,-0.5034210880029815,6.143219257174888e-05,0.3639459966447871,2.833028383647858e-07,1.143288958981661
179677.17717692012,5.895540714725253e-05,-0.5318518604044478,7.094067480191237e-05,0.42309763876896933,2.385844481702782e-07,0.7431892053334117
179678.17817812203,6.0524215537246835e-05,-0.4930431341365468,7.4082629175334e-05,0.37765930730221126,3.640863555407901e-07,-0.9009721993823909
179679.17917932395,6.23134610211198e-05,-0.5961989314754939,7.691756980863559e-05,0.48350285922913866,4.395353428384484e-07,-0.7926741771124305
179680.1801805259,5.747178493302175e-05,-0.5158816931762236,6.922402754092466e-05,0.37854220868459604,5.374930319548825e-07,1.5669828620989468
179681.18118098174,5.569118775701589e-05,-0.4676720169609542,6.7804804192243e-05,0.341398108647586,6.885567829474326e-07,1.3042687669192734
179682.1821821837,6.448322693106025e-05,-0.46237355283524395,8.107748548629469e-05,0.33414313836829107,5.66971222405741e-07,0.17108596891060593
179683.1831833856,5.769466842969835e-05,-0.36270742460747524,7.22323263868443e-05,0.20817875732550364,6.330053325922835e-07,0.4179807024372293
179684.18418384145,5.829668735129786e-05,-0.5171415739361408,6.996381041396935e-05,0.39131644557151113,4.706753709727563e-07,-0.6504766468483615
179685.1851850434,6.153808936711993e-05,-0.36726049266942223,7.701496336155053e-05,0.23894822320086836,2.781625493648357e-07,-1.6437905406279931
179686.18618624532,5.623401499727201e-05,-0.5365011860451216,6.628762531843889e-05,0.41170325626753046,3.657278426927756e-07,-2.279334295167639
179687.18718744724,5.813397688076476e-05,-0.3621987776077294,7.148064613634705e-05,0.20327758103272947,4.25201310100637e-07,1.8015834741677297
179688.1881879031,6.0752216988292017e-05,-0.3136516290459603,7.722779081751309e-05,0.1310236931204107,3.1999282401183937e-07,0.9918226281465691
179689.18918910503,5.655169396358055e-05,-0.5523334952389771,6.876219433486855e-05,0.42686836756963853,2.728961411544795e-07,0.8970880892435116
179690.19019030695,5.34038563880002e-05,-0.4106685704428309,6.340356443714655e-05,0.2689580320790605,5.364646849491773e-07,-0.6761034374206072
179691.1911915089,6.112203299983429e-05,-0.4079988979056619,7.547801682185119e-05,0.2768387907488621,4.3412274981633366e-07,0.6904375153395951
179692.19219196474,5.402022445549736e-05,-0.5635837960935844,6.533729680881715e-05,0.4136716669764085,2.7544592556017426e-07,1.6903374543788134
179693.1931931667,5.689904718829933e-05,-0.3664614060267776,7.16560522909208e-05,0.19415867101440593,5.610947590361329e-07,-0.47325145738742713
179694.1941943686,5.294849317461056e-05,-0.3946159391578996,6.486259450310514e-05,0.23403633229464843,5.961309789802031e-07,0.5264847521473917
179695.19519482445,5.6875629344906674e-05,-0.44381842676947325,6.90596554691972e-05,0.30544629712483407,3.33833728043002e-07,1.423416079275771
179696.1961960264,5.2617229929520296e-05,-0.3921720043850353,6.430255080944571e-05,0.22946459938039263,5.350829688418722e-07,-0.11921442504222439
179697.19719722832,5.266312927107104e-05,-0.46684124263270954,6.2155422623236e-05,0.32108552422192727,3.2682731292498323e-07,1.740696255403849
179698.19819843024,5.860225180989601e-05,-0.3898268288356484,7.398454352320225e-05,0.22768947697450173,3.922112583524326e-07,0.3551267310399513
179699.1991988861,6.067283524187993e-05,-0.3848521515672129,7.499458943389379e-05,0.2409698208758493,5.233729507024031e-07,0.8313809641143536
179700.20020008803,5.366464154906778e-05,-0.473158777805591,6.390052218664945e-05,0.348409693722798,7.141626266784748e-07,1.5817338206933302
179701.20120128995,5.6113446888140496e-05,-0.5311195634429885,6.644900856734274e-05,0.3948367606703085,6.027259417224367e-07,2.0572509956647167
179702.2022024919,6.067715509424798e-05,-0.6157170607631517,7.42644510380857e-05,0.5133127019157819,4.285567754129731e-07,0.9655123040418165
179703.20320294774,5.728231725337527e-05,-0.36116138097745815,7.147526887816191e-05,0.21134417209278916,4.74326936798635e-07,-1.6736280538300077
179704.2042041497,7.020153680990324e-05,-0.6026969005647066,8.676224226025597e-05,0.4956404512590636,2.13148680062186e-07,-0.9059486552617215
179705.2052053516,5.5878453696279286e-05,-0.43513053853416506,6.61794421596345e-05,0.30061173966871163,2.384777205354583e-07,1.319027784532402
179706.20620655353,5.486988736413147e-05,-0.48976257466637024,6.616096782383563e-05,0.3232584054612616,2.587873103171171e-07,-1.9711708399484487
179707.2072070094,6.05711503019811e-05,-0.5693631306752363,7.538115844045715e-05,0.44996169767331745,4.5415196763005e-07,-0.26706895295572786
179708.20820821132,6.196277502029825e-05,-0.4687363254532881,7.675052304648196e-05,0.3443379196408188,3.3544989403346547e-07,-0.2824232970505293
179709.20920941324,5.349695823269237e-05,-0.5133074423029306,6.208625051545943e-05,0.3494169214876067,2.985151396718879e-07,-0.948978031976506
179710.2102098691,5.2760010294133353e-05,-0.42165860963058843,6.53622753128595e-05,0.2776730478005796,5.260376997004225e-07,-1.1372724327089003
179711.21121107103,5.809331450819567e-05,-0.405821073707496,7.408882930752252e-05,0.2507824889709219,5.076788077040217e-07,0.025107258928586475
179712.21221227295,6.32936845481823e-05,-0.37342048654305393,7.972983837399244e-05,0.25007855165925336,3.2649983878209656e-07,0.7496606042276681
179713.2132134749,5.119820646270125e-05,-0.5928438158722011,6.056222502837905e-05,0.4512845160063198,5.081037742539531e-07,1.912197269368668
179714.21421393074,6.283958308979739e-05,-0.5016782482734005,7.90387268192639e-05,0.37423946878253017,3.781082299592784e-07,1.0197009897517844
179715.21521513266,5.370377259298508e-05,-0.42805401243588337,6.597974113507638e-05,0.2789184214873473,4.155406150374281e-07,0.5409230212233624
179716.2162163346,5.6497744426958585e-05,-0.41022652101217255,6.943217577547222e-05,0.2717414820052875,5.603527180254076e-07,0.17734847943399304
179717.21721753653,5.6314713182736916e-05,-0.5503775094363921,6.662323079415335e-05,0.43195241895201075,6.937704342538145e-07,-2.5119846593309414
179718.2182179924,5.7067455286359016e-05,-0.5737318788670002,6.758258689479766e-05,0.4661190754240018,4.513208411517178e-07,-0.5660558161016647
179719.21921919432,6.120540485125471e-05,-0.3720651323898859,7.792724579149262e-05,0.23860096825263932,4.616019322392207e-07,-1.3011571967680182
179720.22022039624,6.073454507262876e-05,-0.46074758149071454,7.576043911014646e-05,0.3481111746734548,5.022873730963543e-07,-2.2885216284041823
179721.2212208521,6.0223021054770573e-05,-0.4340390559394145,7.341232496996197e-05,0.3145631352724161,1.7178633387926577e-07,0.28496927363762053
179722.22222205403,6.237695603475626e-05,-0.46952213301360685,7.89104633402462e-05,0.32614144532863576,2.907842031447046e-07,1.6068317684533995
179723.22322325595,6.0928524655271034e-05,-0.481874082361035,7.59916068026458e-05,0.3362719660335792,5.802328122337216e-07,0.4697637764890303
179724.2242244579,5.492220678251193e-05,-0.3914140370973846,6.523328942048682e-05,0.22259822436831428,3.296231553212627e-07,-1.8911827857925987
179725.22522491374,6.047661642907444e-05,-0.41394327470058384,7.454135865773589e-05,0.2976037440901908,6.557480117109702e-07,0.4163395410254755
179726.22622611566,5.293036025384494e-05,-0.47045315048878295,6.26202163528977e-05,0.3295194618900015,4.230786968131772e-07,1.838286050661664
179727.2272273176,6.029065251236029e-05,-0.5691127900816768,7.378557371187487e-05,0.4534746454181932,1.7180491027714734e-07,2.136025259414405
179728.22822851953,5.69885925327689e-05,-0.47315358014080405,6.90724436573986e-05,0.32721141696273104,1.0857524712594321e-06,-0.453220208241509
179729.2292289754,5.875145828161546e-05,-0.4721449767610866,7.164258735125932e-05,0.35918637510413776,3.5884589032975795e-07,0.48157020994740324
179730.23023017732,6.481498620648974e-05,-0.5399425279545828,7.82126944477131e-05,0.44733927480582153,6.558461157706872e-07,0.3391024895546393
179731.23123137924,5.5840115772578875e-05,-0.5692193984332169,6.731593095075303e-05,0.44290362063714445,2.988570573032032e-07,-1.5762322134710418
179732.23223258115,5.588546770520713e-05,-0.47676392523345973,6.919008010025341e-05,0.3331744380190267,2.6553033976343353e-07,0.7556247413582721
179733.23323303703,5.800031494914013e-05,-0.47093247298581875,6.985103284651204e-05,0.3140951868334354,3.9503532149201316e-07,1.6610629132508092
179734.23423423895,6.032788291056239e-05,-0.619824902001676,7.458966736219348e-05,0.5098841588549337,2.4345947564022275e-07,-1.6042911117665273
179735.2352354409,5.9047032412625595e-05,-0.4191637328049161,7.263907755718555e-05,0.29126806704576613,6.407176875868879e-07,-0.04028609628860064
179736.23623589674,5.927190217146415e-05,-0.4221015550293738,7.264248447253917e-05,0.3063711563786557,3.139286032099623e-07,-1.9377528771833432
179737.23723709866,6.0295898598112943e-05,-0.43486998441085367,7.36571889194451e-05,0.29559491731636567,2.6911926570597496e-07,0.22535595646197823
179738.2382383006,5.417249408526314e-05,-0.6179062887243704,6.391273301511251e-05,0.49533343822732334,3.3208948950184934e-07,-1.362534205105262
179739.23923950252,5.923112067798229e-05,-0.4476195180409562,7.127717131278219e-05,0.316462905618583,2.629965027649691e-07,0.5194794119599747
179740.2402399584,6.286015807593036e-05,-0.45129395750703566,7.644026466838341e-05,0.3193645659007495,4.3653225176792274e-07,-1.9569787263477636
179741.2412411603,5.498681730310294e-05,-0.4819074052466518,6.604787196587465e-05,0.3505606907272796,1.2299499862001323e-07,0.2309982731869023
179742.24224236223,5.557136637805729e-05,-0.5168986201456677,6.688527432452088e-05,0.37948265612026183,4.21719267925055e-07,0.06393576786693196
179743.24324356415,6.007305274898895e-05,-0.42177950211503407,7.07737308817559e-05,0.2865924406708043,2.90894378270259e-07,-2.421505771498778
179744.24424402002,6.085646610781825e-05,-0.5214399911710702,7.627096529203912e-05,0.4096820988310749,2.0532821752752883e-07,-2.0961411629599995
179745.24524522194,5.647153825651901e-05,-0.5753494076053847,6.62449166838963e-05,0.44603891605564944,5.73809876978736e-07,2.7510363194806104
179746.2462464239,5.541020099293338e-05,-0.3979339187449401,7.07288003478049e-05,0.25608264082856774,3.580084028709854e-07,1.207591881275086
179747.24724687974,5.7032728296538303e-05,-0.3455782522245963,7.209958029666432e-05,0.20180853652368685,1.059051975881431e-07,0.8213672015543362
179748.24824808165,5.998790690877256e-05,-0.4768315856613342,7.375452572833941e-05,0.3431500950911732,3.3820409022073844e-07,1.4077333144386053
179749.2492492836,5.586698695480049e-05,-0.5904338177256486,6.707263805294556e-05,0.4720171852379815,6.976646036355203e-07,0.6917676950923157
179750.25025048552,6.324619652261926e-05,-0.4454293356563829,7.850289909510837e-05,0.32169736365143026,1.374113717130268e-07,0.8970746524142722
179751.2512509414,6.0544619121440396e-05,-0.48260187535177923,7.453901829876973e-05,0.3624242848228109,6.133117326940453e-07,1.478864398375635
179752.2522521433,4.412025848670516e-05,-0.4628766440391702,5.3702688079533504e-05,0.2825012123087914,6.247311705479349e-07,1.63504350873939
179753.25325334523,6.020219429622167e-05,-0.5392017992773489,7.507999020293411e-05,0.44071543577835337,1.44173485735294e-07,-0.5518782313554099
179754.25425454715,6.396147837242939e-05,-0.3997738912056705,8.02741806789154e-05,0.27613366849171894,4.3508056794487864e-07,1.7709300372697245
179755.25525500302,5.5827650176009486e-05,-0.5339292053340119,6.650677896063416e-05,0.39353639073170643,1.5844873391893924e-07,0.04047534097453167
179756.25625620494,5.291765159740155e-05,-0.5808042255220631,6.195111510067875e-05,0.44201952268524486,4.305060828731079e-07,0.11282844281657262
179757.2572574069,5.6878058911539546e-05,-0.4182383893400717,6.989351405940259e-05,0.2624157663199457,2.2246244917084044e-07,0.46971186492185624
179758.2582586088,5.3938982728946164e-05,-0.40143115483146197,6.486575871020296e-05,0.24855979691406985,1.9016200371629642e-07,1.140849692587762
179759.25925906465,5.5675934072279374e-05,-0.5008495379508724,6.472280514636525e-05,0.36755946309814963,1.234106820481243e-07,-0.11306349808253122
179760.2602602666,6.0726921044031e-05,-0.3321073161963248,7.705817033625203e-05,0.18847568614318974,7.52623961256121e-07,-2.075740134451078
179761.26126146852,6.195562903657473e-05,-0.4314971753101375,7.584123683694198e-05,0.2971438243252708,2.514241390689731e-07,1.1666610651584524
179762.26226192436,4.986466881103226e-05,-0.5496337153748664,5.885709834977854e-05,0.3907018201962383,4.2411551464101563e-07,1.091229887340728
179763.2632631263,5.30866832254599e-05,-0.555190670031269,6.315644016506992e-05,0.40072213374203486,3.343785880032994e-07,-0.053118691307923405
179764.26426432823,5.462062814957033e-05,-0.31055062206871265,6.845562049069307e-05,0.15024477172185335,2.963102026464461e-07,0.6519791900514831
179765.26526553015,5.393962981784706e-05,-0.3928024808674476,6.65709548550297e-05,0.216080989703615,3.166603980050679e-07,1.5813098501980105
179766.26626598602,5.9378926609339984e-05,-0.41926309541245665,7.534853647157633e-05,0.2752253966954837,7.993263360628771e-07,1.5712447876041153
179767.26726718794,5.6117562222747136e-05,-0.42329124209929525,6.72346497367753e-05,0.26684594698490766,7.442071646594137e-07,-1.3594957797282874
179768.26826838986,5.4018127268372866e-05,-0.4679849003943391,6.606962532043799e-05,0.3276657024280107,4.766162567607317e-07,-0.9511624165084132
179769.2692695918,5.861682932408115e-05,-0.47492476798828936,7.12857141023582e-05,0.34843306699172694,2.042996236495069e-07,-0.8578148245046963
179770.27027004765,5.075044213819903e-05,-0.3458747425701141,6.0418070611671664e-05,0.13089609359201063,5.298601133276874e-07,-2.5655806776185366
179771.2712712496,5.5739403575425705e-05,-0.47647300084135946,6.669993426934763e-05,0.32599336540551643,5.367357139199051e-07,-0.24505240876374984
179772.27227245152,5.959981562667205e-05,-0.4190605004685763,7.295740753672981e-05,0.2786736770648679,3.6650793553187337e-07,0.2660502703215966
179773.27327290736,5.879287005556498e-05,-0.3869456438797491,7.33834585269849e-05,0.25171931146147886,4.2053841052640126e-07,2.5311025803711975
179774.2742741093,5.686093300715374e-05,-0.4754697761705461,6.983175095909504e-05,0.3435576309961559,3.202716242015374e-07,1.2105799447769647
179775.27527531123,5.096807784604437e-05,-0.46492015643255064,6.200331994395224e-05,0.2955872748160786,2.3915794085909806e-07,-0.17069246651961598
179776.27627651315,5.7485460502265175e-05,-0.4344254271304037,7.048771839822369e-05,0.2985899663028331,6.812800264767766e-07,-1.1324590442597486
179777.27727696902,5.922391132165537e-05,-0.4535365308789229,7.250148170484762e-05,0.3073341692037165,2.0910618601916278e-07,-0.4811225454816281
179778.27827817094,6.176341247058184e-05,-0.43451677628982854,7.766642194883134e-05,0.3267210881999469,1.2917447178888949e-07,1.2513359787331881
179779.27927937286,5.2281524856646076e-05,-0.5285221541358339,6.149492652012228e-05,0.3707192089962365,5.31541607710274e-07,1.9497687081188324
179780.2802805748,5.771434570159682e-05,-0.394495220642793,7.143643217618323e-05,0.26170952243969464,3.2517201798954127e-07,0.18979715030107328
179781.28128103065,5.2678593627357285e-05,-0.5305152121179437,6.180789583395727e-05,0.3779575399063787,2.2222427397803962e-07,1.0252445634545582
179782.2822822326,6.039861268244677e-05,-0.40355663047399387,7.551384262299493e-05,0.26170985756317844,6.715735503655021e-07,-0.901454370317148
179783.28328343452,4.899229837329283e-05,-0.6165493192113755,5.6060801897371254e-05,0.501142922486386,5.846862636973851e-07,-0.3295495613287088
179784.28428463644,5.436025569596294e-05,-0.6058752516414728,6.37391359310069e-05,0.4871804933664915,3.4760170917930165e-07,0.03202260698757885
179785.2852850923,5.3083054587757525e-05,-0.6456178726075606,6.206769943869374e-05,0.522656301226633,3.629755858565435e-07,0.5304938665551617
179786.28628629423,5.5410388176428196e-05,-0.5534105033612349,6.639066033901774e-05,0.42385501322632646,2.1733137461008166e-07,-0.5497338460562131
179787.28728749615,5.831244003158443e-05,-0.3768923085345523,7.2669996133616e-05,0.2180504370977849,3.375068818931653e-07,1.986409006923791
179788.28828795202,6.037275956297219e-05,-0.4183634466809438,7.477278370697905e-05,0.2859413139018514,1.9272613687431526e-07,-0.5512424316667395
179789.28928915394,4.737623471290547e-05,-0.44923302164313905,5.706141600992517e-05,0.31248097938802477,2.303263813432178e-07,0.943847537609447
179790.29029035586,6.985690115021593e-05,-0.5123443564378306,8.803899239298308e-05,0.4044018844454931,8.534872137791151e-07,2.1716486659094922
179791.2912915578,5.618844121661762e-05,-0.4906067152118047,6.890006923810984e-05,0.34686209772517484,3.59633858248506e-07,1.4755295076486667
179792.29229201365,5.158436389958685e-05,-0.4466278998490888,6.221192724520933e-05,0.29244322054382826,4.167186086402463e-07,-0.4746941169068936
179793.2932932156,6.932981046989434e-05,-0.389873132149856,8.812798185685705e-05,0.2686682973587831,5.691527855463355e-07,-1.5792907456947183
179794.29429441752,6.217325892851427e-05,-0.3118783052641135,7.813621589719735e-05,0.17008317887586938,3.213845491398599e-07,1.9296172462124535
179795.29529561943,5.888370268906944e-05,-0.5073074421834703,7.199802887755742e-05,0.36310128451275064,5.288063881889287e-07,1.1461560388850056
179796.2962960753,6.0519218646382135e-05,-0.5566261461649393,7.39799073136205e-05,0.44297183899703396,5.874903722337848e-07,-0.7396719991219639
179797.29729727723,5.622167736422315e-05,-0.4285389230567668,6.910315131824059e-05,0.29405019263067306,1.207127685129762e-06,1.1153936344235418
179798.29829847915,5.3637041401186144e-05,-0.47179126208968025,6.528318994335528e-05,0.3392352234229632,6.919590952534632e-07,0.17499395742070548
179799.29929893502,5.883926052139399e-05,-0.4021080686111439,7.29194384532468e-05,0.25681018459789484,8.202834738255329e-07,0.814813660169568
179800.30030013694,5.467808331074533e-05,-0.42450372922539725,6.723632662664529e-05,0.28659501716729574,4.811301656101255e-07,1.6071941057442019
179801.30130133886,5.159905411379513e-05,-0.5100598206443864,6.029727465425807e-05,0.3588925147968971,4.21073546207241e-07,0.8573633157233139
179802.3023025408,6.627505940365928e-05,-0.42568832237960613,8.267974353472095e-05,0.3129737678843457,4.6310913978660183e-07,-1.4721487638450657
179803.30330299665,5.7124463063752975e-05,-0.4046641515871443,6.933440599146817e-05,0.2565830310469463,6.988209022417536e-07,1.2539493657515237
179804.3043041986,5.463678937642139e-05,-0.5469588321281036,6.517454304189839e-05,0.42623880608544085,5.12957288060348e-07,0.2867223890716916
179805.3053054005,5.550026114926457e-05,-0.43113411940344715,6.688308656850462e-05,0.2596299560853399,3.75528955405389e-07,-0.7149304899865041
179806.30630660243,5.8684150392720286e-05,-0.5060316349155621,7.168902265776738e-05,0.37104675184530606,1.7556857241025012e-07,0.2250633802123883
179807.3073070583,5.7573797220946206e-05,-0.4156845359645409,7.059957009237583e-05,0.2750783876773335,1.64906411852231e-07,-0.578301247738499
179808.30830826022,6.382828397565516e-05,-0.3574734358194846,8.06860797798935e-05,0.17609347308454965,1.6151468146554115e-07,-1.3295417269094532
179809.30930946214,5.671741056894611e-05,-0.6234816883929184,6.807562238970808e-05,0.50224215129029,3.230084364766367e-07,-1.8224754806525327
179810.3103106641,5.810653372025601e-05,-0.5918476529319394,6.96282959840792e-05,0.4761538217398063,4.2086691065879856e-07,1.13409065402641
179811.31131111993,5.6960141680552486e-05,-0.39777590832438176,7.057350240358754e-05,0.25442834712900536,2.2364229849451767e-07,0.3557653004740394
179812.31231232185,5.9013382679451155e-05,-0.49944963369330153,7.144423385290417e-05,0.3708861594905784,4.2515169695745743e-07,1.4104352474271422
179813.3133135238,6.1641448789881e-05,-0.49561702040806743,7.500488957002936e-05,0.36181165355584294,2.903095832369083e-07,-3.0690916306988876
179814.31431397964,6.134665513256379e-05,-0.4503489992352242,7.626668204812213e-05,0.33733126275914,6.862254067178396e-07,1.386041982777235
179815.31531518156,5.492130544266486e-05,-0.4267826391906471,6.801266994561859e-05,0.28865380995754053,6.744642234257592e-07,0.30046273349120955
179816.3163163835,5.3035141444198086e-05,-0.5139711880941051,6.49716058852406e-05,0.3549830966693698,5.521825926891161e-07,0.8942634325207423
179817.31731758543,5.5366432154791165e-05,-0.4710444192939966,6.813499635307979e-05,0.33463215087254133,1.5952063685210278e-07,-0.0738828578059502
179818.3183180413,5.9590405764280334e-05,-0.4588445420409052,7.483750953250593e-05,0.3327290065158992,1.0845159579380579e-07,0.889478589195813
179819.31931924322,5.648651250078181e-05,-0.482896085102634,6.851020011992533e-05,0.32742341382434614,2.0303104057767904e-07,-0.8199646056994446
179820.32032044514,5.573579833106151e-05,-0.4360239573631583,6.809660510621038e-05,0.27694701224513013,5.875163256661462e-07,-2.009783804971142
179821.3213216471,6.145322653850522e-05,-0.46945805785029115,7.591740301521605e-05,0.31244568622439833,4.41785713323886e-07,-2.7982915868087552
179822.32232210293,5.5735555360255336e-05,-0.47258912444057927,6.636498324336149e-05,0.3354736351987683,1.1284994900799405e-07,-0.7403481865157221
179823.32332330485,5.792133453964353e-05,-0.45772908166706006,7.067525972215558e-05,0.3444165594145686,7.199684117367109e-07,0.5414036321522947
179824.3243245068,5.3440107491386306e-05,-0.5421809076310765,6.180549977583298e-05,0.3917003413213859,4.875145296364579e-07,-2.3929697249670414
179825.32532496264,5.8230963918972625e-05,-0.4380531768745483,7.10539575904829e-05,0.3317773163950619,2.8259743439732903e-07,1.719445166425108
179826.32632616456,6.395835538650949e-05,-0.2885960927568322,8.235662407848462e-05,0.1244033926730645,4.6916791381018676e-07,-0.32276008940348133
179827.3273273665,6.0340935150389e-05,-0.5662519214034267,7.323006993010411e-05,0.4612544507656881,3.9455372513315893e-07,0.8846514704479316
179828.32832856843,7.782054281209048e-05,-0.3844527184003146,9.956674609401543e-05,0.2778233092051238,4.818797158502317e-07,0.10708666600623247
179829.3293290243,8.559812091636401e-05,-0.45994309414664214,0.00011026542031162798,0.3776998509853185,5.906614785570263e-07,1.9268365454688725
179830.33033022622,5.940431736304624e-05,-0.3853856695286111,7.342851194664393e-05,0.23588259358420402,1.3981115806384143e-07,1.2479631828184792
179831.33133142814,5.6353146264472804e-05,-0.4945368718561787,6.754295927100883e-05,0.3446919713696694,5.080426158735136e-07,-1.3820621221025173
179832.33233263006,5.32895396337875e-05,-0.4623638432211209,6.415074408960308e-05,0.3065211369138581,3.0081631785167977e-07,0.12057925644313931
179833.33333308593,5.709105029727567e-05,-0.33765361567864377,7.184517899313188e-05,0.16773502447572947,3.735634813913812e-07,-0.6625751304554907
179834.33433428785,5.0983943869251905e-05,-0.42277175573056125,6.254909665867732e-05,0.2607005293445613,7.48595690955878e-07,0.12132312736896121
179835.3353354898,5.85186892395155e-05,-0.6353741018544514,6.920843950868122e-05,0.5317420113588539,4.446804223301148e-07,2.3190445543187463
179836.33633669172,5.849927246587478e-05,-0.3484309756455557,7.225867168128539e-05,0.18120524891681608,2.978364729658697e-07,0.7518369778799935
179837.33733714756,5.3485467711542795e-05,-0.44753929642391505,6.32164028901794e-05,0.30755405805290764,4.6992794830590256e-07,0.4797241046129931
179838.3383383495,5.82113974223947e-05,-0.37368999259760605,7.05352589666783e-05,0.20355825328463079,4.1220298808757996e-07,0.37344043459624543
179839.33933955143,5.329260898988239e-05,-0.5522435897666724,6.414287620756821e-05,0.4245673730099477,6.50807844058501e-07,0.6980538071353325
179840.3403400073,5.840333401969775e-05,-0.3828531570257871,7.362163776538031e-05,0.2226764038748875,7.220641002883318e-07,0.8683550894743989
179841.34134120922,5.998817819507952e-05,-0.4431911870354846,7.314689934913101e-05,0.29672489681225556,3.3373703767235916e-07,1.3992130262722275
179842.34234241114,5.44428973704418e-05,-0.570270348334994,6.509214092714087e-05,0.4556040538135934,5.48031139707475e-07,0.8711554895554398
179843.34334361306,6.113568935723256e-05,-0.512278831068023,7.769287419789048e-05,0.4094772188035976,6.347964750158872e-07,-0.3123500137365167
179844.34434406893,6.234527178305553e-05,-0.48854944261996525,7.623963851334559e-05,0.37123562800990234,4.943083184328175e-07,0.6350309541697268
179845.34534527085,5.318179407644854e-05,-0.36669773563789154,6.510650346263028e-05,0.21657994538941427,2.7952063811118773e-07,-1.8284211451827697
179846.3463464728,5.178790877144248e-05,-0.33689030380528,6.263619833692321e-05,0.16012308644359236,2.0274560800642386e-07,-0.8742521901040382
179847.34734767472,6.213774618114268e-05,-0.5233489892266863,7.759398085007773e-05,0.4366265782377017,6.618715065521193e-07,2.0511252161595652
179848.34834813056,6.031191959763798e-05,-0.42680586085350236,7.587663325671698e-05,0.29471140804706564,7.432746439636722e-07,1.590249571286245
179849.3493493325,6.383285857666027e-05,-0.5034810451621894,7.810898362033803e-05,0.41401992402113963,5.33002077690635e-07,1.616475803172825
179850.35035053443,5.749047522726688e-05,-0.46340924890352714,7.013055822621468e-05,0.32990155744587724,7.11339184169339e-07,1.853957810506827
179851.3513509903,5.801988173320163e-05,-0.39123047383587667,7.08547702258709e-05,0.24225845025821657,5.890008612299752e-07,0.5062779077140174
179852.35235219222,5.614602663079538e-05,-0.5350643431311802,6.767602874608644e-05,0.41461541783603967,1.2097631778515877e-07,-2.298603948919839
179853.35335339414,5.4329634561391945e-05,-0.5009475541100609,6.573057406290437e-05,0.3558088466673176,4.4909116410022935e-07,-2.5040277806407736
179854.35435459606,5.397668178041541e-05,-0.5312485560896888,6.459204992237893e-05,0.40524683118613175,4.0930058042801907e-07,-1.2303292560587213
179855.35535505193,5.6492493051554825e-05,-0.37055477741865356,7.000954884243726e-05,0.22968705438953768,3.3783392207091343e-07,-1.8801556565027884
179856.35635625385,6.076768499018256e-05,-0.3877416831666834,7.557075237869252e-05,0.26815651228825044,3.5503811244353246e-07,2.295913737902231
179857.3573574558,6.087000453290249e-05,-0.45700478338002937,7.527180690564674e-05,0.33089758312064366,4.365882827834769e-07,-0.566414769786451
179858.35835865772,5.897247318364972e-05,-0.47730735543229436,7.379574899995127e-05,0.3446710756356858,4.536952576227212e-07,0.22433176599396065
179859.35935911356,6.120242804460138e-05,-0.44114972685080234,7.623539242016737e-05,0.30116176685941093,2.6901149754126536e-07,0.7424863023834998
179860.3603603155,5.6342282437270535e-05,-0.5055315092191409,6.740138988317155e-05,0.41753299736229366,4.534796637698315e-07,1.674415828212479
179861.36136151743,5.7949066302127244e-05,-0.4681051932906935,7.099199324557274e-05,0.34641888621312206,4.911162923493077e-07,-0.7465579359030897
179862.36236271934,5.45197057544546e-05,-0.3442235592048444,6.631713618971591e-05,0.17265303744832103,6.11830322305446e-07,1.8250829460769444
179863.36336317522,5.7411985783002424e-05,-0.41637615956084284,7.161747131639687e-05,0.29206579029159296,1.9562649715074935e-07,-1.5332468225273141
179864.36436437714,6.11163329549016e-05,-0.4464248005226454,7.591143593464227e-05,0.3134694704692346,5.274265031710211e-07,-1.3116670877977095
179865.36536557905,6.027584059409126e-05,-0.3918376819157702,7.332150740148976e-05,0.2674935656513215,7.265190112278052e-07,0.28714283992233147
179866.36636603493,5.989307125754494e-05,-0.47323232566840245,7.505890496464067e-05,0.3481267312503017,4.5616697699194083e-07,-0.45619755016457
179867.36736723685,6.358762983296208e-05,-0.5034413743775068,8.04230145458956e-05,0.3658359904485866,6.188161291914497e-07,-0.2669708706574777
179868.3683684388,5.728313864994634e-05,-0.5294530280796768,7.23072663127499e-05,0.4167301948822864,4.0290675550363995e-07,-1.538906067900821
179869.3693696407,6.601641114762255e-05,-0.4055041639032514,8.185199098741675e-05,0.2688405337599374,3.2849489429521313e-07,-2.027780616723344
179870.37037009656,5.27571727582507e-05,-0.4746123936783191,6.341347676810638e-05,0.3330205371938759,5.242691520609224e-07,0.5053370420389298
179871.3713712985,6.49449212946119e-05,-0.5301310947555847,8.24917724688665e-05,0.4176268473545783,3.5648802425198607e-07,-0.16833090219212762
179872.37237250042,6.160792030928362e-05,-0.48823796201183256,7.619420700369944e-05,0.3532894589256936,3.220393440158427e-07,-1.1145962462093317
179873.37337370234,5.426167178867138e-05,-0.4091647025617172,6.680788282859316e-05,0.2509095380277772,2.4787655915695984e-07,2.3003177295286257
179874.37437415821,6.4726755171784e-05,-0.32963830038255293,8.20204080859554e-05,0.1925098232778523,1.278304967958271e-07,-1.5687100335863022
179875.37537536013,5.934368822575897e-05,-0.5274033147734154,7.242444200431043e-05,0.40414998658467916,9.423999320788682e-07,1.999955396266406
179876.37637656205,5.783070561326003e-05,-0.46613625786354707,7.050523114020251e-05,0.3049241624773673,6.631481150464185e-07,-0.9023322655835962
179877.37737701793,6.053760963529378e-05,-0.32347707735398484,7.604193159179294e-05,0.15285879891674542,6.17245641113368e-07,0.7463418672326462
179878.37837821984,5.022260779593926e-05,-0.28187494051724926,6.103888514854358e-05,0.10235041102459976,1.9899082638798915e-07,-0.04385885359383785
179879.37937942176,5.7748688428598555e-05,-0.45248791897558294,7.078783116849632e-05,0.31792729995767227,2.226173031278228e-07,0.3471228833155772
179880.3803806237,5.234220030302367e-05,-0.4637945341639784,6.261251392695416e-05,0.30352957570988837,2.5941818107911817e-07,-0.0043623521721758715
179881.38138107955,5.311462793041903e-05,-0.4929117799954517,6.396484049551611e-05,0.36895190097972097,4.2473571526912455e-07,1.377540334912365
179882.3823822815,6.651601964463477e-05,-0.5372855002115521,8.255413735164893e-05,0.4263823832276991,1.033152368104906e-07,0.285930094517692
179883.38338348342,6.250529047241721e-05,-0.4254659299894906,7.817349504636931e-05,0.28592654488210467,1.3769898398563333e-07,-0.41988778787102266
179884.38438468534,5.5304859788062155e-05,-0.3944277589363134,6.627600037847038e-05,0.2415504315519978,4.6944274262286567e-07,-0.4854924895264309
179885.3853851412,6.139455785459107e-05,-0.5429735711133893,7.503538720153424e-05,0.443290371490642,2.215868986419e-07,0.2795438525760115
179886.38638634313,5.3727328460704886e-05,-0.4875160429612838,6.374976234508623e-05,0.3302953377148361,1.6448288056627132e-07,0.8794820571824983
179887.38738754505,6.181324695696476e-05,-0.44521466339301036,7.60160440422704e-05,0.3078570395575571,5.311554611680236e-07,1.0750872612043212
179888.388388747,6.096407437612378e-05,-0.4630037063048259,7.652338950295169e-05,0.3310815834890169,2.5892884850170683e-07,1.3767351313833365
179889.38938920284,5.7615122648158736e-05,-0.5221034362916519,6.899997957489713e-05,0.40854576775977886,2.862100625167797e-07,-1.787599275799993
179890.39039040476,5.927620099126501e-05,-0.5700173471714467,7.244491091244038e-05,0.44918259305002534,5.715584909442435e-07,-0.2776390061348333
179891.3913916067,5.971031580666624e-05,-0.529536374205102,7.209039679151728e-05,0.41633425139203545,2.6565638897211736e-07,0.008619674767131815
179892.39239206255,5.667279662148443e-05,-0.35902889847784686,7.085628076008472e-05,0.20867880523341104,4.327665982787427e-07,-2.2783130281433945
179893.3933932645,5.771655605961411e-05,-0.5944044971301722,6.96518993972996e-05,0.489969082514485,5.682277534424499e-07,-1.0251778242810226
179894.39439446642,5.201779233678867e-05,-0.33060120799505766,6.286148517442575e-05,0.14576436354185154,2.4826156444369977e-07,1.5118880158324894
179895.39539566834,5.067559438296018e-05,-0.4962071666544359,6.063603930002176e-05,0.3268346401778272,1.971756065290793e-07,-0.4126494066146748
179896.3963961242,5.956098612452469e-05,-0.4307102219872056,7.435168433546456e-05,0.2821231226981743,3.141601921773021e-07,-1.1056207046032374
179897.39739732613,5.1076775826945605e-05,-0.5179679854271676,6.102448040177274e-05,0.33364787822245645,5.277546866649938e-07,1.1874073560711866
179898.39839852805,5.730202227183338e-05,-0.37077346345292844,7.20454281229558e-05,0.19589035378894487,5.776008869957842e-07,-1.4900047772096505
179899.39939973,5.7163828416586294e-05,-0.5244483326517486,7.17383364833022e-05,0.39260512597611574,5.19010603182902e-07,0.5922897535837287
179900.40040018584,5.948279934316347e-05,-0.46213855384421293,7.301283785717989e-05,0.3326447134238431,2.86949024606091e-07,2.173604958037048
179901.40140138776,5.7189724172026474e-05,-0.3450169846414597,7.151938437333869e-05,0.1995616147597916,3.9581495381500543e-07,0.9120008484568429
179902.4024025897,5.5663681720355784e-05,-0.5136762237369652,6.67029261371808e-05,0.3592544180284128,2.384658407804152e-07,0.5106874463241143
179903.40340304555,6.0045263771216165e-05,-0.55776480177061,7.375346115598259e-05,0.4572816177436427,1.6332747277226163e-07,-0.4753888900467744
179904.4044042475,5.651294813283681e-05,-0.39790851993246357,6.944657662490478e-05,0.2204472815958773,7.711375734816758e-07,-0.22163635510952034
179905.40540544942,6.271269055403914e-05,-0.4745556976652335,7.801482097160246e-05,0.33751658499097253,3.294640517646095e-07,1.3171381932639559
179906.40640665134,5.433251869342807e-05,-0.44774379591977964,6.495977198227597e-05,0.29927997747450324,2.0176961538057322e-07,-1.6032860048160211
179907.4074071072,5.982209404290606e-05,-0.5069513609712284,7.2134581791147e-05,0.4051404638632876,3.6476514512736953e-07,-1.4926282483332176
179908.40840830913,6.287785594102848e-05,-0.4120469033583808,7.849875877569857e-05,0.30425079065495525,4.470057738518704e-07,-1.6302892231945072
179909.40940951105,5.868858856721865e-05,-0.4416964520078304,7.112041821805881e-05,0.29621678745114305,9.423625923341087e-08,0.1649180781369004
179910.410410713,5.606097126881788e-05,-0.4468049828445134,6.83215846320912e-05,0.30492424156196923,2.3414761663389767e-07,0.7891408547320252
179911.41141116884,6.64519438417197e-05,-0.46537038989228974,8.142073210197003e-05,0.34905295357780425,4.968536416722691e-07,1.5561817276609669
179912.41241237076,6.240595624811912e-05,-0.5518211720425564,7.499158492856392e-05,0.43089076509440694,3.166377075933993e-07,1.544720329768193
179913.4134135727,6.112577246700755e-05,-0.46011795099558706,7.46719033522996e-05,0.331889453796997,1.752464513240304e-07,0.7727832261837778
179914.41441477463,5.8426737050106866e-05,-0.4545095420463675,7.170217549448503e-05,0.31538493700282666,2.6790303315949133e-07,-2.22192917340304
179915.4154152305,4.872474341952692e-05,-0.3622516518001195,5.920849779034195e-05,0.17521232864286976,3.598838610676681e-07,0.6010258232691772
179916.41641643242,6.0096331865709496e-05,-0.475827082122605,7.257849138204619e-05,0.33650534211254435,4.461844953527997e-07,0.934704024993857
179917.41741763434,6.341990459648608e-05,-0.46606439055262094,7.747888195358936e-05,0.3380214002786594,3.022143438086781e-07,2.3372456445747103
179918.4184180902,5.8421751204584365e-05,-0.4315267621201642,7.124961653826863e-05,0.2955380970760144,5.3347538061081e-07,1.246127896373709
179919.41941929213,5.463093636163459e-05,-0.4375929807619906,6.537224199672164e-05,0.2994166507572135,1.1803609370033098e-07,-0.9786591075545977
179920.42042049405,5.9119194283823175e-05,-0.3699498528412125,7.400386118567444e-05,0.24148867017629616,6.07188171055509e-07,1.3643197559982232
179921.421421696,6.28442887125145e-05,-0.4124602258531919,7.830751203868875e-05,0.286777094058532,1.930984548727179e-07,-0.22967560925670955
179922.42242215184,5.9636354832719105e-05,-0.439426639966397,7.392435044048852e-05,0.3130645477865958,1.602255499705302e-07,0.054512714125729
179923.42342335376,5.6082852015722734e-05,-0.44697472616469436,6.760556406197494e-05,0.30316177583687154,3.85245601304784e-07,0.04578921232533735
179924.4244245557,5.524665210521092e-05,-0.33968262766090984,6.856209409457791e-05,0.16815693852806038,3.9836654202633324e-07,1.4044248022398753
179925.42542575762,5.541104982704577e-05,-0.42286610170196826,6.617304348847907e-05,0.27331052131492434,1.7593744960072102e-07,-0.7918092430140531
179926.42642621347,5.9887526011097944e-05,-0.5040686653705665,7.499581360090855e-05,0.4025597314436133,4.5256157078001803e-07,0.2320816472536229
179927.42742741542,6.188073561507325e-05,-0.36602349965299713,7.863639501623008e-05,0.22617150897819432,3.9802549265363323e-07,-0.6113914504139438
179928.42842861734,5.4464251032398006e-05,-0.49426591318196944,6.733648134154368e-05,0.3518455492637125,2.5189427627292033e-07,0.260918760289666
179929.4294290732,6.056573417095757e-05,-0.46052861513540316,7.360803059620328e-05,0.32340960683411313,6.797490553291589e-07,0.6046678691614409
179930.43043027513,6.009602197282405e-05,-0.45869291030697956,7.25430764949536e-05,0.30359648644315873,2.2118105863715957e-07,1.9880043864008952
179931.43143147705,5.741637580201404e-05,-0.48366152079226277,6.920876027831255e-05,0.3770218543979176,5.719165057742144e-07,-0.4203771943066199
179932.432432679,6.151876303599587e-05,-0.42472850017593927,7.57945652896118e-05,0.2899406655970125,1.6659311932359747e-07,0.02086168499673973
179933.43343313484,6.323493421973807e-05,-0.4233635988043748,7.908989967586484e-05,0.3134001785250334,1.9936904785307992e-07,-2.785398429667622
179934.43443433676,5.8492394020696104e-05,-0.5243896813211832,7.109807599505524e-05,0.4041896853751062,3.709918831746943e-07,-0.12552846700545206
179935.4354355387,5.974469524507126e-05,-0.6364853273538468,7.163183051851693e-05,0.5331364554081739,4.3469619822486186e-07,-0.8564276567257069
179936.43643674062,5.8997195563751646e-05,-0.4655754085465736,7.274566254753788e-05,0.3531949254668825,6.913478591695387e-07,0.05533418768654193
179937.43743719647,5.60088440515202e-05,-0.4169189373539533,6.751274842883135e-05,0.2847890988172673,2.7824081803258577e-07,-1.2021249402898453
179938.4384383984,5.574058776365514e-05,-0.4969034618930615,6.727491695090024e-05,0.3794450430263229,2.636006455292005e-07,1.013620333270607
179939.43943960033,5.6790884520023445e-05,-0.4813169925397189,7.027820993789698e-05,0.3454591626358877,7.438847858909072e-07,-1.1408140930251525
179940.44044080225,5.526232574293642e-05,-0.5104200868903731,6.760579884035488e-05,0.3670931887847071,3.595105839506952e-07,-0.17036198056320706
179941.44144125812,6.058856785145132e-05,-0.4718689659078609,7.3247829712332e-05,0.3630643911010407,6.386535742051147e-07,0.6419212777285567
179942.44244246004,5.3174392807944594e-05,-0.4823058508193516,6.409702960681172e-05,0.303546059191542,2.5533905213978014e-07,0.2546938652063053
179943.44344366196,5.997324095792217e-05,-0.35912571897460643,7.625245646030765e-05,0.2078591572958394,1.9364655986388695e-07,-2.21062536752201
179944.44444411783,5.660636765178024e-05,-0.44517563513506114,6.954619275074329e-05,0.29995399473501966,3.839555176889703e-07,-0.8681624454752568
179945.44544531975,5.593208179581538e-05,-0.43260002212802584,6.843352316178637e-05,0.3082671422795219,8.091776671930639e-07,0.27537781146081897
179946.4464465217,5.564156347519747e-05,-0.4187730027026244,6.7554779298295e-05,0.2504442847547587,2.687959041784123e-07,0.10305255789825829
179947.44744772362,5.966564046487348e-05,-0.38633446000144994,7.391390157761036e-05,0.2303914173295316,1.9921421522907033e-07,-1.1594265190247162
179948.44844817946,5.4969959934841876e-05,-0.43093686521917635,6.678963824532495e-05,0.2721957374761443,4.051609257410792e-07,0.20135085385315632
179949.4494493814,5.9142505374940705e-05,-0.503490792264228,7.161668624270281e-05,0.38014845636648453,6.796109105101671e-07,1.3925400177956062
179950.45045058333,5.293481481208268e-05,-0.4519314316122892,6.368053939213503e-05,0.29945697212802164,6.340746388738073e-07,1.4838765033862433
179951.45145178525,5.072365513473555e-05,-0.4965672595054981,6.14921522125156e-05,0.3539997296145236,5.262882109620231e-07,0.9373943829757957
179952.45245224112,6.114637070431477e-05,-0.5329424826551832,7.501032580890191e-05,0.42994296724223696,2.204835626289006e-07,-1.1239224197839293
179953.45345344304,5.9125139316143576e-05,-0.5421126940224521,7.205890853541484e-05,0.4123363146366206,3.108397953349717e-07,-1.679035160533987
179954.45445464496,5.211577211016037e-05,-0.5675712794664194,6.40675023558526e-05,0.41799912964870695,3.056183222241735e-07,1.7848665831081683
179955.45545510083,5.4885720144203067e-05,-0.5817277536200935,6.517123069391779e-05,0.47184477379992545,8.876636338684142e-08,1.4745165077872973
179956.45645630275,5.4438923104112365e-05,-0.4983996036728973,6.374774353121793e-05,0.35268932162452615,7.386572841592357e-07,-1.6568811174298679
179957.4574575047,5.7593258122765575e-05,-0.4905666623667552,7.492687396531355e-05,0.3475161922050268,4.2138977425953827e-07,2.5797240496429685
179958.45845870662,5.616777283569049e-05,-0.5291446497669098,6.71978356315572e-05,0.41149060505166535,4.0756484709127165e-07,1.2540392643356075
179959.45945916246,5.910197355781717e-05,-0.43213806811439454,7.333758901937771e-05,0.3043627162874309,4.906336006507872e-07,-0.6843146655872723
179960.4604603644,5.212973210459532e-05,-0.44422287690131146,6.137194748830107e-05,0.2916387407593013,4.087836611747721e-07,2.561336723616084
179961.46146156633,5.751744000616457e-05,-0.3501138692948081,7.25520107690706e-05,0.2070932402114086,6.559632719638708e-07,-0.5478599271587854
179962.46246276825,5.855255226130317e-05,-0.4646495392314844,7.342108071010476e-05,0.3176527452046776,8.397368859954891e-07,-0.33635093997092014
179963.46346322412,6.425610677443862e-05,-0.4599326992791891,8.084956631741974e-05,0.32400221540864776,2.670713193338588e-07,-0.28083125862473896
179964.46446442604,6.0479307832458236e-05,-0.3776880333047715,7.665713624944439e-05,0.2130941038281502,3.4488221924077955e-07,-0.8308764484700988
179965.46546562796,4.835061964937699e-05,-0.3836074223727078,6.085177282419587e-05,0.19321906438177255,3.155626197057215e-07,0.6253235957071581
179966.4664668299,6.256075030148817e-05,-0.38992757895005214,7.811218889432019e-05,0.2565142907174825,2.319990843885841e-07,-0.5431969699677686
179967.46746728575,5.7146774257924665e-05,-0.521007582052684,6.74271876335751e-05,0.38966227851688,4.044671765095633e-07,-1.9102295855056526
179968.4684684877,5.157145680750813e-05,-0.5171657595424669,6.302900955340266e-05,0.3695604351070459,5.528150733445044e-07,-0.34091516387108906
179969.46946968962,5.793562989710187e-05,-0.5043534674964992,7.033695596404206e-05,0.3771866296430158,4.216202259197226e-07,0.24559952527714576
179970.47047014546,6.266198856907213e-05,-0.42956130586588365,7.784481482509196e-05,0.2739616839991644,4.5141652515724944e-07,1.9461715136117832
179971.4714713474,5.789395961957855e-05,-0.4859954205709707,7.157521107388815e-05,0.38646899831912557,2.2915471940087073e-07,0.6453185318775062
179972.47247254933,5.794214456556246e-05,-0.4559889715383809,7.082442958514735e-05,0.30766255713647545,6.202698034118875e-07,-0.03985488849161809
179973.47347375125,5.657506352404211e-05,-0.4624999289879006,7.148947658596571e-05,0.3250760509225739,3.137321340188053e-07,2.2027084273916873
179974.47447420712,5.861296175820247e-05,-0.5929600479328678,7.112858614949466e-05,0.50005292168292,4.055783590269487e-07,0.5100350896016986
179975.47547540904,5.670063373138721e-05,-0.48557952830955703,6.95103103196474e-05,0.37633459092961774,3.892514558125125e-07,1.8766100594774693
179976.47647661096,5.1751593765436124e-05,-0.6145086617138454,6.207317893505644e-05,0.4690100912274053,1.281685526952691e-07,1.55452898052645
179977.4774778129,6.107790673384668e-05,-0.41305919384205986,7.549470061817654e-05,0.28271417043299446,4.4582148311705237e-07,-0.44088899435511725
179978.47847826875,6.526948827232755e-05,-0.37125699409261587,8.180544255841473e-05,0.2487005815781558,5.252874489237543e-07,2.2646360463271034
179979.4794794707,5.779726064111044e-05,-0.44610293796876627,7.036076613127287e-05,0.32428976209881843,9.962073107505944e-07,1.3685424258306407
179980.48048067262,5.70327156796047e-05,-0.5489701104708798,6.82956678183593e-05,0.43847980009485077,1.3739020957279775e-07,1.0411121404281736
179981.48148112846,6.128778899423343e-05,-0.43791440464794557,7.708494054030725e-05,0.30388826915494277,1.8012300190196746e-07,-0.013302286558438268
179982.4824823304,6.037107061183591e-05,-0.42983300179927186,7.281391534012169e-05,0.3041571646542386,3.594772453743788e-07,0.080271125175504
179983.48348353233,5.911585167518087e-05,-0.6173144711503936,7.103186481589773e-05,0.5113941833640046,3.7958574691892445e-07,0.5557611925771851
179984.48448473425,5.886918067983066e-05,-0.5603950506686408,7.17876391483516e-05,0.4440581238397654,3.642631699238267e-07,1.078234231673509
179985.48548519012,5.8013438669306393e-05,-0.5568563045860563,6.843962591463081e-05,0.4300870728675634,2.0207799249313614e-07,1.267849458296539
179986.48648639204,5.426593288946594e-05,-0.4414617580591643,6.715618892102412e-05,0.29688393303064375,4.3367533467271935e-07,1.6334572004394476
179987.48748759396,6.392532671440172e-05,-0.5351772583454059,7.94917476740939e-05,0.4147926019269021,5.160777148631263e-07,-1.5444839923990656
179988.4884887959,4.887275935670425e-05,-0.2862062409154951,5.859741499898924e-05,0.035842821985303995,2.753460272364258e-07,1.2389744207126616
179989.48948925175,5.2169337994028695e-05,-0.35612209768222014,6.349328940304413e-05,0.1947835652637736,4.7123545203792e-07,-2.141193718234042
179990.49049045367,5.378321030747929e-05,-0.4247678257264878,6.537631310932241e-05,0.278141130716852,7.074429802903782e-07,1.6340347349852558
179991.49149165562,5.066041884948982e-05,-0.43860651287525865,6.0771932798653143e-05,0.29298702459347936,5.730581004643427e-07,0.21375330248245422
179992.49249285753,5.750799579111659e-05,-0.4175606816479919,7.111122982997115e-05,0.2908806060099279,3.3524713542158314e-07,1.9095533106181821
179993.4934933134,6.166150951928044e-05,-0.5078609046594977,7.61958677634e-05,0.3576278747547238,4.479781308617171e-07,0.26558509146729475
179994.49449451533,5.5122529447197074e-05,-0.5295740821650173,6.715868551064147e-05,0.42349052359354183,2.7852960185780295e-07,0.7656545729979434
179995.49549571724,5.9316753076809706e-05,-0.4789101954886617,7.343907136303698e-05,0.3461222739429941,2.864337377421948e-07,-0.6495903351875865
179996.49649617312,5.695009682097191e-05,-0.5555169138190437,6.811673602759918e-05,0.4396781345191996,4.488922628611955e-07,1.8459493386047463
179997.49749737504,6.345908252091362e-05,-0.5172502263865972,7.722735313533208e-05,0.38865546115240873,2.8183502576760317e-07,-1.5123362025525868
179998.49849857696,5.2519318759418156e-05,-0.5500291487155947,6.172604708029103e-05,0.43930927196538416,6.341830726701457e-07,1.841234024973944
179999.4994997789,5.8201829607727934e-05,-0.5810252863429215,7.107125169828356e-05,0.4464414487872805,4.853791515977058e-07,1.6958292293126618
180000.50050023475,6.19437250471427e-05,-0.4865628554071718,7.596563323544457e-05,0.34584127245236096,1.0887981356367047e-07,-0.37574085881701824
180001.50150143667,6.32982424251823e-05,-0.5399018525557827,7.7451536374016e-05,0.4366092829382392,4.5627239791786444e-07,-2.283303739110448
180002.5025026386,6.461891291180976e-05,-0.45676667751137506,8.073146666930637e-05,0.32676045323273883,3.461083822424695e-07,-1.9739937840333934
180003.50350384053,5.9993001556118806e-05,-0.4096707069085568,7.348031316554025e-05,0.27955731771619474,1.476830512650799e-07,-0.2126034084765044
180004.5045042964,5.553512387361164e-05,-0.3730353583262677,6.747550040631526e-05,0.18950804012873265,4.346002541430087e-07,-0.35486084653695255
180005.50550549832,5.843508480088049e-05,-0.37662594457669174,7.399307436168324e-05,0.2155736088052171,2.8885486099690335e-07,0.27052538960704287
180006.50650670024,6.0022154319337354e-05,-0.5698422284031315,7.194889675262249e-05,0.4572254635555831,6.341586237547656e-07,0.08010287292228058
180007.50750715612,5.1660938249627395e-05,-0.45159599373062903,6.118108073170696e-05,0.2895245945845696,2.602194777540376e-07,-0.6568067670634721
180008.50850835803,5.072423299449803e-05,-0.30783952880947535,6.098445271758819e-05,0.1133040802509309,5.697103639629915e-07,-0.16494816587794195
180009.50950955995,6.49528655670369e-05,-0.5706473881514215,8.093978493714473e-05,0.46474689124879576,2.8633129200206176e-07,1.026748363568706
180010.5105107619,6.307084531517123e-05,-0.43798047314865873,8.004853231982342e-05,0.30647428245647523,3.6741727273177616e-07,0.7955302955809376
180011.51151121774,5.6980060079558455e-05,-0.5890597979275143,6.736434599185778e-05,0.4514324750200905,5.985333888396944e-07,0.5497705351561971
180012.51251241966,5.8708429625760004e-05,-0.31625191987160667,7.515391021373255e-05,0.16799997432351876,2.6182975843844763e-07,-1.1696442368320594
180013.5135136216,5.772874644598353e-05,-0.3897273091933985,7.018784290156824e-05,0.25872790678876845,5.519686777070966e-07,-1.8853235916360358
180014.51451482353,5.532394534348744e-05,-0.4992942549411723,6.974306686418299e-05,0.3735347628124696,3.646277223146285e-07,0.7423563969415077
180015.5155152794,5.9281169857345586e-05,-0.49328898145573946,7.138959094860327e-05,0.3518665863121703,1.4758341216631933e-07,-1.2082718918946869
180016.51651648132,5.522730242593342e-05,-0.3648288765268425,6.86080948023117e-05,0.19775436214957143,4.489915405554957e-07,1.9289370317854684
180017.51751768324,6.205019514522756e-05,-0.47720939514073013,7.582854231856494e-05,0.3373187588927308,1.3915091124575813e-07,0.5804346026212622
180018.51851888516,5.480074781681155e-05,-0.42866170536152154,6.58805156129231e-05,0.279668158302768,2.795908358762507e-07,-1.6638478747005445
180019.51951934103,6.461369586753039e-05,-0.6894515017364439,7.861442351966461e-05,0.6021181092781627,5.435878739477812e-07,1.041357823665252
180020.52052054295,3.3471811596517834e-05,-0.027203112293216418,4.225943211368539e-05,-0.34277865587239575,2.391920462509097e-07,1.3913140483690412
180021.5215217449,6.740201911614357e-05,0.745056750674412,9.890351687979528e-05,-0.9189133069363244,2.9333712896363716e-07,-0.09699922128593692
180022.52252220074,5.1157102993622994e-05,-0.6985471706029278,5.7526506134848074e-05,0.5659345828698434,5.50771340401726e-07,-1.3869255362181052
180023.52352340266,6.425830715097324e-05,-0.4062068910365062,8.102121035666683e-05,0.27097012419929223,2.284703634416811e-07,-0.27487072805343443
180024.5245246046,5.636222333552704e-05,-0.4586641457593574,7.020367951517596e-05,0.32067423896785135,3.325104882388119e-07,-2.553168553090145
180025.52552580653,5.6481912625185984e-05,-0.44574584649406424,6.935740288021727e-05,0.3202094546948894,5.858063747800757e-07,-2.217655946599602
180026.5265262624,5.541439445769386e-05,-0.5195122341086287,6.671394628878551e-05,0.3913316932179766,5.641740857868477e-07,-1.593340041028066
180027.52752746432,6.236192456435744e-05,-0.4313204303931112,7.630115819630202e-05,0.2917628674670527,2.3315174429881366e-07,1.5594254016717477
180028.52852866624,6.233998738936362e-05,-0.501527923622615,7.565369379298036e-05,0.4051442875127163,2.645076080882582e-07,-1.34453531822477
180029.52952986816,5.960279230450103e-05,-0.37904145048103616,7.301182659386315e-05,0.2698390618849734,3.2710175491959055e-07,-0.30721126559500267
180030.53053032403,5.585260092914373e-05,-0.4902740762981231,6.576740915583605e-05,0.3540813435832186,4.498606583127297e-07,0.989975345974747
180031.53153152595,5.950066462614189e-05,-0.5066577311432949,7.287935817076528e-05,0.37505021995069865,6.708668898598229e-07,1.3159525878641039
180032.5325327279,5.6511363526497724e-05,-0.48627457436602384,6.772381147277803e-05,0.36662219121555994,3.278408573639015e-07,0.8018315162834334
180033.53353318374,5.3205433648686475e-05,-0.4014450847948908,6.427489879953111e-05,0.23108613858433097,5.071851808462032e-07,0.1615722690319767
180034.53453438566,6.486233623711799e-05,-0.46783480632196234,8.138297908189154e-05,0.3397875923853134,1.8765702254220752e-07,2.118153070417196
180035.5355355876,5.121886183971708e-05,-0.524794212023017,6.280057548575243e-05,0.40088296760435976,2.2983532432509228e-07,-0.3452344357895118
180036.53653678953,5.507397556683802e-05,-0.38775156220765167,6.54196448298552e-05,0.21447717274796763,6.703441969845148e-08,-0.6437571219903753
180037.53753724537,5.793470937971342e-05,-0.4756462727142254,7.078642196212074e-05,0.3448665425580221,4.524935301111598e-07,-0.37323018297114896
180038.53853844732,5.656627254732025e-05,-0.41673959869311333,6.960511390908894e-05,0.26513348468382725,3.8544920175808116e-07,2.8239230984481227
180039.53953964924,5.842196012857164e-05,-0.49390563149770716,7.178662428992521e-05,0.3922992529884916,2.9175226997424186e-07,-0.5720157224012703
180040.54054085116,5.4689740340446186e-05,-0.5174225036982668,6.602212911816524e-05,0.38107577789823577,4.102231329993375e-07,1.5321220758402303
180041.54154130703,6.389395392921879e-05,-0.5639413461012877,7.737775644522552e-05,0.4546725224116189,4.3923389768700163e-07,-1.538793972414921
180042.54254250895,5.160446328191215e-05,-0.4679053979750492,6.299694202599638e-05,0.3279181397138692,3.2800469353712234e-07,0.6917839822996327
180043.54354371087,5.731586358996452e-05,-0.4278244788618591,7.120111929587258e-05,0.3012710472238965,2.332820244449627e-07,-1.9290879091698632
180044.54454491282,5.714683608954383e-05,-0.5134303540235118,6.87978002816822e-05,0.38123750257982214,6.374016114087412e-07,-0.224936993213463
180045.54554536866,5.935016411959296e-05,-0.6403017442693633,7.105953635952344e-05,0.5546134108082699,1.8115085289429182e-07,0.3737914031168171
180046.5465465706,6.087591355495737e-05,-0.5202981151102207,7.302724491856095e-05,0.3965343703221987,2.1610216857436302e-07,1.0817813917688657
180047.54754777253,5.5961727982249625e-05,-0.5446037053035855,6.55000061581199e-05,0.42205830896901686,6.813692638417827e-07,1.3738244518224636
180048.54854822837,5.941984810872517e-05,-0.5775820268981539,6.996682272046085e-05,0.48126473865000446,1.598909602883739e-07,-2.292706675295298
180049.54954943032,5.5621581071430726e-05,-0.4542510547940251,6.60770237082182e-05,0.3194059007190546,5.272482803432009e-07,-0.869569011591354
180050.55055063224,5.940019427369328e-05,-0.42333275538477355,7.299878323500503e-05,0.2944913828253284,3.0006961709890793e-07,-0.6680180893408373
180051.55155183416,5.488519142350912e-05,-0.41019799270247986,6.556999022981742e-05,0.25777469264111946,5.443441588900677e-07,0.32673041043873485
180052.55255229003,5.3516243414795665e-05,-0.5274229082603534,6.44387682779209e-05,0.3799896690592976,5.277434108875905e-07,2.4686520893310364
180053.55355349195,5.437550630924459e-05,-0.4649012187608657,6.619162054258957e-05,0.3362337907314325,2.332792615006762e-07,1.0862496802414092
180054.55455469387,5.4204498882316674e-05,-0.32640608207887495,6.742901476837142e-05,0.18207576060446656,6.672757311283555e-07,-0.9109668336395091
180055.55555589581,5.38252552792012e-05,-0.5423083214331121,6.325620664832938e-05,0.37810056130525754,4.350827527362011e-07,0.504548094667791
180056.55655635166,5.720726612538025e-05,-0.4748716679304866,6.884042283391523e-05,0.3376522811070099,3.944204648683323e-07,0.783473639422463
180057.5575575536,5.698500400528506e-05,-0.4774200968111645,6.859581300971613e-05,0.3042899055947743,2.575495242610458e-07,-0.44987057707805994
180058.55855875553,5.499379364704823e-05,-0.4515958536977721,6.528586093947075e-05,0.3321751932046221,4.0432161809452014e-07,-1.2250702852237751
180059.55955921137,5.52690731133575e-05,-0.49399854042700475,6.581809637487226e-05,0.3764015739071921,1.351642549697454e-07,-0.5579611250030128
180060.56056041332,5.562289024584686e-05,-0.4553917946822381,6.786376520502995e-05,0.31346269080052147,7.389128022196795e-07,2.747089214329055
180061.56156161524,5.811495445441515e-05,-0.47192893566434596,6.926637520814886e-05,0.3228427601497486,6.294129997517298e-07,-0.5836971285657209
180062.56256281715,5.98082437561159e-05,-0.4898364186301359,7.493410962688602e-05,0.34087223525702587,3.633410559873746e-07,0.07478599540198702
180063.56356327303,5.386377242420079e-05,-0.4023570858223757,6.729888371328383e-05,0.2508699023143159,4.6803879818888457e-07,-1.0800183805087324
180064.56456447495,5.4098085080204976e-05,-0.4766044778940414,6.535652426795032e-05,0.33864883642812704,1.6391254016318195e-07,-0.2994803338897446
180065.56556567686,5.419808991888349e-05,-0.4525676301774042,6.6456079951597e-05,0.310932207962532,3.151430935178583e-07,-0.3774342117251619
180066.5665668788,5.574428166212875e-05,-0.49044997522896344,6.724694109463241e-05,0.3562186083241113,2.178862724967043e-07,-1.380532471878215
180067.56756733466,5.4328739167694445e-05,-0.47410440600997433,6.770210605804781e-05,0.32066420113059557,2.410106551577381e-07,0.1393264408299792
180068.5685685366,5.9667291205880085e-05,-0.4289280511329326,7.460352026135044e-05,0.2986231986042459,4.530195480882701e-07,-1.1789578977658812
180069.56956973852,5.202561844726817e-05,-0.4272515895607047,6.308800836120935e-05,0.25608132712339954,5.647764643857362e-07,0.7955829846089016
180070.57057094044,5.3833695296981954e-05,-0.5511474960205063,6.474694654243694e-05,0.41517433046462693,3.253954754369263e-07,0.6635553704023759
180071.5715713963,6.116016019581908e-05,-0.43804859242681027,7.550771983708676e-05,0.30257324628002735,5.486784270830222e-07,0.12985445704480394
180072.57257259823,5.303718679370895e-05,-0.4336745285616994,6.4164672806048e-05,0.2623485886207331,3.192267868570988e-07,0.3967267219197197
180073.57357380015,5.4269490609201815e-05,-0.5009578698131139,6.403630759089657e-05,0.34759077425405055,3.1067569632670106e-07,0.8388160796705644
180074.57457425602,5.3376842052110993e-05,-0.6229179466136018,6.253726037549863e-05,0.4959306453029512,7.13724335865562e-07,1.185709289895645
180075.57557545794,5.95675198297085e-05,-0.44442738688396144,7.34503355269796e-05,0.3108274857128629,4.290748945418967e-07,0.6942657383361794
180076.57657665986,5.266276923680028e-05,-0.5962346398589278,5.9903019273069264e-05,0.4615323072478363,4.4242268600621586e-07,-0.6143272206232866
180077.5775778618,5.716161808252404e-05,-0.3406242155406365,7.23111727041717e-05,0.2042876619453434,5.726587218043754e-07,0.06192981049865898
180078.57857831765,6.357618230075887e-05,-0.5577641007265222,7.834951474657401e-05,0.46532862868369507,3.3041662502418597e-07,2.587792651620148
180079.5795795196,5.7561309309573336e-05,-0.5134837748005122,6.917989713904817e-05,0.3908826851401032,3.082848592505612e-07,-1.0956315674722554
180080.58058072152,5.848115032494866e-05,-0.5009044999363081,7.247865638526411e-05,0.3653574393747836,1.6355105899419032e-07,-0.5421443972487077
180081.58158192344,5.9089816828595576e-05,-0.36150366668170786,7.40692719141668e-05,0.21235667911834916,4.944568969354944e-07,-0.09042906655749998
180082.5825823793,5.5675337902623516e-05,-0.5162845094923857,6.565016856029996e-05,0.3599905369383826,2.707296582209962e-07,0.8088782272700764
180083.58358358123,6.228621580775499e-05,-0.3744933741735391,7.718529889854115e-05,0.2339750273105246,5.205310352571988e-07,-1.3978674832438822
180084.58458478315,5.977521824024347e-05,-0.4775630680016623,7.440634305293585e-05,0.3309885756167299,4.869601580061626e-07,1.5289751800163858
180085.58558523902,5.8040612585776084e-05,-0.4225209248718496,7.157214900474731e-05,0.27277659183909264,2.809054276592077e-07,-1.2761478244049342
180086.58658644094,5.198477934344964e-05,-0.500210075280198,6.285839922401498e-05,0.37127229880839685,7.667861045548897e-07,0.9816342116131297
180087.58758764286,5.6124512034584376e-05,-0.3943611131880522,6.930590111197717e-05,0.22922237444792354,6.479304436737712e-07,-1.4628370421943284
180088.5885888448,5.761189752984962e-05,-0.4200997225314144,7.172343244008457e-05,0.2539328785211266,1.9637227470795087e-07,-2.2604286426344617
180089.58958930065,5.572233352820959e-05,-0.4504995751510829,6.67948708294133e-05,0.3187888984804375,7.032456733357702e-07,-0.7924487482637843
180090.59059050257,6.177114039271665e-05,-0.4593817009292684,7.694218698461794e-05,0.2943508955558576,4.034780975788954e-07,1.0851940181057136
180091.59159170452,6.011874950817189e-05,-0.4629875271636679,7.48381713873999e-05,0.32399914470165325,2.868562833163839e-07,-1.8901142721619595
180092.59259290644,5.879028309195015e-05,-0.47049060380610896,7.376343358830631e-05,0.3227364736178601,3.4001062664963825e-07,0.04142349340286295
180093.5935933623,5.10360046641782e-05,-0.5023586336004844,5.988341188197272e-05,0.36760865771913614,2.673477571956031e-07,2.778051407142902
180094.59459456423,5.1336075984834084e-05,-0.5078633713150597,6.081918093087134e-05,0.38208893848760606,4.801041821638241e-07,0.6474013791479207
180095.59559576615,5.781201725282176e-05,-0.5079001636171637,6.997328417271412e-05,0.4047576107848469,5.307805504144596e-07,-0.05865285824467888
180096.59659696807,5.798141635487235e-05,-0.3944294319998627,6.999926425537287e-05,0.24644321794007334,4.67987123131281e-07,0.6417630774187535
180097.59759742394,5.7560766815535736e-05,-0.3938221312930461,6.98780278747236e-05,0.2388377636723011,4.4475801711602184e-07,-1.965900063042009
180098.59859862586,5.422101654085743e-05,-0.4209903152796536,6.74836165283573e-05,0.2753108191499775,4.5565563954795345e-07,1.106118135103597
180099.5995998278,5.891147488816939e-05,-0.4392833481138293,7.181789554780935e-05,0.28651978126246597,4.697663006891818e-07,0.9414805115057377
180100.60060028365,5.665611773157168e-05,-0.48268654820687124,6.982867620158012e-05,0.3643916597341755,5.979268004335456e-07,1.0248673705051012
180101.60160148557,5.7646745655677974e-05,-0.4054365462564609,7.338773618380776e-05,0.26537365018408804,4.302628363996295e-07,0.0331726850196727
180102.60260268752,5.7751938795826305e-05,-0.5106031005366068,7.26347645209253e-05,0.3805002824702892,1.7570439789806055e-07,0.40359255201480376
180103.60360388944,6.0792302809545915e-05,-0.4872328035774114,7.620480767858954e-05,0.3672224464140121,3.3918690113585804e-07,-0.47994650428297003
180104.6046043453,6.0664507655211766e-05,-0.4914129751564429,7.64124500056371e-05,0.3695738935980106,2.0171143181475906e-07,1.3941896747001647
180105.60560554723,5.674454299959055e-05,-0.38969713082343527,6.781465606901003e-05,0.24407591289632624,4.0453144375790896e-07,0.470330203952261
180106.60660674915,6.048808462441903e-05,-0.48793530362209603,7.522629534685303e-05,0.3443889047812537,6.745933111552235e-07,0.6645818177881994
180107.60760795107,5.0996623486240255e-05,-0.43093418424335683,5.997452169682665e-05,0.2702840060378108,6.509472834795465e-07,-1.946637192182198
180108.60860840694,3.823471098083117e-05,-0.6989772908768697,3.9319597763292154e-05,0.6338801541099055,2.8254855119782495e-07,1.1066300494687311
180109.60960960886,5.681246305849324e-05,-0.36306979300487136,6.99795611930602e-05,0.21582558890141168,1.6201784942631628e-07,2.2958129684518274
180110.6106108108,5.532710118866088e-05,-0.4665797157116663,6.718829279226748e-05,0.3206074735081838,1.7871865980598775e-07,-0.637442005453058
180111.61161126665,6.285789309800293e-05,-0.4193813523567926,8.012999834385415e-05,0.29520525617552235,5.428803122950532e-07,-0.8000606579837595
180112.61261246857,5.699643500551843e-05,-0.40730543403709024,7.13878136603061e-05,0.27306216195855404,4.801999772235968e-07,0.3268382608880082
180113.61361367052,5.9892060955602696e-05,-0.3803888358033045,7.253131999453765e-05,0.22390779269979408,4.859201805186187e-07,-0.09784796712162762
180114.61461487244,5.639485193953829e-05,-0.5380579365579797,6.793621083613102e-05,0.3979650760854873,5.641047018601611e-07,0.8129515709054269
180115.6156153283,5.6639817039621714e-05,-0.36991904117427155,7.043932388181967e-05,0.20928832199341352,2.716921458454654e-07,1.0036697264598644
180116.61661653023,5.2485970958216196e-05,-0.4402392477318567,6.37107374003072e-05,0.2899689327028159,3.9124127545659504e-07,1.6595488672676688
180117.61761773215,5.5736423133006236e-05,-0.5733818021885267,6.636076661901013e-05,0.45295176208029464,6.297550809187817e-07,0.4061922498940496
180118.61861893407,5.649393688874792e-05,-0.44523170226650804,7.02896341730555e-05,0.3174300121807336,2.952179266721996e-07,-0.780231477646131
180119.61961938994,5.811131138167323e-05,-0.390311009924899,7.078243724579456e-05,0.2520020923160526,4.413163515578808e-07,1.9340322961299778
180120.62062059186,6.38262769652576e-05,-0.5522874471759311,7.78196063840845e-05,0.4410751539116074,6.777210136697154e-07,2.411958513212132
180121.6216217938,6.194580815335916e-05,-0.577261186885572,7.6425150560418e-05,0.4927139260659089,3.1819438154408534e-07,-0.7321963454101785
180122.62262224965,5.7182174732378986e-05,-0.40502739369600954,7.182220795933574e-05,0.28329064716238084,5.753220689740557e-07,-0.0052137288020309815
180123.62362345157,5.291799018162136e-05,-0.42478897305319163,6.5016374874228e-05,0.26437127343336875,3.8762694728988827e-07,1.2872956673946994
180124.62462465352,6.398373140457424e-05,-0.3612845768553439,8.006140794449895e-05,0.21480012578009425,1.45456623801931e-07,0.947322755328539
180125.62562585543,5.339759512728092e-05,-0.4395452230472477,6.606736092933787e-05,0.2968003038548415,2.3519689658033984e-07,-0.5331161603105112
180126.6266263113,5.643943181622803e-05,-0.4836599925015108,7.012347917997987e-05,0.3354333852817811,1.8328961518167128e-07,1.5131524872308895
180127.62762751323,5.874654712005055e-05,-0.468088073987534,7.350829457413601e-05,0.3272840393008686,7.195207885027194e-07,2.1771147964662987
180128.62862871515,6.235750112542735e-05,-0.5014994431661389,7.669533033320313e-05,0.3590896694027347,2.2350320262081637e-07,1.823692747432213
180129.62962991706,5.726587282550349e-05,-0.4378300744867622,6.97407185102794e-05,0.2786834712386558,6.783009115325775e-07,1.0601238291347592
180130.63063037294,6.254332063350301e-05,-0.4743545354047433,8.032597567719606e-05,0.3404901529620965,3.774463953910184e-07,-0.4419200568076466
180131.63163157486,5.7964107046133875e-05,-0.4947364321298994,7.172774324544532e-05,0.34190076179903933,4.957173558762863e-07,0.4659192107872368
180132.6326327768,5.8797156950823363e-05,-0.46997543757597404,7.184132867263542e-05,0.34995829204655965,7.592875509681949e-07,0.2778325495462034
180133.63363397872,5.529148458764342e-05,-0.528494350541765,6.720681559025009e-05,0.393595587533577,4.1545773046424596e-07,0.3430351460989973
180134.63463443457,5.4918384820589075e-05,-0.4855214918655413,6.550341317844508e-05,0.3327891215322624,4.6726080510939e-07,-0.9353445190720449
180135.6356356365,5.213073577589696e-05,-0.4477382357012136,6.411081169494752e-05,0.284012010860422,3.0224568540955527e-07,-1.1383059539654417
180136.63663683843,6.0420916891259465e-05,-0.4230788192969009,7.4087722407272e-05,0.29529962020762274,1.8751889438606916e-07,1.2313307483984741
180137.63763729428,6.046976768616878e-05,-0.44861104908492905,7.42346325447135e-05,0.32068440260064707,4.58591250822722e-07,0.27597713200205104
180138.63863849622,5.488930072918512e-05,-0.5641275987445775,6.629097584232839e-05,0.47700257207068153,4.1260969119038784e-07,1.358661726760267
180139.63963969814,5.934510325421321e-05,-0.48381547558100224,7.279065382709389e-05,0.3711511379196609,4.533618448011714e-07,0.4731225445048957
180140.64064090006,5.3401710790126924e-05,-0.473912766673722,6.253475822828937e-05,0.33093643718100224,4.3001701060966074e-07,-1.3261832873703487
180141.64164135593,5.53244885816351e-05,-0.4300795067632063,6.636344606688345e-05,0.29995653062697475,4.442696640892918e-07,2.031884045312912
180142.64264255785,6.505624472264018e-05,-0.4540598472468681,8.208753990774913e-05,0.3128064077809876,3.195126675034091e-07,-0.09772642068085181
180143.64364375977,6.15486422256754e-05,-0.416607455972655,7.751618939629797e-05,0.2864948876909368,5.189268707862678e-07,-1.1935055102436698
180144.64464496172,5.975224974214305e-05,-0.48215172744888174,7.55429739767404e-05,0.3595060358534973,3.14637283006159e-07,-0.33758361620765515
180145.64564541756,5.0842504045680084e-05,-0.5590671917107544,6.0943266497192534e-05,0.4653093496842118,3.8013309782355797e-07,-0.46964803023574514
180146.6466466195,5.8139941138240325e-05,-0.4418348022044708,6.961658429459881e-05,0.2967646502925915,2.1699215033932813e-07,0.21670093171913493
180147.64764782143,5.4206933460251033e-05,-0.42967059679144975,6.680324391556607e-05,0.2756966488819211,3.446421745574232e-07,1.3223423277666053
180148.64864827727,5.854227590449977e-05,-0.44112179758817527,7.35030974613821e-05,0.2864058342535782,3.2973203960048613e-07,-1.0271658517862972
180149.64964947922,6.080497725139256e-05,-0.41163374837592503,7.458211157369118e-05,0.2644925559074038,2.4709375795822555e-07,-0.34686395321474195
180150.65065068114,5.018805695540457e-05,-0.34081673820041625,5.913278652759586e-05,0.19227034559345837,5.38307750799433e-07,1.7485656217426273
180151.65165188306,4.830490646104147e-05,-0.42357993867902405,5.953115845712499e-05,0.27067798071645616,4.002825554555525e-07,-0.697610234597024
180152.65265233893,5.7212594884142543e-05,-0.399806704438038,7.005807267106018e-05,0.25022586958700666,3.814911700415055e-07,-0.09880832411517926
180153.65365354085,5.606676027953822e-05,-0.36732670780868487,6.812135132936577e-05,0.231120960672829,4.626687766630122e-07,1.3874250357282516
180154.65465474277,5.725413190803019e-05,-0.5853403779159878,6.996250924531037e-05,0.48388754367709674,1.6080006412753048e-07,-0.3668641240744499
180155.65565594472,6.0796886968108523e-05,-0.4303131445167385,7.528999774511961e-05,0.28121935778015533,5.835975238742757e-07,2.236207714838986
180156.65665640056,5.1281995614454696e-05,-0.4036173603427448,6.294653873047081e-05,0.2336701494433479,2.1588720897803016e-07,2.6807694972345257
180157.6576576025,5.3198171753814304e-05,-0.43974936554048666,6.454045565357653e-05,0.24814463498886632,3.1628877921438314e-07,0.7370573321948148
180158.65865880443,5.370668484168927e-05,-0.6167846954890983,6.454646990635404e-05,0.48869750098295134,6.713440262099528e-07,-0.9885472132826749
180159.65966000635,5.863983869686944e-05,-0.4969369602396524,7.060251698691767e-05,0.35789142684609293,1.2325280037109333e-07,-0.05184169560152227
180160.66066046222,5.840594022363114e-05,-0.4580765423996409,7.253998247075778e-05,0.32658728282054683,3.0077195398497666e-07,-1.4343316877501784
180161.66166166414,5.7520377876198415e-05,-0.47523859189605416,6.885733792652316e-05,0.3548338440290789,4.708126422773681e-07,-0.26579350498222964
180162.66266286606,6.084679127432883e-05,-0.4551950350770221,7.644761032694786e-05,0.3115074917920303,1.5739142615918202e-07,-0.8203577757746144
180163.66366332193,6.045726977749172e-05,-0.4029991904068818,7.511184559161045e-05,0.25172436351758704,3.3699847869839423e-07,-1.9465243428013967
180164.66466452385,5.63902806762538e-05,-0.602956397636077,6.685250914658012e-05,0.4942080113917472,2.7191997447528107e-07,1.6366036697354767
180165.66566572577,5.716850008022691e-05,-0.36350619196152206,7.049837381182865e-05,0.20698635354838882,2.485757671932327e-07,-0.1488092175662618
180166.66666692772,6.431288480385599e-05,-0.4050220821243913,8.083424606683242e-05,0.27323456904303295,3.9835692282931374e-07,-1.2182934414643594
180167.66766738356,5.844710287634559e-05,-0.3912378607766328,7.240370950915293e-05,0.23470672917775048,6.592195817584605e-07,-0.329161035365797
180168.6686685855,5.65324291254004e-05,-0.3375625581112314,7.069145293810108e-05,0.13856474616917752,4.334359520336999e-07,0.29655967143523343
180169.66966978743,5.508232585367851e-05,-0.548782407569582,6.63475820001083e-05,0.4173372627569994,1.9556997006151364e-07,0.41126234183232124
180170.67067098935,5.975528149010422e-05,-0.4808752858414883,7.296982334184052e-05,0.33723529891551723,3.022893913382761e-07,0.9147482426554427
180171.67167144522,5.5070322529214e-05,-0.49844843576956005,6.827140962543467e-05,0.37334383663277454,5.591417348777047e-07,2.9663944472739856
180172.67267264714,5.7029498937760755e-05,-0.5035498493254013,6.840846004094396e-05,0.38187364480994634,2.1651515796911103e-07,0.4376330778468298
180173.67367384906,5.321267375512714e-05,-0.5520727117244913,6.34709615507744e-05,0.445670726495259,7.841531888632415e-07,2.7793171168761175
180174.67467430493,6.229087540683276e-05,-0.44596792413533964,7.798902326781748e-05,0.2987256806886772,3.955517499915676e-07,0.6140869241613183
180175.67567550685,5.59307165633135e-05,-0.584696459506468,6.573403682102025e-05,0.47786084819561864,2.9082158360138914e-07,-2.459806604455938
180176.67667670877,5.6300314750620234e-05,-0.3657465407576996,6.841377765746876e-05,0.21126917232027445,3.000057353365221e-07,0.25073363616464045
180177.67767791072,5.7786761785915794e-05,-0.5598755905845302,7.06319192721588e-05,0.46086297477941285,4.778229932550895e-07,-1.6853220502288748
180178.67867836656,5.306598238808846e-05,-0.5807410598602616,6.261998599337805e-05,0.45679745308876374,2.5850250373866405e-07,0.08067798831721791
180179.6796795685,5.8264160575205466e-05,-0.4675567026814368,7.085988252220091e-05,0.3449153947195711,3.242588430350625e-07,-0.6197056719020587
180180.68068077043,6.335270623163072e-05,-0.4840272000893204,8.052876488696842e-05,0.3330390074194925,5.129314485435242e-07,-0.8450047682098154
180181.68168197235,5.771205964764674e-05,-0.46281407716243683,7.082243450438657e-05,0.33175747068160527,8.937864929941771e-07,0.7073895072565032
180182.68268242822,5.4439141480582775e-05,-0.5074303736510833,6.435697775923143e-05,0.37346775434774176,4.5402068389880013e-07,1.4632634814257799
180183.68368363014,5.317350822293788e-05,-0.4811398486484372,6.267436713437267e-05,0.3220541529147029,3.1553644388523704e-07,1.1952151800347521
180184.68468483206,6.15048543294469e-05,-0.4696995403798574,7.49715011825282e-05,0.31623975325316334,5.214319510408141e-07,0.6756611660462986
180185.685686034,5.9993007848970944e-05,-0.6023688134010072,7.45844657031341e-05,0.4954099158176288,3.129291233870603e-07,-0.999005184417382
180186.68668648985,6.081431886882233e-05,-0.4031467171947481,7.754914833615186e-05,0.2464423836303496,3.822139402306283e-07,1.9953498948772472
180187.68768769177,5.567735457959403e-05,-0.43065004559013303,6.656345955217831e-05,0.2508166481831098,3.450675389624366e-07,-1.077985469722846
180188.68868889372,5.883380050197235e-05,-0.36101673010858637,7.09632944743805e-05,0.20736530478614507,3.145024869986142e-07,1.1845448786111745
180189.68968934956,6.291211900782788e-05,-0.6008125612237143,7.671411183686282e-05,0.5063458575160058,2.8764963060365385e-07,-0.8277053425418461
180190.69069055148,4.429395396206367e-05,-0.4639587046180756,4.97576198664378e-05,0.27557963798743645,4.4828609572343466e-07,0.16217010420891964
180191.69169175343,6.348697680521623e-05,-0.357518813300985,8.14339216521632e-05,0.19579654058580132,6.015779541286956e-07,0.25760631217122293
180192.69269295534,5.724457122212049e-05,-0.5470871273875622,6.99213038182683e-05,0.4432215985311764,6.245610120857987e-07,-1.4883086369531513
180193.69369341122,5.612024523679895e-05,-0.4712197483214095,6.884084820564068e-05,0.3306485254214121,4.3236960125749784e-07,-0.5881635408202471
180194.69469461314,5.472596257486068e-05,-0.49785355978483614,6.586631526795334e-05,0.34695094270098126,5.753610293319666e-07,0.4812217359907657
180195.69569581505,6.225589760362183e-05,-0.45226709970986984,7.837107950962759e-05,0.31388162778587525,1.8618612847489578e-07,1.338636701467322
180196.696697017,6.396970112246961e-05,-0.46062922823061137,8.003275088880842e-05,0.366760242568007,1.6080729433088974e-07,-1.083598558928696
180197.69769747285,5.690360492441352e-05,-0.3375247909933137,6.941826525163047e-05,0.16559261721222354,1.7270739846464755e-07,-1.7200508602530964
180198.69869867477,5.534903465387758e-05,-0.41353074132715983,6.871842108447754e-05,0.23833490099311105,1.2691049263827657e-07,0.5363637240429873
180199.6996998767,6.274676179700755e-05,-0.41816125620732975,7.865368185052593e-05,0.2772553440344237,3.067193685403181e-07,0.7913634669833464
180200.70070033256,5.326229137758263e-05,-0.4917352810299858,6.543739669241593e-05,0.3201337626890941,2.856535421711175e-07,0.44810340543326244
180201.70170153448,5.2939606520119375e-05,-0.4045995051560576,6.502217608093153e-05,0.23993256590669157,1.994854670740723e-07,1.4366304288883158
180202.70270273642,6.128260881534932e-05,-0.42308776423786015,7.673998814872274e-05,0.2830143710887169,5.044386049835382e-07,1.2056958485288651
180203.70370393834,6.376652078333596e-05,-0.46757406169940896,7.739462782794771e-05,0.35940986029558736,3.6239429958735354e-07,1.0141115973834658
180204.70470439421,5.949046157722303e-05,-0.46808481401982693,7.191818815057216e-05,0.34551949500886736,1.0748757807884882e-07,-1.383208462382488
180205.70570559613,5.3699961933342194e-05,-0.4234798948266513,6.674761274040253e-05,0.29697218862611136,2.9421433631401014e-07,0.4049338093303343
180206.70670679805,4.9168513004261915e-05,-0.4074657327440571,5.997466989503126e-05,0.2124844361235914,2.0743557880552615e-07,1.8386396701592496
180207.70770799997,5.315005662055001e-05,-0.460942792765054,6.494247499476962e-05,0.29137665717873296,2.4517331211968524e-07,-0.2193834288755037
180208.70870845584,6.194823923591784e-05,-0.550221953802612,7.460032468062274e-05,0.4393877611843781,4.772206192993803e-07,-0.3041473273526252
180209.70970965776,6.051421287023342e-05,-0.44863673284389183,7.40436013995393e-05,0.31183012577942715,3.777370771892349e-07,-0.3133072866672032
180210.7107108597,5.4353699453979836e-05,-0.4435735269155851,6.475286131848068e-05,0.3205409557386842,7.966600447655613e-07,1.4041200578869437
180211.71171206163,6.291657875943383e-05,-0.4692142153790692,7.842614797749997e-05,0.3504505428692319,1.5266655590024144e-07,-1.352365513651536
180212.71271251747,5.2120872856358625e-05,-0.49388035629039484,6.061048465633545e-05,0.32330497118948354,5.846220165360814e-07,-1.1199946859901613
180213.71371371942,6.114483528927143e-05,-0.4184457389240384,7.718015638909234e-05,0.2879635093029834,2.3899887143258993e-07,0.678812342625209
180214.71471492134,5.195688475625529e-05,-0.522566327719181,6.196935918588629e-05,0.3637151602920954,6.648861230270335e-07,1.977171760506112
180215.7157153772,5.591688694349104e-05,-0.4969223256926282,6.853212445126102e-05,0.355070730811532,3.1466981133391055e-07,-1.93867143609737
180216.71671657913,5.2853881930759695e-05,-0.6273945474460894,6.306113029167762e-05,0.49174756893355553,3.467743628790855e-07,-0.27783597506052854
180217.71771778105,6.371379323357482e-05,-0.3181851754130425,8.153890309140615e-05,0.15831838918065416,8.574129223115541e-07,2.367274115178556
180218.71871898297,5.9824064252247804e-05,-0.4470025646231282,7.521418989088333e-05,0.29601239502356236,7.775901540612376e-07,0.8568108852944252
180219.71971943884,5.299966392516448e-05,-0.47397475306910125,6.337630841912781e-05,0.3175905420038623,1.8349978749936903e-07,1.8739973390942877
180220.72072064076,6.573558463207878e-05,-0.36733770462970206,8.175183971348322e-05,0.24892307327228774,1.8552746316775938e-07,0.919648924675428
180221.7217218427,5.628078011738448e-05,-0.5030204582979048,6.993375905304275e-05,0.3630626777855447,1.9217248333637723e-07,1.5313296552257984
180222.72272304463,5.5292582956418515e-05,-0.5318244572345571,6.639010047581551e-05,0.40268691346054636,3.0636755910788367e-07,-1.651304344550334
180223.72372350047,6.1008864959812856e-05,-0.5409337135972028,7.463313170716776e-05,0.42014772326756966,3.4932510950644784e-07,-1.0424113148127268
180224.72472470242,6.0337611847200165e-05,-0.4145048592638278,7.55464996335814e-05,0.2823537038685384,4.6381948341893864e-07,-1.8058902601501137
180225.72572590434,4.921843420164826e-05,-0.6609016011282629,5.714023063613486e-05,0.554837967516702,5.787551805065888e-07,0.11702438299352738
180226.7267263602,6.325838044800411e-05,-0.5264315712184304,7.694313796349886e-05,0.43132461383406645,3.9158068433351897e-07,0.6365496953991441
180227.72772756213,6.252236198562737e-05,-0.33951915533812405,7.687690971155812e-05,0.20173709258888745,6.890521194074722e-07,0.3356787664863225
180228.72872876405,5.792663359378082e-05,-0.5362698961138218,7.093644044905094e-05,0.39204307805368493,2.684529627676691e-07,1.7160295540388164
180229.72972996597,6.177007996594356e-05,-0.6082946452192669,7.481081910009859e-05,0.49541910254832217,3.7873766111118933e-07,1.9387269329007326
180230.73073042184,5.4626042092364155e-05,-0.48641866610837736,6.678607648879264e-05,0.37550044698862806,6.531373597656525e-07,0.5913837305818987
180231.73173162376,5.811320470127441e-05,-0.4092553570186147,7.254500813553938e-05,0.2856251227857708,2.5467510631720784e-07,-0.8167056186831503
180232.7327328257,6.389004377536146e-05,-0.48716708482964544,7.801234595315985e-05,0.36235941306988734,3.838104578839244e-07,-0.8507133069843268
180233.73373402763,5.699642007109658e-05,-0.5507727084361219,6.598464753071328e-05,0.4385312493038214,1.5257204586008525e-07,-0.8476954939725416
180234.73473448347,6.040278878689184e-05,-0.5709400189272236,7.320120329994345e-05,0.4590098003433323,2.3555635837535015e-07,0.13593704132375098
180235.73573568542,5.3291707981630605e-05,-0.3570240943093019,6.754681149198696e-05,0.21037907053766447,4.2234411824684564e-07,1.9625388123472227
180236.73673688734,6.597256317466619e-05,-0.4235995855230811,8.217687555023535e-05,0.2800228158987401,3.42319200982248e-07,2.461524820276243
180237.73773808926,5.8225538291946396e-05,-0.421817826345104,7.105550504461946e-05,0.2708308807531689,1.440789460616761e-07,1.355348641210999
180238.73873854513,5.893776667275067e-05,-0.5220455816492848,7.149722637107172e-05,0.40066586201297943,1.953688460899466e-07,0.027487130227576963
180239.73973974705,5.38847274792435e-05,-0.3335516480956492,6.611515595416831e-05,0.15517636155541337,6.033204018489335e-07,-0.44831246755860144
180240.74074094897,5.237761123889857e-05,-0.3818629091366044,6.374291030357425e-05,0.192051106045878,6.004711125454118e-07,-1.7428767747099179
180241.74174140484,5.3216259738103536e-05,-0.5026484185062156,6.7520444798079e-05,0.3722577331588773,5.190603715549535e-07,0.47940186538269214
180242.74274260676,5.533271763559836e-05,-0.482181984859084,6.87271832313812e-05,0.3264015829368401,3.773654154795384e-07,1.8538862085678973
180243.7437438087,5.8680912498090706e-05,-0.38660753643453244,7.304141768225806e-05,0.23294506677907892,1.7046677874721957e-07,0.1848184519467388
180244.74474501063,5.731246920250805e-05,-0.45195511664565446,6.922742491068069e-05,0.3178640063118577,4.0020284694413643e-07,1.3158378264007198
180245.74574546647,6.065393490519167e-05,-0.37984403762786795,7.480440829087036e-05,0.24503596064776353,9.286010105814368e-07,0.5773072261495762
180246.74674666842,6.423632434938756e-05,-0.4815295714296693,7.964001606777061e-05,0.3672444754741888,4.350663763875689e-07,-2.6216061808822686
180247.74774787034,5.757269862939143e-05,-0.5084581245051568,6.92664201424274e-05,0.37260090026024667,3.675036055869091e-07,0.9892820838559128
180248.74874907226,5.830026871744701e-05,-0.505605629459559,7.20007397535607e-05,0.38831267099987904,3.2778651658109934e-07,1.48441597694339
180249.74974952813,6.123998662682123e-05,-0.49026052926300717,7.566971143883121e-05,0.372815512860062,1.1043566315454339e-07,-0.3741983666897104
180250.75075073005,6.970296070679915e-05,-0.4384699050269998,9.043681531158966e-05,0.31532298075030607,5.136463658689706e-07,0.11460565638086835
180251.75175193197,5.7635066226412646e-05,-0.4401302671849734,7.003362115230425e-05,0.28334035129917085,2.851836302627834e-07,-0.9358941845109808
180252.75275238784,6.174987120652312e-05,-0.5861731623175915,7.409850410103208e-05,0.4930875952731551,5.909379281265893e-07,-0.13495063613561922
180253.75375358976,5.692107134194275e-05,-0.5861531234660421,6.976570210867547e-05,0.4743063387112385,4.694673998839747e-07,0.8362535345014127
180254.75475479168,5.9189413429796256e-05,-0.5302592817756107,7.318076630506992e-05,0.40930063350989243,1.7872871311409547e-07,-1.1713027954562423
180255.75575599362,5.823980538167256e-05,-0.4670271131426258,7.114153163938177e-05,0.3150508918718979,3.6892562566773695e-07,-0.6258768453082971
180256.75675644947,5.930474105698539e-05,-0.4237981132805449,7.485453868152797e-05,0.30999620679538653,3.928922250070833e-07,1.810990633712193
180257.75775765142,6.03569689533695e-05,-0.571798228276342,7.265069708657998e-05,0.4452904884537653,3.211059981528209e-07,0.6054407718127668
180258.75875885334,5.842918410854827e-05,-0.54486355218817,7.164840157827858e-05,0.4220795137013234,4.0304949553875183e-07,-0.14900933951463446
180259.75976005525,5.77697502665649e-05,-0.4491589323710288,7.088892346596673e-05,0.31001671463416813,3.464979536800728e-07,1.9887681364780452
180260.76076051113,5.781449522973373e-05,-0.43804455766847944,7.281378729285547e-05,0.29259219858496904,4.6995198999770323e-07,0.9232069443095752
180261.76176171305,6.046280143412059e-05,-0.42751333509085054,7.407033736958366e-05,0.2966492652231909,4.33958183535798e-07,-0.3046662851363341
180262.76276291496,5.6599889663418034e-05,-0.4821449850995383,6.76659285140377e-05,0.32119826290307796,1.7431383603351455e-07,0.2863615732212569
180263.7637641169,5.9095537118055507e-05,-0.5645984302372551,7.201373645394834e-05,0.46576104770335525,2.4306583804148e-07,1.4195299130651435
180264.76476457276,5.94322572277951e-05,-0.5050596688165048,7.328303921862914e-05,0.3973341504264037,1.9998174098987998e-07,-1.0619657033797463
180265.76576577467,5.482993517987702e-05,-0.4611715931629312,6.566612432601356e-05,0.33014363346179854,4.721983390894808e-07,0.9840686975399755
180266.76676697662,5.4155761742165194e-05,-0.48751028754126463,6.559107405838181e-05,0.3475082403426618,5.246698798429671e-07,-0.30537234916606537
180267.76776743247,5.5140655214896015e-05,-0.49758343321111154,6.610977886505489e-05,0.35460927828119493,7.121543909587836e-07,-1.2155767100386698
180268.7687686344,5.4434613743324874e-05,-0.5930457872329788,6.468906758516562e-05,0.45323771768268706,4.6613308524901543e-07,1.219397680660021
180269.76976983633,5.797858705384921e-05,-0.603467156313592,6.877517301466873e-05,0.5062697296022232,6.705597790195438e-07,1.8232968411755632
180270.77077103825,5.821929860165593e-05,-0.536290524144033,6.953384277386598e-05,0.4243987166415873,3.699565237484786e-07,-0.681423321835168
180271.77177149412,5.812200782286147e-05,-0.40189359332926766,7.241702692172283e-05,0.2488293451104942,7.254158844222632e-07,0.8792561600894168
180272.77277269604,5.310162800226002e-05,-0.35622153399929807,6.736535223286488e-05,0.18642398018919812,3.3886914964955473e-07,-1.2492763742850015
180273.77377389796,5.586485190950132e-05,-0.44211403649970027,6.85695936770604e-05,0.3177144770732615,6.867536923624666e-07,-0.27744157000091624
180274.7747750999,5.8429194659726596e-05,-0.41064822304122905,7.167991784983608e-05,0.2689290320350386,4.450466170257749e-07,1.1299049632011664
180275.77577555575,6.068503843633801e-05,-0.5499420249708858,7.448407018282974e-05,0.41838691021077756,4.996864581786898e-07,-0.2472826256483017
180276.77677675767,6.061014489529246e-05,-0.5071381972745591,7.515211611262978e-05,0.39923374843860315,3.9496728721090903e-07,-2.0924009701646247
180277.77777795962,5.9969629370241695e-05,-0.41173087913126305,7.487384353789741e-05,0.2850755266493066,6.87185440594484e-07,1.7055040523296146
180278.77877841546,5.6979801717404945e-05,-0.4042623367937288,6.9767161698736e-05,0.2528038734444867,3.961766016725074e-07,-1.243187750498958
180279.7797796174,5.719470922271665e-05,-0.4551980630119363,6.927656106054507e-05,0.2917571681872976,1.5909770911359587e-07,-1.8456731908338466
180280.78078081933,5.750281545250658e-05,-0.42027116963180466,6.970306574322008e-05,0.26793043849406606,5.21347023698912e-07,2.658708532614877
180281.78178202125,5.5855630924336064e-05,-0.47684412693964134,6.732999011314156e-05,0.31403701132572404,2.1596527894390937e-07,-0.3282096278796506
180282.78278247712,6.0998494000322326e-05,-0.47559566827126715,7.578908738088531e-05,0.3564994342106174,2.8778368637278765e-07,-1.687365771693076
180283.78378367904,5.410459390935373e-05,-0.5196012781560224,6.495325048318904e-05,0.40661084892385646,1.5608072991612876e-07,-2.035554990511516
180284.78478488096,5.953885143856931e-05,-0.517015168656149,7.007349951082034e-05,0.40661611174946105,3.6008870675941137e-07,-0.38801379560118054
180285.7857860829,5.595638542698632e-05,-0.47186295356325725,6.814404199683627e-05,0.33669128096333784,2.829133576816568e-07,0.9711781873423617
180286.78678653875,5.5882009469371296e-05,-0.5806046702269053,6.641860094498823e-05,0.46803170746215306,5.542292123471459e-07,0.9504552018337366
180287.78778774067,5.983799618304569e-05,-0.5231017602514251,7.436135256167913e-05,0.3971444380617408,5.509280990851267e-07,-1.6220280324826863
180288.78878894262,5.15776353660454e-05,-0.4782736053741785,6.14596428737338e-05,0.33807849316180827,3.0953692191560244e-07,0.4301814934873408
180289.78979014454,5.8196730366790216e-05,-0.47420591296537595,6.971040240809211e-05,0.32855499550209843,4.323353270544262e-07,0.84181590617765
180290.7907906004,5.2774592055575925e-05,-0.5989123226828393,6.127032496868476e-05,0.4499030403705438,3.984633152290044e-07,0.9838850219090874
180291.79179180233,5.19170968334621e-05,-0.5138085787045602,6.127965212262061e-05,0.33723295605081977,4.5732799794206085e-07,1.9654957412192549
180292.79279300425,6.047273930410975e-05,-0.46098348932910316,7.515888887950414e-05,0.3191306987856636,7.354874727768714e-07,-1.4332198993028586
180293.79379346012,6.1013021046569625e-05,-0.5072847546767175,7.529670675065998e-05,0.3767195581505578,5.50750124819344e-07,1.4190118967244554
180294.79479466204,5.9759013037839046e-05,-0.45234962248046484,7.354111805032739e-05,0.30840709019920004,4.986779453968433e-07,0.2253606819353616
180295.79579586396,5.743507057457163e-05,-0.3605136105469492,7.052060130431009e-05,0.22759708107865595,7.923230565483173e-07,-0.4282965648786195
180296.7967970659,5.972901942261983e-05,-0.5268367748868132,7.089529509427002e-05,0.40053576614749864,1.3405535911252827e-07,-0.5476878165551814
180297.79779752175,5.035123877698291e-05,-0.4493679526142656,6.075264388899049e-05,0.2896150898699236,2.966282134700367e-07,0.3182120746866015
180298.79879872367,6.256878113128136e-05,-0.4290754302241545,7.926703925522742e-05,0.2948932195039684,4.917517529958487e-07,1.0964447621069797
180299.79979992562,5.189922734673472e-05,-0.48221146667415726,6.199533915712279e-05,0.3370760306419591,3.852733632371735e-07,0.6978590712100301
180300.80080112754,5.5850211533803016e-05,-0.5882101287008495,6.80325003924341e-05,0.498292302554347,3.446249255297203e-07,-1.0106767225104325
180301.80180158338,5.5238554477372716e-05,-0.47056854214854954,6.730135635685379e-05,0.3493063392566451,4.23134808378321e-07,-1.7156352353779916
180302.80280278533,6.104572609896268e-05,-0.44972494872780683,7.762419144443046e-05,0.31835365721495684,4.3156049379641555e-07,-0.821773502427017
180303.80380398725,5.6201752459859015e-05,-0.44263631100467754,6.889302108253977e-05,0.3054630021742343,3.150212989538246e-07,-0.7066775246898173
180304.80480444312,6.081635757628136e-05,-0.5751654434021307,7.20703886642338e-05,0.44042724531166944,5.239128585669755e-07,-2.7148966654772075
180305.80580564504,6.135185986275536e-05,-0.5698426913485517,7.363708097461654e-05,0.4364905912134623,3.4197011748768815e-07,-0.27903071070974556
180306.80680684696,5.6851254449181155e-05,-0.47393654387611933,7.071035364768041e-05,0.3326712539101568,6.444384217511218e-07,1.4331122326994945
180307.8078080489,5.954668731353126e-05,-0.5053308566804191,7.390035173240608e-05,0.41731573695392216,3.256265757835276e-07,-0.11942567896088924
180308.80880850475,5.272625147972251e-05,-0.51672036431152,6.322844492184971e-05,0.3785176183030545,3.130632141807468e-07,0.7820734089291786
180309.80980970667,6.026039389362741e-05,-0.523844114094108,7.515832554682287e-05,0.4193263104531961,5.901637789619643e-07,-0.9301438688660981
180310.81081090862,5.853137096803593e-05,-0.49268785720642955,7.088415988986935e-05,0.3358944151416677,3.9936324433775514e-07,0.8287763114836527
180311.81181211054,6.547414218209142e-05,-0.38422087434803626,8.253421072999179e-05,0.2627423523515805,3.1622649742829233e-07,0.4822386146332601
180312.81281256638,5.368907809116488e-05,-0.5096006925686348,6.417634450254021e-05,0.369259038112999,7.231002142867028e-07,1.4880800060169428
180313.81381376833,5.449210723883757e-05,-0.5049367130057535,6.536258841569157e-05,0.3709346605815789,4.3885554590576117e-07,-0.9962232742835215
180314.81481497025,6.072638267126423e-05,-0.4284809076811016,7.468833503411041e-05,0.2899370108217795,6.354714553266237e-07,-2.103270654000943
180315.81581617217,5.672700610240157e-05,-0.4859508780551836,6.991817729804077e-05,0.35694120683276326,5.92348719491159e-07,-0.47103822695521896
180316.81681662804,5.455975313326616e-05,-0.39861392640154053,6.614032201162432e-05,0.24962711092529663,4.862399248210054e-07,0.5322927395072663
180317.81781782996,6.196903935640506e-05,-0.5148043815866948,7.787463918897671e-05,0.4163272269813326,3.823608016200849e-07,-0.10116673545066751
180318.81881903188,5.7139332047194844e-05,-0.48951263441586645,6.955643205416643e-05,0.3516839331330712,2.7397539458442477e-07,2.3138439458775943
180319.81981948775,6.236971416791653e-05,-0.4915475147341571,7.663377760789012e-05,0.36173510190039093,3.674560053511679e-07,-0.12402955480959094
180320.82082068967,6.0788931194302956e-05,-0.4660075721718274,7.443038359466741e-05,0.31768420650396517,6.086987811794186e-07,0.5865533722600165
180321.82182189162,5.5224067788956555e-05,-0.4511724922225246,6.663679518731506e-05,0.28341303317906247,2.1705681576445692e-07,1.0322639663912292
180322.82282309353,6.277561936850061e-05,-0.46008015322076656,7.946273579431142e-05,0.34046973990535007,5.688173940710899e-07,1.221813173486466
180323.82382354938,5.455994943536324e-05,-0.4573837311740761,6.457078177046821e-05,0.30731397216213413,2.947871138192907e-07,1.5592792668152964
180324.82482475133,5.331263295083284e-05,-0.5199943126253792,6.358285538058676e-05,0.37091378970011046,7.369488151068597e-07,-2.2731826430935844
180325.82582595324,5.3416977551141114e-05,-0.5034600545440521,6.468510551304272e-05,0.3741089713228362,5.650461189607463e-07,0.6567995035892864
180326.82682715516,5.533598279745458e-05,-0.3544163429597635,6.918573492943764e-05,0.20386438032688675,4.2726971231528165e-07,1.4544026519374214
180327.82782761104,5.8541926544962134e-05,-0.4921894946453714,7.144444156104431e-05,0.385000956705872,2.9026569368976996e-07,1.4271552899151043
180328.82882881296,5.415412987750742e-05,-0.45403032552340966,6.581798308599843e-05,0.29972154143237156,2.8489278236437503e-07,-1.2384978586659163
180329.82983001487,5.7895696925421995e-05,-0.48319617601697945,7.097022336322826e-05,0.3708586931433699,6.018735135081585e-07,0.632523894926681
180330.83083047075,5.664148287317834e-05,-0.43298214751099856,6.99671537618761e-05,0.2683631959259492,3.901531776833174e-07,-2.087508170676321
180331.83183167267,5.834309899987824e-05,-0.43554858900634325,7.105948029199439e-05,0.30569499287773955,6.307308382237608e-07,0.8753357201022844
180332.8328328746,5.995376245235317e-05,-0.45289129776606296,7.542720983376411e-05,0.3253526941253147,1.2240956255010422e-07,0.5619023914576287
180333.83383407653,5.6632222802087255e-05,-0.541998786445031,6.807249530904457e-05,0.41803635630327135,3.8795459844565694e-07,-1.2702545967803693
180334.83483453238,5.6456364522919116e-05,-0.45515517688348583,6.77391201545734e-05,0.3242021531169724,4.419094731949564e-07,0.13420515185376083
180335.83583573432,5.904956682978001e-05,-0.3691475961403244,7.386821448393863e-05,0.20676062229411235,2.1098328699356833e-07,0.07343147986706203
180336.83683693624,5.8163518048913885e-05,-0.56348500369126,6.872116325163031e-05,0.43432317861278846,2.3497264445528114e-07,-0.5742707837345026
180337.83783813816,5.476487658878208e-05,-0.44795672915911877,6.716897516940469e-05,0.29969511212986594,6.011264440189357e-07,1.9669182736546382
180338.83883859403,5.344130015306962e-05,-0.38454968633703146,6.424572976553518e-05,0.2322016556589292,3.5032786781543616e-07,-2.267483973100916
180339.83983979595,5.579447960737318e-05,-0.47681078827373535,6.684926724040446e-05,0.33536551053314706,5.603997412689523e-07,1.0326654123424321
180340.84084099787,4.846408819858965e-05,-0.5686922773861092,5.4793862189572784e-05,0.45348376432748216,6.894840986292381e-07,-1.439702669274609
180341.84184219982,5.428149226016626e-05,-0.4212988433738581,6.80831148046018e-05,0.2714957803818048,5.410734043509375e-07,-0.17629189287325372
180342.84284265566,5.567709498416292e-05,-0.41197448548967375,6.880283370195827e-05,0.29471086701967,5.720412329941105e-07,0.47688487915265626
180343.8438438576,5.762246943579383e-05,-0.4890627876917289,6.999513194366995e-05,0.34214663560738473,6.128464740409498e-07,1.042129731416715
180344.84484505953,5.805281603473071e-05,-0.5064356016764044,7.110464022473673e-05,0.35784752013631344,5.18503610693978e-07,-1.1953644231040728
180345.84584551537,5.371222586925725e-05,-0.328729944886105,6.833901684304596e-05,0.12496776837917932,4.933899202992329e-07,1.613112945292335
180346.84684671732,5.634581840361625e-05,-0.370203551708767,6.990821648017987e-05,0.2535374323674982,1.2184026775911945e-07,-0.3809589552323867
180347.84784791924,6.283181433890734e-05,-0.46238716765275717,7.911875933539404e-05,0.322596986393841,4.696878621957784e-07,0.6183237656224194
180348.84884912116,5.34540699067187e-05,-0.4792138052555827,6.370138292147702e-05,0.31021092584584603,2.2390108498010047e-07,-0.5679750291047545
180349.84984957703,6.39013472305508e-05,-0.5142676534630845,7.987865134935302e-05,0.4310266618465525,3.0404172392814653e-07,1.2200665751081383
180350.85085077895,5.787751097805857e-05,-0.4611769903987598,7.002215486434783e-05,0.32238282276329794,2.3039483816509976e-07,1.2045595050849214
180351.85185198087,5.6606635241618e-05,-0.44079096322012384,6.899143851728866e-05,0.33215128265594923,3.3137678797254654e-07,-0.24548083801830173
180352.85285318282,5.550244846154884e-05,-0.3846312455691854,6.852438879541203e-05,0.25002711659866955,2.008050886693568e-07,2.6411679980237546
180353.85385363866,5.596335483309944e-05,-0.4472798506070041,6.805289687626148e-05,0.320822446802223,2.5945193348397126e-07,-0.1896714874725401
180354.8548548406,5.293418516008129e-05,-0.5465983248259549,6.278780911833657e-05,0.3982439301504525,6.262214429082134e-07,-2.480278398446318
180355.85585604253,5.291300121676534e-05,-0.4456495410519245,6.629981428271847e-05,0.2786811780530397,2.590175945511216e-07,2.031384641378795
180356.85685649837,5.82796222146512e-05,-0.48278523546198593,7.071485342103949e-05,0.33601408704309027,5.303525229294859e-07,1.0530117677893422
180357.85785770032,5.583013215373187e-05,-0.5395400527416582,6.692905330632089e-05,0.41200261219839285,8.975338624706865e-07,1.2568037441708215
180358.85885890224,5.66034822107126e-05,-0.4626795661154472,6.70977230596079e-05,0.33562380920476287,3.037563276554855e-07,2.121902361859565
180359.85986010416,6.107885600707427e-05,-0.5198801152020255,7.443906229655784e-05,0.3921524054825498,3.9644424721660863e-07,0.030052812567641377
180360.86086056003,5.151251704388584e-05,-0.4987864310268817,6.058167504823634e-05,0.34302697747016364,7.777190490296137e-07,0.8393576070656791
180361.86186176195,5.310404243546927e-05,-0.4590723966419615,6.41574656527177e-05,0.31389476237704,7.709135074056568e-07,-0.9538568898408648
180362.86286296387,5.579258114449347e-05,-0.426737363542659,6.745769178985794e-05,0.26063472850878594,3.8189559474558805e-07,1.2535797013438112
180363.86386416582,5.8806528268786075e-05,-0.5409224742732526,7.206255676579832e-05,0.4169031418837157,1.867890797073016e-07,0.1049592269284668
180364.86486462166,5.562419945133661e-05,-0.42856211389918664,6.73648326152853e-05,0.26996485711235724,7.135626125849068e-07,0.12460265888273571
180365.86586582358,5.712537029509432e-05,-0.5505847380764949,6.876066773850693e-05,0.42988280346854246,2.12623710196136e-07,0.17462058241901146
180366.86686702553,5.9905941639259835e-05,-0.4206361477640539,7.2880102454641e-05,0.27477335501086547,6.223287726614781e-07,1.0149681710673886
180367.86786822745,5.769011638952813e-05,-0.5198042954638078,7.046532219292266e-05,0.3703317107402015,5.902694352280716e-07,-0.2975717675705116
180368.86886868332,5.5832839935618735e-05,-0.5015120124195369,6.640956026044811e-05,0.36050865699035034,1.4958238295940953e-07,0.48496715587875655
180369.86986988524,5.560272863896311e-05,-0.42096571633419333,6.961463433510922e-05,0.26450488487651624,6.395877241549605e-07,0.3763158000377008
180370.87087108716,5.521277038058564e-05,-0.43724913864738263,6.60375458666275e-05,0.2633273540191976,8.454924870275077e-07,-0.4037564686900746
180371.87187154303,5.405210976319015e-05,-0.5669679209436762,6.556855975850361e-05,0.4522738427472702,1.784345236100796e-07,-0.6198408158241006
180372.87287274495,5.239212788500696e-05,-0.4337922593078725,6.272298170649137e-05,0.27129309947353225,3.1698735927191704e-07,0.011135794644531682
180373.87387394687,5.6650722763974174e-05,-0.4227082365491737,6.948586384649321e-05,0.2547283718899338,7.650213543344919e-07,1.1864392610498673
180374.87487514882,5.568997792376601e-05,-0.5590063369741611,6.6574432349413e-05,0.4307205975630569,3.3574791391406467e-07,-1.738751279231546
180375.87587560466,5.932392472303456e-05,-0.3706765960619073,7.55785960885604e-05,0.22536948815275235,6.613345827100283e-07,0.6140687519647554
180376.87687680658,5.906337354642561e-05,-0.5810408601825496,7.305241779104539e-05,0.5042423960754298,5.376765873089658e-07,1.4196130180602948
180377.87787800853,5.620541975502386e-05,-0.45249066789857045,6.701488037029157e-05,0.34886437064754905,4.5375286015407423e-07,0.5098411726910883
180378.87887921045,4.934674602188884e-05,-0.47700257271870244,5.8188189733868996e-05,0.30746349280155433,1.9312183274316746e-07,1.6632783879135706
180379.87987966632,5.3862116577345325e-05,-0.4719975861512699,6.45911048023678e-05,0.3009280430744911,6.31206421190235e-07,1.902283472385465
180380.88088086824,5.893487142967993e-05,-0.5120522463622738,7.087276435187618e-05,0.4002215028829285,4.375018441374422e-07,2.5785221158705847
180381.88188207016,5.7262707619336046e-05,-0.5480832358432436,7.029202118371743e-05,0.4149952252777172,2.5134361969649944e-07,0.22693505790930332
180382.88288252603,4.8822689278482714e-05,-0.417000295717404,5.539690923701926e-05,0.2719158956830019,3.3855162224123703e-07,2.4450691335335195
180383.88388372795,5.7724826861778643e-05,-0.5140014815459004,7.068483140381323e-05,0.40505696739001923,4.7515796954338256e-07,-2.6482743699099016
180384.88488492987,5.987883589847288e-05,-0.5793253815267689,7.124515832001058e-05,0.4672884482323393,6.118521840294524e-07,-0.14420910587888017
180385.88588613181,6.122213113768398e-05,-0.4571555646548854,7.470545656173592e-05,0.33733705430967836,5.116156235407913e-07,-1.4986313493449006
180386.88688658766,5.4557962196493454e-05,-0.46246269229288167,6.530607567656976e-05,0.33339888992478955,8.748326936042946e-08,-1.7366563539650879
180387.88788778958,5.6900566743583156e-05,-0.42372747809018874,7.059978285196706e-05,0.2568818194777941,2.563806647120436e-07,1.6991752961747522
180388.88888899153,5.944653612264474e-05,-0.5195076037020134,7.0428023929383e-05,0.39860677073734974,3.4208898539926696e-07,-0.7571263915350674
180389.88989019344,5.5104303066651933e-05,-0.454210934596056,6.79539900587035e-05,0.2987310858443805,4.028656807785232e-07,-2.0676903210623085
180390.89089064932,5.9370825458621475e-05,-0.5981532577902207,7.2242407621134e-05,0.48748926199408654,3.0370990379120133e-07,1.8157261110031155
180391.89189185124,5.366255372185208e-05,-0.38868199242471874,6.555137216770362e-05,0.2416608959536253,5.573371808680121e-07,-1.3450312294268763
180392.89289305315,5.463459586759509e-05,-0.4374038389664656,6.737423802121605e-05,0.27207873218719414,5.530052510085941e-07,1.6662401320875833
180393.89389425507,6.002799908313352e-05,-0.4039463414461852,7.499919641681305e-05,0.2531200019114432,3.822128050727715e-07,1.8440794632732966
180394.89489471095,5.460706681674948e-05,-0.4205425336919052,6.587828408819799e-05,0.2629540969840017,2.725882724541292e-07,-0.08679864854260892
180395.89589591286,5.04459599276487e-05,-0.5278019382608641,6.025557912311906e-05,0.39019959860389164,3.298235723452333e-07,-2.0257178928061137
180396.8968971148,6.294601913609557e-05,-0.3859402758793788,7.98359197721405e-05,0.2608349105513373,5.887773564539957e-07,-1.7758178579050474
180397.89789757066,6.027761082969726e-05,-0.45252420402126403,7.431819942335279e-05,0.2989550516444911,4.377734989264819e-07,0.0649261261575546
180398.89889877258,5.792348797437033e-05,-0.4376335082546526,7.184976442798754e-05,0.2988519320474317,1.8622309097065849e-07,-1.5529149916541585
180399.89989997452,4.914576717605548e-05,-0.6081300001946377,5.598645952913992e-05,0.476057654591756,3.581481345563036e-07,-1.0415326141888663
180400.90090117644,5.3669203789534934e-05,-0.574608148815999,6.536892478472196e-05,0.4880420142746889,1.075980951522101e-06,2.0345690486362416
180401.9019016323,6.0605263209196185e-05,-0.46061162502332753,7.323899686595418e-05,0.31911176092749594,3.039180565414143e-07,1.7090950754356582
180402.90290283423,5.664438001506757e-05,-0.4012137385372556,6.923205797161472e-05,0.2556509342548985,4.1930668931972293e-07,-2.5397893550765813
180403.90390403615,5.844457739921924e-05,-0.3775615143648112,7.304828481832627e-05,0.2202061361896345,4.835873099571349e-07,1.73045110078606
180404.90490523807,5.882670066698709e-05,-0.4929408712887,7.261851471574247e-05,0.341033636995413,5.145903609502811e-07,2.1059519968548517
180405.90590569394,4.988681470784282e-05,-0.5186145390743608,5.859788626981757e-05,0.37452639252003167,3.7769626378042524e-07,0.35001851461877065
180406.90690689586,5.265775077179808e-05,-0.3301744690563933,6.537294985448455e-05,0.14814217537198465,4.0310396352400087e-07,2.1325858655842973
180407.9079080978,5.774295310259786e-05,-0.5838519394672566,6.846393312067853e-05,0.5315034689146931,2.365785013788609e-07,-0.046233472597151076
180408.90890855365,6.012452978095872e-05,-0.2679179770629348,7.602803093073208e-05,0.08357560361042274,2.0909306627876035e-07,0.25132794244271783
180409.90990975557,5.190251912954306e-05,-0.5402110715008674,6.0863630980966535e-05,0.45195108076395074,5.233885237741073e-07,1.3000929361338174
180410.91091095752,5.231365107039648e-05,-0.5382209126263345,6.14976512043864e-05,0.39326402953338885,2.2108745795793385e-07,0.08429525934659965
180411.91191215944,5.593608722581849e-05,-0.49884542840756857,6.838192574569937e-05,0.3710676835896983,7.883997767662954e-07,2.6175123289547813
180412.91291261528,6.33034352866982e-05,-0.444184811649896,7.848177008979903e-05,0.2937056677477515,6.28969770291848e-07,0.14754357256669792
180413.91391381723,6.185268909259515e-05,-0.5122188760702626,7.391673443873017e-05,0.3868286242872731,4.164491858136348e-07,-0.5058472392476481
180414.91491501915,5.842175581441099e-05,-0.4782635572641147,7.294735498283375e-05,0.34687345033207173,4.345780044463192e-07,-1.1082640221684863
180415.91591622107,5.599048525595742e-05,-0.48156843618175527,6.790254966057403e-05,0.3386887146826547,1.503800315689064e-07,-2.248994864472924
180416.91691667694,5.7593560570189194e-05,-0.32963934937117845,7.351542501695467e-05,0.1668899500214491,3.751111665762547e-07,1.6294511040168813
180417.91791787886,6.423375951633084e-05,-0.5351292091135167,7.991060239920887e-05,0.4277177776549615,2.3795809851380228e-07,0.22107338047694625
180418.91891908078,6.0314771066547226e-05,-0.5467043855562183,7.321224284806237e-05,0.44601023520733035,3.1033905765800847e-07,0.805982671235518
180419.91992028273,5.720727823375667e-05,-0.5636928351075136,6.810719326858926e-05,0.41572889697444704,8.011724003400557e-08,0.7690723509397945
180420.92092073857,6.0944980357664675e-05,-0.4279870517557024,7.640776243012191e-05,0.26867667679545176,3.429783837666303e-07,1.5036505365707586
180421.92192194052,5.7557294722247995e-05,-0.4618565715701023,7.046865159067373e-05,0.3326171792804563,3.463434110286523e-07,1.9818659839808963
180422.92292314244,5.283051070106875e-05,-0.48319428896823896,6.438246029589593e-05,0.36433233477712934,2.3467228368776811e-07,1.2086897508924666
180423.92392359828,6.252325300554492e-05,-0.46761538693909366,7.818433668455434e-05,0.34373461173139225,2.1017900659475142e-07,0.47909724232408407
180424.92492480023,5.4312429102485564e-05,-0.49234295907647313,6.474750399191534e-05,0.35468794318748853,5.035316698863015e-07,-0.9456096678788147
180425.92592600215,5.260905060271801e-05,-0.353405527147429,6.669640480097053e-05,0.17788790525796788,3.331666353700438e-07,0.47321763003488654
180426.92692720407,5.789828044970753e-05,-0.4992531948402313,7.006775205098673e-05,0.35550151699156063,1.1034174934978855e-07,-0.8644334569553017
180427.92792765994,5.887346581700523e-05,-0.4598570417578192,7.24369956308442e-05,0.3389003709235182,3.5218358806121937e-07,1.1889971954393765
180428.92892886186,6.361037442544912e-05,-0.45130713183989435,7.703910057844467e-05,0.3335098364998744,3.895362428614897e-07,-0.046636225734159334
180429.92993006378,6.100383908213733e-05,-0.4013617550775945,7.534886368766874e-05,0.2673474979436693,1.4524501035748725e-07,0.9005007499836966
180430.93093126573,6.217580244361002e-05,-0.5258415729884844,7.706620525358e-05,0.4257488557470491,6.299462172265829e-07,-1.1975112587872347
180431.93193172157,5.522024154828247e-05,-0.42974975951241623,6.571298646641353e-05,0.27719232933835436,1.7044063608782555e-07,-0.529380611426304
180432.93293292352,5.4324902045537715e-05,-0.4679719927878677,6.701083976437858e-05,0.3175651453060294,2.2243905956118254e-07,-1.075501616020685
180433.93393412544,6.06615894511288e-05,-0.44585438640444985,7.38349330959451e-05,0.3229212840518842,6.403166609768841e-07,2.975365019485605
180434.93493458128,5.807366301241198e-05,-0.5196637708128994,7.212264120296572e-05,0.3782655358853568,4.1261160072474883e-07,0.7211095788467867
180435.93593578323,5.37806673976738e-05,-0.5194551242558668,6.34503040647752e-05,0.3871478583803377,2.398205949447506e-07,-0.4819531233160039
180436.93693698515,5.241065040119571e-05,-0.4841506926675241,6.418865432978582e-05,0.3314388296703414,3.4337209681641436e-07,1.2630274058322997
180437.93793818707,6.0474910772650295e-05,-0.4361695712624584,7.592886249945693e-05,0.32352910622465625,2.8242171740662705e-07,-0.41120674996325013
180438.93893864294,5.5709449132961316e-05,-0.4613552380617353,6.71304472581893e-05,0.3122278207963066,4.817948504758987e-07,1.925045631983657
180439.93993984486,5.697179496223488e-05,-0.5325233331511643,6.754243067086206e-05,0.40002544332849654,3.036969501176243e-07,2.594958153842428
180440.94094104678,5.841118557417535e-05,-0.3708243803095944,7.10045405418621e-05,0.20846106237051068,2.3136439135668284e-07,0.5115179467568438
180441.94194224873,5.7992550929030874e-05,-0.43524405066167043,7.303035476417374e-05,0.2901913256794678,6.211820401327333e-07,2.227049789615223
180442.94294270457,5.821264562548563e-05,-0.35445284158964224,7.497902731850937e-05,0.204031088854673,4.743601643260928e-07,0.3826215853961369
180443.94394390652,6.199314074797617e-05,-0.38803883072859285,7.822864541927931e-05,0.23358074401837475,3.1361845644313273e-07,1.3445809806262476
180444.94494510844,5.4802833735191754e-05,-0.4077937202066705,6.539070234946038e-05,0.25962507095926873,3.8750889331508055e-07,1.9319067925575903
180445.94594631036,4.739671500618812e-05,-0.370779721648933,5.67591828382334e-05,0.1551259288755087,6.363197167229805e-07,0.307307516814948
180446.94694676623,6.045851274323817e-05,-0.4639689020017586,7.473931047253012e-05,0.332762626295901,3.6310694322629e-07,-1.4253411139516685
180447.94794796815,5.848788517271222e-05,-0.3903278431201641,7.148931684859842e-05,0.2653492667393743,3.969820733285207e-07,-2.339297389809279
180448.94894917007,5.765104892012763e-05,-0.44128844976054055,6.984474561405374e-05,0.29825431198478297,3.0613017026408336e-07,-0.5751863885628803
180449.94994962594,5.4491502616139535e-05,-0.579024618014615,6.566581517166448e-05,0.4517483972288139,3.869268680188621e-07,-0.35611624164775457
180450.95095082786,5.812043631954035e-05,-0.42931163460319344,7.229078760619852e-05,0.276627593431836,2.5977077797261994e-07,-0.6730849940510977
180451.95195202978,5.562024451660253e-05,-0.5330455068069889,6.600407859055319e-05,0.4264754537943539,1.7609770432965258e-07,-2.3246653263654866
180452.95295323172,5.499843494133057e-05,-0.4788770823014899,6.587063264384656e-05,0.3447396572917263,1.0916954009645796e-07,0.46881333228760164
180453.95395368757,5.797137692193189e-05,-0.4142066954594852,7.3026146037543e-05,0.29104027801385884,2.6468407691787415e-07,1.2177965101351487
180454.95495488952,5.893428096484377e-05,-0.461623983296518,7.125471974088446e-05,0.3402896758871989,2.3769053534706562e-07,0.299722500596597
180455.95595609143,5.917586484666874e-05,-0.49182408611343775,7.182696406064876e-05,0.3692917929859279,4.821700832805404e-07,-0.6409403720572457
180456.95695729335,5.275655257777544e-05,-0.48667124727404093,6.25284103167789e-05,0.3511536174087377,3.038674764260199e-07,-0.9615376240627105
180457.95795774923,6.357620820358178e-05,-0.4763388118777532,7.947008482400036e-05,0.3460861694280991,5.100810089895185e-07,1.3340698334201424
180458.95895895115,5.325098493669752e-05,-0.4007057721686686,6.588721408167826e-05,0.2525676887265044,1.774194262316338e-07,0.8746378381102662
180459.95996015306,5.80011454463015e-05,-0.361715443749436,7.10633977199749e-05,0.22529932671221986,2.781900903765062e-07,1.1716098882697832
180460.96096060894,5.409199722111005e-05,-0.4859046539067631,6.426021914349748e-05,0.37100764986492896,4.4376752171297724e-07,1.5289492995855773
180461.96196181086,5.958435754976365e-05,-0.3876751287706985,7.189303255969127e-05,0.2263274247659803,1.663726811680677e-07,-0.3623940675770398
180462.96296301277,5.6549586899425235e-05,-0.3558880154957348,7.060961214047591e-05,0.2050739811407901,2.3607354324555298e-07,1.3312809895235589
180463.96396421472,5.886257929477262e-05,-0.4819484470012471,7.181531309455963e-05,0.33503797309568145,3.020696553979193e-07,1.4257008384421537
180464.96496467057,5.8267034761792115e-05,-0.49932796500328164,7.12312612342314e-05,0.3932053254376621,5.406720451194738e-07,2.198308395780018
180465.96596587248,5.844759213637019e-05,-0.5776980968238048,6.903889415503899e-05,0.46774843303038965,2.2194179202552465e-07,-1.460151438049577
180466.96696707443,6.270426148084326e-05,-0.41847110070032,7.953812726218789e-05,0.281951623081598,1.5201751723029592e-07,0.9836133930584808
180467.96796827635,4.878027669662426e-05,-0.7517500948751671,5.50587419326662e-05,0.6654082789313183,2.1217503019434968e-07,1.4224550584126692
180468.96896873222,6.741816354543662e-05,-0.5549466360675293,8.465573005868348e-05,0.4856779651541536,1.5259102370349384e-07,0.04211923960727036
180469.96996993414,5.2689716681211837e-05,-0.46397768193813754,6.38470878633105e-05,0.33463000851300606,2.463149252720638e-07,1.1835382228579034
180470.97097113606,5.7103176315771525e-05,-0.4829594961401324,6.950516070880453e-05,0.3392529905808688,5.66697982263859e-07,-0.21533240197122422
180471.97197233798,5.8569473158946575e-05,-0.38886909739654235,7.020015045441227e-05,0.26331006070141844,3.5705104203070093e-07,-2.3935220488595284
180472.97297279385,5.898581629776359e-05,-0.40984080096505954,7.347529735917939e-05,0.26816382134645433,9.636293582284909e-08,-1.3067475264003325
180473.97397399577,5.674014251833815e-05,-0.5376296385431855,6.928120423512544e-05,0.4112513648590306,2.772246968181951e-07,1.4847988452554897
180474.97497519772,5.466197229544292e-05,-0.37945532410665567,6.873519964915508e-05,0.2184867439946136,4.881422750826767e-07,-1.8232357992384682
180475.97597565356,5.621686821868336e-05,-0.4832390513846405,7.108507991903436e-05,0.3336085895863573,4.741948244036391e-07,1.702392240839566
180476.97697685548,5.294944511830362e-05,-0.6075842492047527,6.352807514790562e-05,0.47330565520298756,4.416305236266841e-07,-1.4883545000870513
180477.97797805743,5.57500627192308e-05,-0.46805301934669075,6.871883123236368e-05,0.31267185804407416,1.770144118549026e-07,1.095408060461249
180478.97897925935,5.054602207079177e-05,-0.4300816758621039,6.15565125975208e-05,0.26587342003852066,6.695435357573591e-07,1.1450361543723149
180479.97997971522,5.9647170041765174e-05,-0.5816140949577165,7.192872057594857e-05,0.4678583130354056,7.650569342885845e-07,-0.6607230069010921
180480.98098091714,5.525916506516777e-05,-0.33829485334754333,7.01793313632021e-05,0.1468156333720504,6.4000690893921e-07,1.0637708409410882
180481.98198211906,5.117029756426424e-05,-0.3992151693179234,6.117156104922325e-05,0.21091773276332987,5.054771107900604e-07,0.003455430183621002
180482.98298332098,5.42883901907069e-05,-0.5229102439978213,6.571307893725539e-05,0.3980757630964371,4.059777516278722e-07,2.758453629592063
180483.98398377685,5.552513730434067e-05,-0.5883065016180203,6.701336551242239e-05,0.47150150828077464,6.581759827681788e-07,1.0273259591522554
180484.98498497877,5.942660574761096e-05,-0.4984736929071963,7.377017975157365e-05,0.36118060302718574,4.798210290081803e-07,-0.668710877641179
180485.98598618072,6.074033895425692e-05,-0.4005812838394609,7.65626464537328e-05,0.2726339966134097,2.2832220310366018e-07,0.4375085666084876
180486.98698663656,5.814754299461833e-05,-0.4650576202215988,6.992536482247688e-05,0.3365228211262534,2.4133643595023407e-07,-2.1538989917681
180487.98798783848,5.7844102195307396e-05,-0.39746779824294237,7.196827243698001e-05,0.25023632117018446,4.706578535919344e-07,-1.3433162365436975
180488.98898904043,6.0256126077243704e-05,-0.46728066716714983,7.40538000376821e-05,0.3371114195589011,2.6282297937592415e-07,-0.20935550730666355
180489.98999024235,6.413029429103997e-05,-0.5303191271817489,7.99517695565553e-05,0.4056367474610118,5.545689260482695e-07,-0.9150365713609577
180490.99099069822,5.6219288295356024e-05,-0.4392145738213948,7.032792235122658e-05,0.2865063869634214,5.241408570758393e-07,1.7840865907752679
180491.99199190014,5.489161925195325e-05,-0.4929040764483529,6.728929152780516e-05,0.3540664172965396,6.299329895882253e-07,0.09463735698679324
180492.99299310206,5.727369659958939e-05,-0.4436723122942584,6.833723437813666e-05,0.31268817121521586,3.810154921164077e-07,-1.7816947701725354
180493.99399430398,5.154575019841868e-05,-0.5672116816246322,6.267065468304845e-05,0.4201613563538925,6.626763880524817e-07,2.0718427769288237
180494.99499475985,5.831227813253284e-05,-0.5407207192231177,6.953067215521745e-05,0.38891247094935494,5.337863686824702e-07,0.14553722703189606
180495.99599596177,5.900324039711296e-05,-0.44131094902517587,7.384902217021397e-05,0.3343432107881122,5.438882480914168e-07,2.0922342512761767
180496.99699716372,5.775219150766917e-05,-0.4248640636067695,7.236134742716254e-05,0.28204570007276525,2.98049361597499e-07,-1.5689157879681241
180497.99799836564,6.154367705145788e-05,-0.5069117753013832,7.512067662279859e-05,0.39746437366265985,1.0864488908911161e-06,0.060978422766025234
180498.99899882148,6.32785222485557e-05,-0.3893528478383088,7.95029644972961e-05,0.2614737780528149,3.029753527272147e-07,-0.6738865868819037
180500.00000002343,5.5375998871986776e-05,-0.499643805779254,6.683215490391593e-05,0.36460714152643026,2.583465905341868e-07,-0.06783144537007368
