Frequency_Hz,Amplitude_d1,Phase_rad_d1,Amplitude_d2,Phase_rad_d2,Amplitude_d3,Phase_rad_d3
62450.000000282555,2.0241162516765443e-06,-0.8724407207637248,2.543610937380934e-06,0.4323812269186867,2.406618411721318e-07,2.115274142145782
62450.12512515302,3.138564775576237e-06,0.6626292746485901,3.0680386227522176e-06,-0.8578263024996914,4.152919340625298e-07,2.1748425886277554
62450.250250023484,3.915953577115351e-06,1.0188810862650413,4.070520030720102e-06,-1.1702022649141761,3.7773442412582403e-07,-1.3394543440640851
62450.37537564002,3.1648570494982886e-06,1.8674079111156592,3.95780640498656e-06,-1.7083274774206165,4.0727774679634333e-07,-1.493050209653784
62450.50050051048,1.7202839330091642e-06,-1.2760497886784317,2.2698937872907437e-06,1.9299103553011736,5.356994240902114e-07,-1.90335525866608
62450.62562538095,2.3395547482856993e-06,1.1554141628531223,3.2750288052596992e-06,-1.0793855845757907,4.091890225278e-07,-0.3820173777678932
62450.75075099748,6.0953895229002495e-06,0.9128380702896108,6.941565463047136e-06,-0.7944247943463957,3.595693429622398e-07,-1.451986048767018
62450.87587586795,4.990361030631076e-06,-0.4023905540222496,4.9518955050866355e-06,0.478595357570194,1.1228404121342087e-07,0.2649956028423437
62451.00100073841,3.0829757770156723e-06,-1.4057951238352522,2.346509550572956e-06,0.744943560116277,1.9810105056325929e-07,-1.8248641392668137
62451.12612635495,2.1019638372896056e-06,0.5284539094207793,2.752364244489127e-06,-0.4742521547574285,1.5410119672270525e-07,-2.6264974454234755
62451.25125122542,1.313535913748651e-06,0.8388690422106037,1.4771027347163957e-06,-0.47220248293342576,2.2476431209681026e-07,1.710699232615507
62451.37637609588,5.58387887412038e-06,2.2978444491538275,6.6069422386791615e-06,-2.2688856272180256,4.900439515305444e-07,-1.662996741796862
62451.50150171242,1.8756339933472546e-06,0.4663621084266101,2.097037464848248e-06,-0.7044074497152979,4.487428775131132e-07,1.6373828658342946
62451.62662658288,1.8900539673101772e-06,0.9709746282230246,2.7949651509896897e-06,-1.1404319010103947,4.0339092616692133e-07,-1.5113940183466863
62451.75175145335,3.630195924546358e-06,2.2698221913942347,4.926815154379492e-06,-1.803816394937982,1.826971951208374e-07,1.2925467852975696
62451.87687706988,5.909665100326199e-06,0.5090402278504752,6.456705791100175e-06,-0.40911368436278645,2.039750620247859e-07,-1.5004096365628226
62452.002001940346,4.010174807038164e-06,0.47494597910076236,5.2055822613254975e-06,-0.3203947984181438,1.9161100377723406e-07,1.101447128380416
62452.12712681081,1.785258184403404e-06,-0.1616108435838772,1.3449162387714698e-06,0.5484851625228874,2.241718949352568e-07,2.0775079062336816
62452.252252427345,4.09097976950927e-06,0.5831820464847217,3.769035724417313e-06,-0.650781149623091,4.5346963260592797e-07,2.489271185226106
62452.37737729781,1.5067017448592845e-06,0.6579345339779659,1.858961369370014e-06,0.6330997341941401,4.824323224106087e-07,2.2969417608938025
62452.502502168274,4.4314143329404865e-06,1.4825668641381748,4.327296063271767e-06,-1.5514996560059484,2.3380535004926669e-07,0.2644116696334461
62452.62762778481,4.945383684645713e-06,2.805316583381697,5.239834104208022e-06,-2.7439522423394833,6.267847026676457e-07,2.9144406078300897
62452.75275265527,2.2418719088897194e-06,0.428869397358911,2.2616468271320616e-06,0.1101620261368712,2.8094655555394026e-07,-0.19219049183794315
62452.87787752574,5.36428037228885e-06,0.4811831517041213,5.200624727526333e-06,-0.3895396933547073,1.191631039516169e-07,-0.06514014079464776
62453.00300314227,1.9806591803823842e-06,1.2566864672332807,2.4141168347967782e-06,-1.3126526418688167,1.6929398746774908e-07,-0.6396250769239286
62453.12812801274,5.3984288005933255e-06,-0.32785208505735725,5.639312346445706e-06,-0.003842190199670947,4.260486431289247e-07,-0.02070943083776552
62453.2532528832,2.7646076152918214e-06,-0.8226756178909327,2.7798147616457103e-06,0.35957214135074356,4.188164808408402e-07,0.9175049037386214
62453.378378499736,3.434673137974066e-06,2.401654973315908,4.76790338749792e-06,-2.679598316675272,4.264090073960415e-07,-1.144427333127679
62453.5035033702,2.745137767294659e-06,0.8933081756057588,1.6838367666683412e-06,-1.2510262098749831,2.4548088355319735e-07,-0.10975862144758709
62453.628628986735,2.091488482558576e-06,1.8150890126341537,3.4110886583273736e-06,-1.889795842744084,3.2564908614759457e-07,2.399477219800052
62453.7537538572,5.696904938526048e-06,0.5754502446318303,6.310944188949269e-06,-0.4932854579111873,3.691019685936834e-07,-2.534605228745095
62453.878878727664,2.663146274950147e-06,0.7040795573868885,3.1567911774270427e-06,-0.8302920344977485,6.405466110261828e-07,-2.970812261462934
62454.0040043442,3.6358114707403113e-06,1.8340958268619036,4.114031362618027e-06,-1.8696693003988352,3.3130116644958916e-07,-1.4838085724842751
62454.12912921466,2.045491006658026e-06,0.49847103707296325,2.804742557528164e-06,0.3217926043736646,5.088728735399807e-07,2.890245144507956
62454.25425408513,1.487081056029086e-06,-0.9030669032258899,1.987559620585623e-06,-1.1734495456210936,2.591218206351202e-07,-1.1114585254141844
62454.37937970166,3.905959774763087e-06,1.2757355491766929,3.986663419515064e-06,-1.632132398888934,4.5616932487546797e-07,-1.6696387193870408
62454.50450457213,2.2659403995975613e-06,0.32558349851098073,4.148253279962205e-06,-0.25225423325269136,1.761287368530734e-07,1.9992350760285234
62454.62962944259,5.23671752873943e-06,-2.490716049078789,6.3899714951453e-06,2.6414294730609558,3.2760322333339025e-07,0.8546031139909568
62454.754755059126,1.6336297080046133e-06,-1.4849106997693873,1.4322907582308315e-06,0.4878621065925555,3.5617213316381183e-07,-2.5152730715954363
62454.87987992959,2.703321831973416e-06,0.9143671952428438,4.181726770397213e-06,-1.352840120315267,1.842575509733251e-07,0.7062881122596698
62455.005004800056,1.7313006460190642e-06,1.9921119285830982,2.3808714789435384e-06,-2.3941479611567997,2.1407245300258685e-07,1.877329981159249
62455.13013041659,1.220877811517894e-06,2.4634658407730394,1.2427970862225007e-06,1.7849536997117683,4.496997799308395e-07,-0.7753307275754526
62455.255255287055,2.317317305360603e-06,2.0835671063468864,1.648366533156986e-06,-1.4862834804598457,2.2551084371139285e-07,2.803372018160767
62455.38038015752,1.1135894306752193e-06,-1.4860171160520006,1.5369750901448544e-06,1.4692609627353523,5.464203085196294e-07,-2.692432614480025
62455.505505774054,2.0576355077821703e-06,-0.07177924425362006,2.5047194889261267e-06,-0.13127147222280164,4.071168907120099e-07,-1.7022600961938918
62455.63063064452,3.682507335077725e-06,-0.03183821524422713,3.958154876230384e-06,0.009767254477899067,1.7011611084432749e-07,0.9134650871359055
62455.75575551498,3.2573356779118397e-06,-1.0478880170454126,3.054668528929788e-06,1.0665286237970968,6.544745224519588e-07,-2.321570156367118
62455.88088113152,2.274965990914821e-06,1.5714173565660965,2.611803947501017e-06,-1.6761278108052022,1.647721369906631e-07,0.0628964906814559
62456.00600600198,2.920000751683721e-06,-0.2170494179211351,3.1114278203691417e-06,0.10748054427893364,5.070187414493558e-07,-2.388153808661607
62456.13113087245,2.7432049536179977e-06,-0.6494051279787851,2.8584425483504766e-06,1.1409242855584665,4.631230160984012e-07,2.58764384972858
62456.25625648898,3.789625928116025e-06,0.13315839364074158,5.030612586522135e-06,-0.19857966973354496,3.596367655308337e-07,-2.036223683612608
62456.381381359446,1.948013996463592e-06,-1.0698887054268624,2.319871046950269e-06,1.4092133876683788,3.736494295909437e-07,-1.435069257513544
62456.50650622991,4.494098477814238e-06,-0.2691371813475618,4.482281870080537e-06,0.35959228143571026,2.2845489536745867e-07,1.7428797164852612
62456.63163184645,3.3047746571948802e-06,1.035254843583452,2.751298877510072e-06,-1.1551489752225819,1.4570856307827146e-07,0.16185914066058077
62456.75675671692,4.708770618992382e-06,0.11371242772464343,6.324382215973105e-06,0.06071583589675888,2.4290839983014566e-07,-0.4928400909518024
62456.88188158738,1.9210325123589604e-06,0.493727222746292,3.021092962324529e-06,-0.7717157668508915,1.5474780725153193e-07,-1.2691190773980368
62457.007007203916,6.81305612169181e-07,-0.27533751547828644,8.662381770479562e-07,-0.46166673408734454,6.056133975823803e-07,-2.632398986870103
62457.13213207438,5.35466877908035e-06,1.338287180946586,6.133294332494907e-06,-1.527004240832623,1.876842099032949e-07,0.9598667115400571
62457.257256944846,3.536406723956965e-06,-1.1142167703092756,4.532199761291497e-06,0.9961129853760419,2.5069203526551524e-07,1.835442794431976
62457.38238256138,3.4654016436580413e-06,1.5333048911202503,4.743442276731882e-06,-1.5504212304074179,1.7114159811088155e-07,2.213070383000714
62457.507507431845,2.0871537253979546e-06,1.5642628720398104,2.9927043045396257e-06,-1.962282520195075,1.742069895431556e-07,-1.5777967169659275
62457.63263230231,3.4602854824880157e-06,1.1992910225348001,4.198133431272493e-06,-1.4354776754228276,2.2837455627692886e-07,-0.0960803338462778
62457.757757918844,1.9250234517054093e-06,1.827204396399574,1.413781554733476e-06,-1.1838242129206944,5.864032459024404e-07,-2.898277802021659
62457.88288278931,4.585889572051091e-06,1.1340212329698494,4.249843841990009e-06,-1.511752998098924,3.7402642372291865e-07,0.8699541708905516
62458.00800765977,7.497271784905733e-06,0.8004302593037901,8.081842074184165e-06,-0.8368847790400007,1.411834997687547e-07,0.16494875054434283
62458.13313327631,3.198265889800504e-06,-1.3484057485979921,3.5042699960438844e-06,1.7074987777519388,5.684586781622391e-07,-0.10092028742376488
62458.25825814677,4.263441674368308e-06,-2.0048585826823846,4.614435116104366e-06,2.2451412082333824,2.8533323696761287e-07,1.3055067468360304
62458.38338301724,2.766062799506e-06,1.6448442106415715,3.1132559068438013e-06,-2.0554324341190697,6.651338589158674e-07,2.1801993360432337
62458.50850863377,1.974169358039904e-06,0.47990648101183275,3.3229726153497946e-06,0.17017813870924223,1.2878715733772775e-07,0.8733268953090675
62458.633633504236,2.8585155112931724e-06,-2.0251779931570537,2.53037627638178e-06,2.0912497094752003,1.8054847309164698e-07,-0.5580446722857149
62458.75875912077,2.359453257992273e-06,0.5880397391968987,3.697241252617163e-06,-0.49190006605645586,1.7248811093743718e-07,0.7577734371670984
62458.883883991235,1.4351493702682526e-06,1.357714764394076,1.9727555498625167e-06,-1.1425046130997092,1.6801357009867755e-07,0.19552751090835105
62459.0090088617,3.838395511419926e-06,2.4434237624611677,4.7077486998266495e-06,-2.366431515574555,2.4661814496323974e-07,0.8948350241923284
62459.134134478234,3.162155132460383e-06,1.6940325602108788,2.5634606162963908e-06,-1.725186432769922,3.2927943720259966e-07,1.6328822093993232
62459.2592593487,3.138198110325084e-06,0.47867035945997505,3.069089129936191e-06,-0.5476556149705254,2.7208760107763616e-07,0.5325864334048553
62459.38438421916,3.738334517925106e-06,0.1847389246723019,3.331160373930139e-06,-0.2602358525282424,1.3400227279349617e-07,1.0037762787822073
62459.5095098357,2.063447023190645e-06,1.2590628787744949,3.053346443085887e-06,-1.575433913963172,3.4226213539510763e-07,-1.0396992463529047
62459.63463470616,1.908535839557203e-06,0.1312148934986658,3.1847105227105078e-06,-0.4816181723309014,1.25767529567924e-07,0.8652297341408751
62459.75975957663,7.006831262260657e-06,2.163363563691044,6.722489220580638e-06,-2.044939867137026,2.7490515303571574e-07,1.6437802866626126
62459.88488519316,4.8166311231580836e-06,-0.1727325775950091,5.050666958807569e-06,0.09057344834470173,1.9076559802712784e-07,1.2756351744730787
62460.01001006363,7.455724962720615e-06,0.29982272754332645,7.801649093966375e-06,-0.35461209389698584,2.635389932568111e-07,-0.07044904377821842
62460.13513493409,2.6762048664890387e-06,-1.4289434597037254,2.339086325414537e-06,0.6647071628310876,1.2280418356170026e-07,-0.498669695457943
62460.260260550625,3.876816718005054e-06,2.9002143874138495,4.360777766371636e-06,0.7795679216200824,2.4098908180869056e-07,-1.2614868376928254
62460.38538542109,4.086183670793504e-06,0.8265568660474384,4.744146847800626e-06,-0.870433511818883,1.000377276682178e-07,-0.41153248810093646
62460.510510291555,1.5698319544950237e-06,-0.7836818415012163,2.033777345590664e-06,0.4345908013637883,2.926196220937245e-07,-1.1486303647318472
62460.63563590809,5.704187154215873e-06,1.2498752313569725,5.8890627510865805e-06,-1.438382387962958,3.682311304148173e-07,-1.8562871163173136
62460.760760778554,4.777862277194267e-06,-0.08979475664121819,4.869356576290534e-06,0.2474880268987186,1.4711825394494866e-07,-0.011046873426440246
62460.88588564902,3.4837986220475654e-06,0.9201279924527324,3.891099287002405e-06,-0.6945715462324514,2.622424895458233e-07,2.2234304826896256
62461.01101126555,4.125937697227381e-06,1.7023538713195527,4.743245549460036e-06,-1.695578561565057,3.166902409875192e-07,0.03590691475947451
62461.13613613602,6.110303056127433e-07,0.42045899973941125,7.626980532847809e-07,-0.43445646912815455,4.879344049876931e-07,-2.814142467215941
62461.26126100648,3.6392098943547238e-06,0.9957613940876228,4.938257890309197e-06,-0.6630806190498646,2.5899826745639055e-07,1.787576807897973
62461.38638662302,3.433607827977381e-06,1.6983859184055285,5.1198827948024315e-06,-1.5030934791211428,3.136963392346855e-07,0.7037436644083371
62461.51151149348,3.121922757358051e-06,-0.6984594283248687,4.462098771917276e-06,0.7690620273770578,1.421802678839895e-07,0.32465846411904364
62461.636636363946,2.9850225491246402e-06,1.0417605574222293,2.432331547739489e-06,-1.263236409137546,1.6814088984921172e-07,0.9071696583000173
62461.76176198048,3.0126445465668194e-06,0.6359845103108762,2.9292710289498195e-06,-0.33081859266836555,2.065004604734225e-07,-1.5993531198235307
62461.886886850945,2.3494124760827825e-06,-0.33325032618735306,2.676956960994289e-06,0.3942767032346959,1.043675563368908e-07,0.730773098519443
62462.01201172141,3.999202285454514e-06,0.8896893186416436,4.770821494629563e-06,-0.36067048642035404,5.974424625511124e-07,-2.289749390913817
62462.137137337944,6.183560360215198e-06,0.431497561570152,7.408586132868807e-06,-0.3649388579206079,4.3423340910474454e-07,-2.7135916825283983
62462.26226220841,1.6092144763643751e-06,2.77095303707154,2.495878446878005e-06,-2.6697544054553752,4.506273456204988e-07,2.4255916408841762
62462.387387078874,3.7586482031963926e-06,1.2229729771235767,4.22987047241943e-06,-0.8781213308984918,5.902812378592386e-07,-2.2242386677766626
62462.51251269541,3.327698768066669e-06,2.410099141368588,3.2297444663434133e-06,-2.4513237387738314,2.491751610636376e-07,-1.0883960957490124
62462.63763756587,4.335326989565507e-06,0.7702956521029342,5.622388609876462e-06,-0.8457447634598733,6.239776862435932e-07,2.466562823487383
62462.76276243634,6.036694804086877e-06,-1.9939048972792957,5.306637246438056e-06,2.205288048947939,2.5958117146110145e-07,-0.6659689604784677
62462.88788805288,5.632566839965454e-06,1.2540970772369961,5.443978885930328e-06,-1.1919978963042028,3.123704123242568e-07,-2.320569674392619
62463.013012923344,7.295413440855252e-06,1.1947488597974507,7.3066393234664315e-06,-1.2785501466912623,2.195770231944142e-07,2.175107073243142
62463.13813779381,5.1844663314625435e-06,0.8951606184176837,7.027080065733254e-06,-1.0218688961041535,5.682160930605794e-07,-1.0146075063402054
62463.26326341034,6.1746804855428666e-06,-1.405716235673026,5.8453724866422554e-06,1.6705775295556886,2.9399072383800085e-07,0.7831269316795314
62463.38838828081,3.2132140074342307e-06,-1.8153846456779839,3.606846153314644e-06,1.9009361704528995,3.240240386339033e-07,-1.0129235384178106
62463.51351315127,5.3229256997075525e-06,0.3593411281328032,5.1826925531715825e-06,-0.5008346712324213,1.2665058979529737e-07,-2.046853872254858
62463.63863876781,4.376628975471028e-06,1.100390343336274,5.428496973497767e-06,-1.002673086569915,3.6050174377202977e-07,2.4807670197419243
62463.76376363827,3.1729129883061506e-06,-1.0226338300831244,2.878815872727613e-06,1.2873058577361738,3.2804121412057136e-07,0.025314405564913517
62463.888889254806,5.279418270805445e-06,0.06934749721292999,5.812768668867538e-06,-0.20800450036787274,2.6279982717512587e-07,-1.1634429073920842
62464.01401412527,3.069241553162288e-06,0.9164515267788004,2.379481786753012e-06,-0.5947385228447667,3.125600530782191e-07,1.843082528440807
62464.139138995735,3.996741506262343e-06,-1.1037055134326552,2.1407492376704417e-06,1.316156369198212,4.2636483893053355e-07,-2.147087444786296
62464.26426461227,4.273800633541279e-06,1.4265628540000093,4.751909633561955e-06,-1.1364119495540124,3.7213077921719916e-07,1.5711751392013817
62464.389389482734,2.768407843406346e-06,-1.8260223029364073,1.5730127505493853e-06,1.3230839903038794,4.5370310988555425e-07,0.1416173521270939
62464.5145143532,3.2604819805358845e-06,0.41675171930676796,3.7059906512453302e-06,-0.46855597327314435,7.119977785641804e-07,-0.9188014038284036
62464.63963996973,1.5811442990976956e-06,-1.1283582483546861,2.181612758172067e-06,0.7353297353841813,8.143451500346251e-07,0.744384160436455
62464.7647648402,1.503579373662299e-06,-0.12262027483796316,1.6743384467537536e-06,0.7118794093669625,4.5129125755991246e-07,-1.2089999553315187
62464.88988971066,1.6621719609825386e-06,1.9171013153590637,2.3293851257156186e-06,-1.5572113286403704,3.8685610336082805e-07,-0.8480201400686123
62465.0150153272,1.0252872325756618e-06,0.6085150295520046,3.1351791157442533e-06,-1.7715266198206694,1.5885851617974105e-07,-0.8189404116283964
62465.14014019766,7.144140271952411e-06,1.5010656245294591,6.984010212482726e-06,-1.5693725843884314,5.081919391857174e-07,-2.0457609991293193
62465.26526506813,2.2018778900942588e-06,0.5241316997811923,2.339158640937562e-06,-0.6141745507446015,4.6548250324974135e-07,-2.061589628997649
62465.39039068466,4.640536215391519e-06,2.1501215070014914,3.656125261722094e-06,-2.218777887588146,1.5461145101166857e-07,-0.9779973489203357
62465.515515555126,4.133199635954113e-06,0.059703723011261256,5.999857220951031e-06,-0.06563146060053467,5.085418622833357e-07,-1.1175475837503337
62465.64064042559,3.222039395784229e-06,1.5445239520815623,4.031393436601296e-06,-0.3154279293573816,6.685511841306832e-07,-0.6420340281099551
62465.765766042125,5.967362729653404e-06,0.21423254676557194,5.853344500228204e-06,-0.20093569132509168,2.392850972533251e-07,-2.2710061743649943
62465.89089091259,3.3087898418495345e-06,1.3835230262468825,2.694135713377643e-06,-1.269446771070484,4.852477628735276e-07,1.725753523384198
62466.016015783054,2.550698708218002e-06,1.9786601808379742,3.5049444944884097e-06,-1.9360047659730795,4.5442000919661297e-07,-1.5158293903822833
62466.14114139959,5.8150877306322955e-06,0.5004467858628555,7.408474246192811e-06,-0.6062403951203158,1.4137555787184775e-07,-0.6116379577648862
62466.26626627005,4.874686389160946e-06,-2.705730020706513,5.704623679544923e-06,2.698484172088574,9.823560748031753e-08,-0.2539968680751572
62466.39139114052,1.3320536114195825e-06,-2.0553924642847083,1.6265689192995871e-06,2.0305837991149627,4.3604260419277856e-07,-2.326228511686637
62466.51651675705,6.399471767811179e-06,1.1510911444477734,7.117865788031568e-06,-0.9254896962999197,2.6452361123242373e-07,1.266226239805739
62466.64164162752,2.519082803798029e-06,0.23237765459453077,2.914364940181423e-06,-0.2827179016424459,2.94264008384419e-07,-0.5797195624215086
62466.76676649798,2.507639533052659e-06,-0.698168712819199,2.6250872706644714e-06,1.0925613544459538,3.907667073254698e-07,-1.1879095055811908
62466.891892114516,3.1710225676920823e-06,2.3532322180605227,2.2251011460065906e-06,-0.47035858551514764,3.789038622859074e-07,1.825972125055947
62467.01701698498,3.5010587388384545e-06,0.9978184479593687,3.683513142445104e-06,-1.2079392861882505,1.1631519849919467e-07,-0.6053997141068189
62467.142141855446,4.83098371431379e-06,0.20138939603863198,4.233159780821006e-06,-0.2972529070331655,2.986451192326473e-07,1.503478982952886
62467.26726747198,3.455355394368399e-06,0.6730497328725047,3.291481215571905e-06,-0.5499596059187801,3.858973278810596e-07,-0.2508651808065849
62467.392392342445,1.3998512674951942e-06,1.510782148388749,1.2921378258136522e-06,-0.8038995913821354,1.6989371890932357e-07,1.3549702786337001
62467.51751721291,3.349796065003133e-06,-0.6984617043041996,4.50156242473679e-06,0.8681330300266578,5.724583489613129e-07,2.0421514336044746
62467.64264282944,3.0790971175464e-06,0.9222210601384976,3.3455552531016677e-06,-1.7432287419017458,2.3463856596767156e-07,0.8554424353996068
62467.76776769991,1.7781265922584955e-06,-0.7937049775322688,1.8727082866191922e-06,0.8813849286391248,1.8189861279085066e-07,1.285377753817494
62467.89289257037,4.656018639837961e-06,0.40300196656788384,4.217286993005955e-06,0.004487536658562158,4.995167122375316e-07,1.7576513117761563
62468.01801818691,5.269088366294244e-06,0.179040396459618,6.058737746701068e-06,-0.5110792135343353,4.985191960271279e-07,-2.2168281897720052
62468.14314305737,1.8479513744900259e-06,1.283503173206659,2.1654178309679623e-06,-1.1187861545006996,4.0900893557638245e-07,2.586590844653429
62468.26826792784,1.127553064204693e-06,0.015038660735382204,9.25855948461618e-07,-1.6429971194884725,2.53034574950204e-07,1.384736552268599
62468.39339354438,3.2110698820746163e-06,-0.05910050428861934,2.9505588716150316e-06,-0.2022367544411364,2.678168024565377e-07,-1.2417203717656253
62468.51851841484,1.6680998316633675e-06,2.85137947798324,1.7179378812164171e-06,-2.918604480049007,3.656834499444509e-07,3.0072358220758058
62468.64364328531,4.471442666773021e-06,-0.4276856862401244,5.07440724196633e-06,0.43066312449851013,1.8053020148489513e-07,1.1656751119910875
62468.76876890184,4.422041372948114e-06,2.7921817557029067,4.664546852911344e-06,-2.755403034611288,2.2776562361788702e-07,-2.5698610144348346
62468.89389377231,2.158497167231505e-06,1.5530531782879469,2.1842951094046737e-06,-1.2580733829882327,5.553627964048861e-07,-2.1400726038950433
62469.01901938884,3.144458254719382e-06,-0.11463638077668044,3.768989972454963e-06,-0.43729744666762216,4.833814641297969e-07,-2.93025282969942
62469.144144259306,7.981376499813977e-06,1.5886322127766657,9.332261719487467e-06,-1.68794848441173,3.756367412677422e-07,-2.6795348158893795
62469.26926912977,4.505309131727569e-06,-0.08298123286132005,6.204021888580041e-06,-0.11471616281077625,2.51938096942856e-07,-0.3689911392996846
62469.394394746305,6.384758037437357e-06,1.0256252373610417,6.6168520758318186e-06,-1.0524704585870277,4.3008709930541633e-07,-1.263759942721714
62469.51951961677,2.0563146237560158e-06,0.749018926375208,2.2599686751908564e-06,-0.6388540193599382,2.3259661449347041e-07,-1.804189022456488
62469.644644487234,3.2882546239133355e-06,-0.40178273383720653,3.239572877364946e-06,0.7740714650129797,6.095281390474802e-07,1.5633927280707218
62469.76977010377,4.167089566524087e-06,0.5216090625429991,4.825936231515634e-06,-0.37906397960635796,2.383575318861128e-07,1.442753900441288
62469.89489497423,4.336041984467326e-06,1.843704003834101,4.271190623601765e-06,-1.7901356086505096,3.727290643105239e-07,-0.8548154187725687
62470.0200198447,1.5980630929469769e-06,0.011481255226637774,2.0197442572476384e-06,2.0394786614056724,4.458237593216484e-07,-1.7568904534132823
62470.14514546123,4.089708816517847e-06,1.2841558882557174,4.9846589084798e-06,-1.307433312600144,4.156687345368102e-07,1.1958988213276949
62470.2702703317,4.667525517605864e-06,1.3860826011714114,5.522969261219056e-06,-1.3683128639345652,4.38928074630351e-07,-2.5811513622480917
62470.39539520216,5.413425450059895e-06,1.2617767171711658,6.6221138036768055e-06,-1.1565935411648254,2.2341280119087354e-07,-0.34818662706690745
62470.520520818696,3.168914764519245e-06,0.1986534847510862,2.149092649848788e-06,-0.43875256224586634,3.19765767452121e-07,-0.8289451302752814
62470.64564568916,2.9020110164204397e-06,-1.2790855646797978,2.903823164886949e-06,1.5988580636813734,3.748506326991015e-07,-1.7204677312467025
62470.770770559626,3.939641627700308e-06,2.23837308635267,4.822730006689442e-06,-2.5642875530162743,3.6729844590477787e-07,0.3156834624016354
62470.89589617616,9.998104734853024e-07,1.7642554272553927,1.270441338504116e-06,-2.4102995121160973,7.233209740515207e-07,-1.9928189148556759
62471.021021046625,6.99250729500927e-06,0.8330058601340666,8.755739609056723e-06,-0.9495755326433915,5.816103956912633e-07,0.39084469773963754
62471.14614591709,4.877249364116647e-06,1.547874624009045,6.3140896605655084e-06,-1.4856588298956697,3.258919817789225e-07,-1.051022875445872
62471.271271533624,7.444360416485567e-06,0.46365518450982124,8.508539816301706e-06,-0.589416229187784,4.430361554499187e-07,1.805241274245416
62471.39639640409,4.993493119483923e-06,1.02242834487296,5.823713444113542e-06,-0.8244533841239872,3.9062482352886526e-07,2.54990127112356
62471.52152127455,9.376489216502398e-07,-1.4681866586132746,7.921407213430503e-07,-0.3814662167818953,2.9012288665850516e-07,-1.0729442848418058
62471.64664689109,3.1042378096303146e-06,0.32103608478032525,3.6509998852680946e-06,-0.1218922296778744,3.3798006203012094e-07,-1.2215161253343836
62471.77177176155,7.214497950649865e-06,0.056577151101194365,7.933707887405057e-06,0.08843219074156558,1.3487466233209455e-07,0.6052017387533546
62471.89689663202,3.1256088665081486e-06,2.459098387661722,4.15577416513304e-06,-2.322539508845456,6.129597506955185e-07,-1.5187130499986747
62472.02202224855,4.556158903144926e-06,1.1759806870619813,5.052255711111904e-06,-1.3029808931910658,1.1242366181473749e-07,-1.8348674077613505
62472.147147119016,2.238441648535054e-06,-1.244935453285518,2.126876393469156e-06,0.8715421915026439,3.155101568126014e-07,-2.823537288100851
62472.27227198948,2.7983588455440906e-06,1.5115560598204658,2.6657686383542414e-06,-2.240804971917989,2.461621471595921e-07,-1.6796499385329033
62472.397397606015,4.973270447340312e-06,2.3305881789775125,6.682916897469203e-06,-2.198691228924564,5.839589931669199e-07,2.1024952307862232
62472.52252247648,4.628553925418836e-06,0.9286674152931684,5.271949129481528e-06,-1.2243381370596627,8.650071104191123e-08,-0.24696793996475602
62472.647647346945,3.0751893847679724e-06,-2.2555438415322495,2.3794991346417184e-06,2.501851083318991,5.083822682054101e-07,-1.3680340814117555
62472.77277296348,5.033496036362551e-06,1.6573996394738717,5.594025541695594e-06,-1.872730153926215,4.882173866207761e-07,-0.997464286866743
62472.897897833944,1.7560065672983017e-06,0.8457621952951694,1.999133425421078e-06,-0.8193949824248741,4.1472801642480106e-07,-2.6829138919461046
62473.02302270441,3.1385763475133373e-06,1.6731468556341376,2.7539671765443052e-06,-1.6132743433233636,3.993372242204755e-07,1.7357410365915327
62473.14814832094,4.477067835776638e-06,0.9443276559287204,4.396687799656952e-06,-0.9737925399020732,1.074762757085372e-07,0.07877720260862472
62473.27327319141,6.386575636152702e-06,0.5577208799731949,6.06525447463266e-06,-0.6901767723512319,3.619949887316068e-07,-1.0933051519622896
62473.39839806187,1.391740324940707e-06,0.07687363888135491,2.3182310126906774e-06,0.6676244292259224,3.88646373550755e-07,0.7086573649753377
62473.52352367841,4.72630477867201e-06,1.2715983212177018,6.183267003777725e-06,-1.1967382501574892,3.0691438841348625e-07,-0.8795664114752387
62473.64864854887,4.653468603783109e-06,0.4848163452913762,4.486199310558628e-06,-0.5254735486172892,1.7174515079292048e-07,-2.5193569895392316
62473.773773419336,5.060615771358381e-06,1.3170578362421284,4.670738310886753e-06,-1.2119736871570395,2.5367124597821007e-07,2.842522107247377
62473.89889903587,4.5667920194143685e-06,1.042972715023606,4.4242009933838385e-06,-1.1357425895354307,2.2598968421351228e-07,-0.9797220840730652
62474.024023906335,5.22511825819528e-06,2.051550054480629,5.486754121012552e-06,-2.031303238527917,3.7014514173880174e-07,-0.6078731727926889
62474.1491487768,3.230720959300717e-06,2.8900692845597473,5.045066538531815e-06,-1.7097556169318147,5.429973030937411e-07,-2.477612217261531
62474.274274393334,2.0022982018118586e-06,0.7592107463827831,3.224282962999597e-06,-2.1734857003939747,5.531590524810643e-07,-0.6957216631667273
62474.3993992638,3.649173722121668e-06,1.4447646406642285,3.5136425076493277e-06,-1.3993317406308425,5.306458812401522e-07,-2.568072506481292
62474.52452488034,2.9350880638683533e-06,1.0113175265728853,3.5892185535327136e-06,-1.064182366388246,4.883239858128372e-07,2.374915273114972
62474.649649750805,2.6538279704461186e-06,0.9186047064649414,2.8674136320169332e-06,-0.7733992215345923,2.652000683103445e-07,-2.526063214128474
62474.77477462127,6.323029404238314e-06,1.4733188396059438,7.26495860975586e-06,-1.3692467815717877,5.661773581018977e-07,-1.454479738995298
62474.899900237804,3.6491684667580207e-06,1.0040656226364955,4.886179109283987e-06,-1.4690105499942396,5.556952392929737e-07,-2.395151288946629
62475.02502510827,2.989596543332703e-06,0.48790728513083564,3.934136484240156e-06,-0.44363626108627185,1.4576344093202867e-07,0.8510006624309618
62475.150149978734,2.6291636772024155e-06,-1.6856669467980332,3.580706736333245e-06,1.6575670298976655,6.332218358613037e-07,-0.6574395408742054
62475.27527559527,4.72739369139138e-06,1.359306510377578,5.0236067623321295e-06,-1.3093538697704221,4.486020144704568e-07,1.4181358946654763
62475.40040046573,4.215918257285351e-07,1.6452434007090813,7.289736172081674e-07,2.336339456885717,2.5664592913759575e-07,0.2813325006908804
62475.5255253362,3.3048061536142817e-06,-0.412797738704281,3.872858946917309e-06,0.7221116911045046,3.0569856769917385e-07,1.4414607555056065
62475.65065095273,1.9461354212490242e-06,-0.6081636482571331,1.3555458024070765e-06,0.09384801541024744,3.20766046748255e-07,0.3542912160308686
62475.7757758232,2.6559488039240866e-06,1.5572240664918828,4.725709385633976e-06,-1.484083200645826,5.380974208699771e-07,-2.331358327376366
62475.90090069366,4.786820267623316e-06,0.6670296896061562,6.356179148602657e-06,-0.4984871105884462,1.8068635970346704e-07,2.2545797754986547
62476.026026310195,1.7762082510077722e-06,1.1019629201594643,1.926187262813823e-06,-0.8707359013630352,3.0581081281072964e-07,-2.1332743689852967
62476.15115118066,2.5129425369300844e-06,1.869659158261367,3.2099592447289288e-06,-2.189470737002923,9.140237846657538e-07,-2.050512736111371
62476.276276051125,3.7840648717326903e-06,0.6214043343315289,3.942162754375943e-06,-0.6134814160423356,1.7114238960331694e-07,0.3617905676174912
62476.40140166766,9.385953683896233e-07,0.03425023645675475,1.5215320729280633e-06,1.7554465686262637,4.02184049726355e-07,-2.5883039017122345
62476.526526538124,2.106676409113601e-06,-0.009657232717033157,2.3336207523005894e-06,0.020479641775063336,2.1220917837422556e-07,-0.4031686066692109
62476.65165140859,3.68727131174478e-06,2.2575137015586972,4.8252711791164754e-06,-2.2368437443408227,6.801902329493737e-08,-0.042097907456618344
62476.77677702512,1.0403777690154448e-06,1.7453964032954532,1.138477500197932e-06,-1.8869336138803552,1.3728812547132588e-07,0.9536470628956967
62476.90190189559,6.394191371190845e-06,0.35547941017378304,7.610218762687938e-06,-0.4621471646724533,2.5180382757068853e-07,-0.6118004416688771
62477.02702676605,2.599212645975645e-06,0.3792063182833882,3.7467910713833775e-06,-0.8367858455660513,4.368241811180025e-07,-0.3162679540113329
62477.15215238259,4.432386233580608e-06,-0.2660225582315726,4.667369901654342e-06,0.37920268779735794,1.7071386446095955e-07,0.4828316784090022
62477.27727725305,1.6609409388190206e-06,0.18211698997170908,1.8827349945194545e-06,-1.4368412983843786,2.150473458606742e-07,1.4914529529657528
62477.40240212352,4.8256931676610555e-06,1.0133504011232715,5.364437972938231e-06,-0.7922999582975849,3.836483383081041e-07,1.7960265897723056
62477.52752774005,7.5074700426413954e-06,1.760898274861752,7.864576077976163e-06,-1.6665101465176781,2.8932923869983477e-07,0.8349528319282316
62477.652652610515,2.2834922087751177e-06,0.3393175819415726,2.598560271191387e-06,-0.3219116682884148,4.3897955451944004e-07,-1.9211679165395315
62477.77777748098,3.255263269345827e-06,-1.7719380794816182,4.117019085467004e-06,0.024242104373268535,1.582963618478711e-07,1.9866084562861206
62477.902903097514,1.7219465688614439e-06,-0.3982859469640839,1.7702038205441627e-06,0.2879446913712822,4.4237757275310705e-07,-0.8214119160786355
62478.02802796798,4.578310235426141e-06,1.0318565670446078,4.076357571401257e-06,-0.8405359433936382,1.8146232600840874e-07,1.941999890854038
62478.153152838444,7.805956076057371e-07,0.9680157971420508,1.0059248068926613e-06,-1.1780970159195272,3.06176288016281e-07,-1.2493713553062589
62478.27827845498,3.262914051754724e-06,-0.056504893713494125,4.271748526033414e-06,-0.1292961196143356,7.631390154938746e-07,-0.17651482652585923
62478.40340332544,5.083565477464526e-06,0.3424795274455111,6.403806761754271e-06,-0.18385768579564485,2.470143905796006e-07,-2.2144159255900986
62478.52852819591,7.924528851662777e-06,1.0671379202018472,9.384811904862382e-06,-1.0708486950093012,4.608769634125669e-07,-2.230087530281937
62478.65365381244,5.173395622663917e-06,1.1937645115463575,6.113379613406275e-06,-1.2806555952795426,5.897101799887696e-07,2.4262554588347562
62478.77877868291,3.057571741351913e-06,0.3858827374463701,3.653144574691571e-06,-0.541815030901133,5.26263050701575e-07,-1.724853623936832
62478.90390355337,5.098486613235541e-06,2.03988205993237,4.428696641572988e-06,-1.8073281497101528,5.999159695129511e-07,-2.252368181635047
62479.029029169906,1.7839718596666394e-06,1.894799354262762,3.559185379518015e-06,-1.8995462244777865,4.710493031709375e-07,-2.264431807022924
62479.15415404037,2.403805137342981e-06,0.21785016038275407,2.364883482583924e-06,-0.3474197667170603,1.579361091874114e-07,-0.8164689545082631
62479.279278910835,6.45400913528245e-06,1.1565848161104355,7.2326492121368824e-06,-1.3110957628970217,2.240905478594369e-07,0.6255897437699344
62479.40440452737,1.7715727754710767e-06,2.3791582465275343,1.7806563142672883e-06,-1.7935892233072661,4.0629572512616697e-07,-2.4731660064256253
62479.529529397834,5.498124673853872e-06,-1.4607244319940906,6.213530709896106e-06,1.4944323964533657,4.782195862781698e-07,-2.1599910790026104
62479.65465501437,4.3347634051465745e-06,0.5241279593877464,3.4245369815972986e-06,-0.35490513250709205,5.98378988736026e-07,-0.2893483276072611
62479.77977988483,2.147404792951159e-06,2.391474205595338,2.3740663421874687e-06,-2.0565993785672854,1.0961278501471831e-07,-1.7422755307215703
62479.9049047553,2.4364918798942374e-06,1.7466253155184714,1.1971480702322645e-06,-1.361375436672676,2.978854747941955e-07,-2.529448584109438
62480.03003037184,1.6419178107388907e-06,-0.20211212157280536,2.110989527148237e-06,-0.10390680969632032,5.455878189421734e-07,-2.1418351290234097
62480.155155242304,2.8844815847136343e-06,1.2398998018892429,4.104426844412604e-06,-1.0787671089550974,3.429499009628825e-07,-1.169270699256804
62480.28028011277,7.768680611706497e-06,0.5526795821239086,8.514591920091054e-06,-0.46064121741176123,3.890418783067748e-07,-0.9912044466927648
62480.4054057293,1.6492206554448578e-06,0.9272401543740848,1.8250283424848158e-06,-0.6869076955661962,4.77907779989375e-07,2.3048755525892677
62480.53053059977,3.5754353228612293e-06,1.8119197038473653,4.1390596099083465e-06,-1.8510907525412288,5.827765977098517e-07,-1.458863005072435
62480.65565547023,5.3776162684625225e-06,0.8724749664251892,6.336666910334192e-06,-1.080463629326748,2.3106172315559784e-07,0.253300244306339
62480.78078108677,1.0321017191609149e-05,0.5613912076179501,1.1849290368971809e-05,-0.6595650319677723,2.5528782019189996e-07,-1.5854035217305957
62480.90590595723,1.543801739009797e-06,1.5695977393046336,2.3893944457329465e-06,-1.6790233894160764,4.637608467069906e-07,-1.6746617823520675
62481.0310308277,6.218844505522087e-06,0.9018811937467118,7.1822673988434605e-06,-0.7669097523407797,2.9199914499114977e-07,2.386407551024607
62481.15615644423,3.945553017192927e-06,0.6267787470979,4.479396661180161e-06,-0.2699360985783248,1.1197172808374348e-07,-0.6625393363095083
62481.281281314696,3.060440007947615e-06,1.3466380628539256,3.419680150076169e-06,-1.7518830353908175,1.7933717836541073e-07,-1.2509239598361117
62481.40640618516,4.349619133395718e-06,1.291176517482397,5.874862975081211e-06,-1.1988395595096282,8.664931620171597e-07,-2.369490250107813
62481.531531801695,4.097104356439392e-06,0.8309118517153685,3.961391056611423e-06,-0.6028058891826223,1.1858077549144177e-07,0.5634776390219762
62481.65665667216,5.391490807773677e-06,-0.3436741675731666,7.052736382141938e-06,0.38814028727310534,2.0441470139606058e-07,1.1455599131615208
62481.781781542624,1.7717945814565312e-05,1.366979200972526,2.3101046348826667e-05,-1.4403245067625545,2.515503882398068e-07,1.859417934638392
62481.90690715916,5.045789568001546e-06,1.926579745774353,4.946424086724192e-06,-0.6183055220636502,3.3055723638169226e-07,-2.48957396784472
62482.03203202962,4.648252690619505e-06,1.6244780796831226,5.072430248152598e-06,-1.637308226718329,3.610755807460528e-07,-0.8905339954620198
62482.15715690009,4.094489610199315e-06,1.2497249499572678,4.046557568883035e-06,-1.6071201764691607,3.6130190119998157e-07,-0.32735955554785595
62482.28228251662,4.163474714821251e-06,0.43739776744596515,3.813523271917764e-06,-0.6270084164224055,6.684310707649099e-07,1.7216027149120992
62482.40740738709,3.212165300396135e-06,1.516362810598045,4.5201627153526095e-06,-1.5421408031005217,3.8624935674003686e-07,-1.626382620645191
62482.53253225755,3.972606094649419e-06,0.02423342311889801,3.3290200453136093e-06,-0.004111153381242843,3.352330250161212e-07,-2.6435911524517577
62482.657657874086,1.8697520537897995e-06,1.136072455096488,2.3567619882645066e-06,-1.358243597031649,3.3173092641936764e-07,-0.38791919752205084
62482.78278274455,2.805458718586843e-06,1.4921540079189566,2.9386862377335033e-06,-1.6960840141936686,3.987002105465518e-07,-2.073678312797257
62482.907907615016,5.6211100220188986e-06,0.880001902192569,6.442173251821616e-06,-0.7516430552318712,5.074069982817995e-07,-1.689232539330868
62483.03303323155,3.352570463749139e-06,1.9107584054656515,4.488592131472315e-06,-2.0922863320851555,3.11564935700087e-07,1.5369273773357708
62483.158158102015,1.6282424182974935e-06,-0.23707429283144568,1.7879470631974557e-06,0.511968251540423,3.913764023223644e-07,-2.331468118304975
62483.28328297248,4.054206007003349e-06,0.7452534744419069,3.871733666167788e-06,-0.559261206715893,5.355565564311621e-07,-1.510148416134595
62483.40840858901,4.910361202187347e-06,-0.24950017685642178,4.397723301490924e-06,0.2513276846194323,1.8866736036867762e-07,1.1309799930949347
62483.53353345948,6.117380147931136e-06,1.2549622056032665,7.130470166477002e-06,-1.153008202966835,3.7952331308672156e-07,-2.1210274606454873
62483.65865832994,1.6152399832522207e-06,-0.4524594064296324,1.6506445959803329e-06,-0.43944075818775863,3.7215249051518215e-07,2.0504693427870224
62483.78378394648,1.3909840301364854e-06,0.3174553352672197,2.0489801150689427e-06,-0.7642550402189955,3.3127036456169716e-07,-1.1725770096879817
62483.90890881694,4.390188467942699e-06,0.8032758189025104,5.115422757837145e-06,-0.8586360608424369,1.497437653609729e-07,0.0069793048634470105
62484.03403368741,4.602573354883202e-06,1.1605172873821419,5.578773200233317e-06,-1.1443435187533193,2.990325006356466e-07,0.7468359836946183
62484.15915930394,6.8824714366522746e-06,1.1592603879311467,7.642289897028353e-06,-1.2724617033281573,4.5722859321721043e-07,1.0194361486244545
62484.284284174406,6.03368658039878e-06,0.9166198729593495,6.879222368833555e-06,-1.0219514664589702,2.9580872011237233e-07,-0.8390848087129363
62484.40940904487,1.8395097633975008e-06,-1.5034931536643688,2.0828994933714995e-06,1.1941250943384762,2.9991206233231025e-07,0.9217664982698384
62484.534534661405,4.172065296644635e-06,0.19835514381261418,2.8331247615001043e-06,0.1167495456388767,4.049292954748248e-07,1.928769621994323
62484.65965953187,5.069969575953159e-06,0.39526837360545913,4.531274147122715e-06,-0.27164364341846675,2.1735874634854573e-07,-1.490289057961563
62484.784785148404,3.0820127635939888e-06,1.3206200483020873,3.4306365784326595e-06,-1.6032259170975174,1.7640991540195336e-07,-0.7438643244269382
62484.90991001887,4.8580537304785565e-06,2.1055743349948117,5.975278258951334e-06,-2.208493707137438,5.710519583152266e-07,2.6854236128853084
62485.03503488933,5.8051475286554165e-06,0.8473404283289687,7.032847844896375e-06,-0.8804108331912082,3.0840534219268193e-07,0.7270141455958626
62485.16016050587,1.1439627142587163e-06,0.509975862564295,1.1619714096361395e-06,-0.02453599878414852,2.9125064305046534e-07,-0.816684291952149
62485.28528537633,2.2036775584518644e-06,0.5072586265290153,2.8608996445298204e-06,-0.4241577095551373,2.8028206119327707e-07,-1.5568369259038628
62485.4104102468,2.9760360203609307e-06,2.2137201673860356,3.4679229037639492e-06,-2.3388259355255023,3.198740377930801e-07,2.4658655627634327
62485.53553586333,2.9124071546234397e-06,1.113352658458432,3.0495128163140282e-06,-1.0712838238297282,1.6643169941789764e-07,0.696532621972439
62485.660660733796,1.894518329626933e-06,1.015249433628012,2.7389208319848715e-06,-1.88363324473042,2.8454023332844404e-07,2.2427698178035103
62485.78578560426,2.8940976108696063e-06,1.2406401400997076,3.1488186652386393e-06,-1.5566647964538138,5.061979876458392e-07,-2.1305429861258287
62485.910911220795,4.187193481781479e-06,1.0484431161676544,5.016670997810757e-06,-0.9871156711711382,2.896551085277473e-07,0.13362683076849002
62486.03603609126,1.9563735994014526e-06,-0.8671933191766718,1.8210153051732597e-06,0.8788060780111178,4.437609323413576e-07,-0.3447578645123317
62486.161160961725,3.151056709653339e-06,2.0950962711509713,4.0789759719690375e-06,-2.0577625412922385,2.0608144388277077e-07,1.20901468286491
62486.286286578266,5.847841215014941e-06,-0.4184702934168301,6.4249034587794005e-06,0.42253489945341427,3.7547265472684417e-07,2.786703491341768
62486.41141144873,2.180158245488365e-06,1.79208460551312,2.828780188755172e-06,-1.7211019533615028,9.124295065773302e-08,-1.4875771018237585
62486.536536319196,5.314867282541351e-06,0.3502897719247393,6.9178527794365246e-06,-0.1279666727652874,3.1041187689228993e-07,2.1941779508245216
62486.66166193573,7.370002500233849e-06,1.7286775032223067,7.847090360980677e-06,-1.6921112216250243,4.917296399379103e-07,2.063515243334643
62486.786786806195,6.135299377746469e-06,1.0874331919997358,7.320236839953395e-06,-1.214784027923859,3.363641106493061e-07,-2.6266497186479887
62486.91191167666,2.858919585529047e-06,1.3634522362673718,3.961527677519566e-06,-1.3558873066778598,3.3275618118647884e-07,-0.029959405128278372
62487.037037293194,5.0072370763687434e-06,0.5723701062045021,7.259654071021682e-06,-0.5241826489104918,3.426387676941774e-07,-2.179473250919296
62487.16216216366,5.157577348370872e-06,1.466197147951038,5.995741363767098e-06,-1.4337455224120128,2.1683648109372978e-07,0.8990530003078547
62487.28728703412,5.118121842113132e-06,1.9307234057610994,6.869214875114245e-06,-1.908573816405861,6.61822155170337e-07,-2.075538163922849
62487.41241265066,2.908287712963472e-06,0.017329972940888866,2.070146322286371e-06,-0.6637481803428016,2.4658196332858044e-07,2.447468305824452
62487.53753752112,7.1545546127611965e-06,0.4043488337220954,8.35998605913465e-06,-0.38309860060197926,1.1344424082704115e-07,1.9556888915024302
62487.66266239159,3.2993527762389026e-06,0.8328346039576482,3.2162198886468045e-06,-1.029337693486431,1.9348222307680336e-07,0.12319153506255423
62487.78778800812,4.660460241626732e-06,1.073387155856461,5.410248399427675e-06,-1.0960622781514384,6.471976538446144e-07,0.936619553652317
62487.912912878586,7.011156441968591e-06,0.8577173266579635,8.500790816564956e-06,-0.795088020220267,2.845524775132533e-07,1.0205600889665178
62488.03803774905,5.633563108463451e-06,1.005783308594979,6.347449081455753e-06,-0.9440865264234908,4.872550659768209e-07,-2.076035246755752
62488.163163365585,3.6025390705815464e-06,0.8960429088209625,3.0564000003444985e-06,-0.7008347379055521,3.433080104616927e-07,-0.44451066292879193
62488.28828823605,6.626232530569566e-07,2.1072590661472437,2.0630971936032146e-06,-2.5557999262260873,2.357901851127835e-07,1.183203348538834
62488.413413106515,7.607859302417474e-06,0.4915248136763699,9.005672060377214e-06,-0.4037439947771911,2.794343168565678e-07,1.172457123891394
62488.53853872305,1.9747779905111625e-06,-0.5373186283948473,2.4052460017448475e-06,1.3870936449685909,2.31143415121356e-07,1.8836642329124726
62488.663663593514,2.918116234890429e-06,0.40827951528455686,3.913257230444023e-06,-0.5794179905606959,2.631018101723182e-07,2.385190442398781
62488.78878846398,7.938758836809798e-06,0.8818772581739458,8.668068316254664e-06,-0.9616016252196701,4.5812240951817535e-07,-1.7612580970414127
62488.91391408051,3.819471509923027e-06,1.105052201441824,3.2420437236927776e-06,-0.8022828385600395,3.674854843910073e-07,-1.5866145946468535
62489.03903895098,3.2779898771597777e-06,-1.0204244237832694,4.5206382631077315e-06,0.7315511322481392,3.461015570237071e-07,-2.350662648984421
62489.16416382144,8.487903838290209e-06,1.0973467925021732,9.877554737573398e-06,-1.1263843253117432,2.720303235526499e-07,0.4400986904373594
62489.28928943798,5.161549305176778e-06,0.11470777021791718,3.986683594003375e-06,-0.10705714055204466,1.1891038794940852e-07,-0.10885011370782924
62489.41441430844,1.5027327938971069e-06,0.2182473444340822,2.225102984640123e-06,-1.1079126980227127,5.310535715083179e-07,1.0630702596286234
62489.539539178906,1.962884247883672e-06,0.8275342228194923,1.9776903358172275e-06,-1.521454695226587,3.4301735773959466e-07,2.682708492790217
62489.66466479544,4.32121303742567e-06,0.9199446569406781,4.937016021065977e-06,-0.8683197169284091,2.154725273073182e-07,-0.16793792036391847
62489.789789665905,6.230001673688561e-06,1.081919254751694,7.872786206068292e-06,-0.9793934201614417,6.742677497816835e-07,0.503990912152157
62489.91491528244,5.834334863317657e-06,0.871032037099623,6.442206076749212e-06,-0.9321988835262425,2.56989068947488e-07,-1.2290109069543091
62490.040040152904,5.080560643782177e-06,1.246255964390443,5.77551831574168e-06,-1.1667590952692397,2.5998248223893797e-07,0.27639599977004403
62490.16516502337,4.550790331182602e-06,0.9363120898472233,6.3128118468914775e-06,-0.9316124058482076,2.631174883836837e-07,1.2954235788344186
62490.2902906399,4.315732457066179e-06,0.8661727758460802,3.7388337860072015e-06,-0.6163498753949677,4.868786777006051e-07,2.2300416159604186
62490.41541551037,4.751115883475951e-06,-0.6834319326379057,5.67680317373319e-06,0.6973974207718302,2.401282655286154e-07,-1.8242272400971855
62490.54054038083,3.813011527847459e-06,0.4660308459003438,4.649291040896805e-06,-0.5959582132065446,1.5376831407449925e-07,-2.348857923021846
62490.66566599737,2.4192316656773105e-06,0.4520675641442332,2.4534912339538664e-06,-0.7303636574899868,3.2614724486662e-07,1.437228481771803
62490.79079086783,7.342071091696461e-06,1.332069384835205,8.788814957692082e-06,-1.3182518631234057,4.5337605102417376e-07,-0.19884353914757952
62490.9159157383,9.751597115078222e-06,1.1190094190066846,1.0567606921333392e-05,-1.1546495537133583,5.022421287798657e-07,-2.0955654634127696
62491.04104135483,4.9233446305189435e-06,1.3091804017586823,5.6839482568518895e-06,-1.1872556396151703,1.5732166296206333e-07,-2.3431404018387325
62491.166166225295,1.0324787117780163e-05,1.188988596526171,1.1713667195982918e-05,-1.212083227794838,7.684198384733704e-07,2.5822615967258775
62491.29129109576,3.160231016365867e-06,1.3867568592279402,3.920885116315282e-06,-1.4770365616787025,8.70025388209241e-07,2.945397147097196
62491.416416712294,2.028825000023355e-05,-0.8275382770454052,2.5485939055636877e-05,0.7933015309201874,7.728093344623002e-07,2.2008534809869116
62491.54154158276,1.599699638046279e-05,0.5600360887986677,2.040434900251795e-05,-0.567883558472824,3.4196142961148586e-07,-0.2493304863039289
62491.666666453224,5.2842679166536465e-06,1.8563143076916466,6.321371838855997e-06,-1.6919679669449172,4.3516713523739526e-07,2.5666864679193355
62491.791792069766,3.5313463291193904e-06,0.42855885505154356,5.219605559004225e-06,-0.5790977105405821,2.1619399208734083e-07,-0.1842961450265348
62491.91691694023,2.718908320798105e-06,1.3331082105725414,2.2007478267858365e-06,-0.7075452901952871,4.3410058871560585e-07,1.0298092450907657
62492.042041810695,9.526898136800744e-06,0.9054745248864746,9.687105642007195e-06,-0.9671659356296871,3.2210509444729063e-07,-1.9852662382082995
62492.16716742723,5.888143241619459e-06,0.7796653651619512,6.578389095707585e-06,-0.780505735190483,5.807566829920346e-07,-2.0702465636663363
62492.292292297694,8.69757972444654e-06,1.0847546585458165,9.98083456877119e-06,-1.117182949395876,3.6810575848245556e-07,-2.3318868265308645
62492.41741716816,1.3355927217100026e-06,0.7471686987427396,1.2613565823464343e-06,-1.3552326300697195,3.347814031803207e-07,-1.6727398346791365
62492.54254278469,2.950361556360421e-06,-0.04910229291780309,2.5192225825025293e-06,0.15961390711079182,2.745416565958417e-07,2.3525973150780373
62492.66766765516,1.0291623565060802e-06,1.1387678796136806,1.4075142841168596e-06,-0.7279602484937616,1.405598199697876e-07,0.817712693062307
62492.79279252562,5.84489628287882e-06,1.6825646313865006,6.599594293958526e-06,-1.8219981251371726,2.4111695101990886e-07,-2.6566113294142824
62492.91791814216,4.086479193973082e-06,2.024228238498805,5.747401941733582e-06,-1.826548873638332,2.7393172756010835e-07,1.3860995974065766
62493.04304301262,5.605613821571143e-06,0.8891404743143217,6.078358227340537e-06,-1.0242867357030887,3.2259632683697856e-07,2.6102060115691654
62493.16816788309,7.42121126113927e-06,1.2382054034242986,8.449752984907436e-06,-1.2163124564239227,3.8408550749346244e-07,0.7148114448077408
62493.29329349962,2.801167466758156e-06,1.4375290197121995,3.5691040915000467e-06,-1.5143929811343964,5.234174663032669e-07,2.334526287757836
62493.418418370085,4.3585055093714445e-06,0.08035960820191279,4.93978870624836e-06,0.09924555791887257,1.4490298798031249e-07,1.026012757307941
62493.54354324055,8.588841386002626e-06,0.8569221459028472,9.274656673706663e-06,-0.8698566350594096,5.733033761904295e-07,-2.247655967647931
62493.668668857084,2.7741712995808772e-06,0.9789684085572804,3.7668536296264987e-06,-0.6920940000201022,2.1145339230014155e-07,1.9366126707325466
62493.79379372755,2.869757105845024e-06,1.0156482074698825,4.709746906154296e-06,-1.221043216110615,2.20304723313056e-07,-1.8437370379165496
62493.918918598014,7.036699059008262e-06,0.594626182547914,7.762611588200976e-06,-0.6342853772305225,4.945121929062533e-07,0.18840047994231773
62494.04404421455,3.1432483629610217e-06,1.3594597036288816,3.850287214546053e-06,-1.3550613305995127,3.5874404108110165e-07,1.1501989628956324
62494.16916908501,2.5461659186002043e-06,1.362932661530396,3.0956533072233444e-06,-1.42687008403514,1.414094213939646e-07,0.5162937783935284
62494.29429395548,2.4180242715824495e-06,1.0823697042294094,1.8620166913505234e-06,-1.1902446265908704,1.259007122691037e-07,1.2604373167320173
62494.41941957201,2.0669942338820273e-06,0.9404771930289724,2.33585056299417e-06,-1.2905920052876998,3.333386385391427e-07,-0.45819780877662725
62494.54454444248,5.611048553564507e-06,1.0623214364514373,7.990892348775965e-06,-1.0741949728213525,1.026084386876107e-07,1.706443905888409
62494.66966931294,3.735608505743712e-06,1.363645979006221,3.238508125985319e-06,-1.7472959284560812,7.547973022729574e-08,-1.0882156863265842
62494.794794929476,4.698924713548587e-06,2.0462889177026193,5.2240336918330465e-06,-2.2027056515065926,4.882812787025368e-07,1.637457016380425
62494.91991979994,3.040884144267262e-06,0.1476162751745118,5.047505880511437e-06,-0.31168443100537707,1.4257552007182614e-07,-0.8647083555912594
62495.045045416475,3.6098603914088475e-06,0.26418179698781497,4.944890296725194e-06,-0.3631623014236856,3.1887998918493976e-07,2.320894846313263
62495.17017028694,3.7781181451866415e-06,2.3847108711637466,3.492694133781054e-06,-2.559212178509926,3.8508821711280214e-07,-2.066684869269043
62495.295295157404,3.08237223797049e-06,1.0931965039587577,4.050259987170888e-06,-1.4906667141644885,4.008392095714433e-07,-1.6072690699371077
62495.42042077394,1.466743679302323e-06,1.8603159698463763,2.431269846003138e-06,-2.1493157460612395,2.3091193267154555e-07,2.3295693667106963
62495.5455456444,3.9104127609917735e-06,0.6037180498290452,4.737626851906318e-06,-0.6396024552137554,3.191730887939157e-07,-1.5683293727458767
62495.67067051487,4.451383681687506e-06,0.2652466783134456,4.500712425770202e-06,-0.3396077787065177,2.2994797448463403e-07,2.1943030306108042
62495.7957961314,4.461078941040088e-06,1.6139519459917826,6.413971341569425e-06,-1.5525668203498255,2.8553521606279533e-07,-0.06507211701004754
62495.92092100187,4.191184520622058e-06,0.457749148237871,5.93091150227422e-06,-0.6236105561797162,3.634572426416597e-07,-2.160004167440653
62496.04604587233,3.649186287926239e-06,0.6555040873228705,4.636706614771513e-06,-0.9266441898914836,1.5506746921480438e-07,-0.7941464560638445
62496.171171488866,9.67605092773123e-06,0.2284066592753155,1.0093038823312347e-05,-0.20373882076068306,1.6126626009898517e-07,0.571106181828468
62496.29629635933,3.324999478647454e-06,1.5374901831827321,3.2002170577485732e-06,-1.9257230380168346,3.5941951360004063e-07,1.4611589955042275
62496.421421229796,4.482471026978924e-06,0.8222321993748896,4.728520532901357e-06,-0.7387840240185026,2.856244514066135e-07,-2.93216423478498
62496.54654684633,5.081157619028837e-06,1.0106360942816266,6.725947024387781e-06,-0.9449852103322468,4.217128883733359e-07,0.19894025891666323
62496.671671716795,5.380721919011532e-06,1.8542548906239478,6.796217296666453e-06,-1.8706269770509516,2.9168880094842557e-07,-2.0457887028758583
62496.79679658726,2.530054221552598e-06,1.4857794227618746,2.1090948754964473e-06,-1.3883927827849887,1.8013769591405427e-07,-0.0008617996400663775
62496.921922203794,5.936613964391651e-06,0.6228313072759799,5.530997488975622e-06,-0.6198536541368872,5.292173796056058e-07,-1.961026357781238
62497.04704707426,5.89208052216847e-06,0.8306352135825464,6.51752477224181e-06,-0.9795451682524084,5.52883116617877e-07,-2.8272872764935832
62497.17217194472,4.232231707785164e-06,1.9717876716787266,4.40022411142637e-06,-2.1197434875382974,3.861520383939711e-07,2.2294638623425924
62497.29729756126,7.797441178991182e-06,1.3856955393829196,9.924171629036295e-06,-1.4100220258644967,4.763456166360284e-07,-2.7706890091147387
62497.42242243172,5.913775571321295e-06,1.2116769046765876,7.10677035325013e-06,-1.344150788546786,1.2894337289826972e-07,-1.387662066356095
62497.54754730219,3.7155904646751447e-06,1.184270189542003,4.309278252389808e-06,-0.8210366203489672,6.20420146055455e-07,-1.9741624258976105
62497.67267291872,4.7974845759057195e-06,0.08763589448356318,4.636636547698807e-06,-0.1850490085036965,4.512719699191964e-07,-0.3486775775030015
62497.797797789186,5.523705012485705e-06,0.30618111757371524,5.958187657446141e-06,-0.23424711213602342,5.478742288532912e-07,-0.14667799681417454
62497.92292265965,7.997608882679454e-06,1.1935138261962013,7.486824653128662e-06,-1.2310230619269293,2.0857342337844116e-07,0.18060060918791446
62498.04804827619,6.105665178531099e-06,1.3345036628353606,6.52722217586332e-06,-1.0980348652824812,5.081093768363959e-07,-0.11274627870388242
62498.17317314666,5.179667941360376e-06,1.0725953344396046,4.8904161519463175e-06,-1.469360318180053,1.6506595341337738e-07,-0.9161720370466672
62498.29829801712,1.427583868543841e-06,1.7052275292153016,1.4971977445193524e-06,-2.130993066943135,3.626374913842451e-07,-0.6181315074989769
62498.423423633656,2.4056523795979848e-06,0.7433780640004853,2.590118229819589e-06,-1.1017792330504,3.233193632539931e-07,-2.992296921136185
62498.54854850412,4.51434441384928e-06,0.687097733693465,5.556012091257709e-06,-0.658124277368652,1.3892823094556e-07,-1.4101257260877873
62498.673673374586,4.87331104245026e-06,1.5022940097180537,4.700883097369439e-06,-1.2918016805033758,1.2424686263388295e-07,-0.11760704878838313
62498.79879899112,8.5855670515791e-06,1.176622962709759,8.64161867001061e-06,-0.9920444007344866,4.25603889828871e-07,-0.7984204792788563
62498.923923861585,8.776068570091086e-06,0.44210446528151376,1.001741514559266e-05,-0.5198153790111371,4.0211717788489006e-07,-2.037557058023921
62499.04904873205,2.584745603320618e-06,0.5288824347093054,4.250010336562508e-06,-0.7135960000597984,2.5631492607042785e-07,-0.6352679962869975
62499.17417434858,3.44410249740349e-06,-0.2760381402095796,4.424021392784817e-06,0.4324737832476448,5.647508846201577e-07,-2.0822563120975737
62499.29929921905,8.23654597486724e-06,1.0431450221581913,9.805978404622337e-06,-1.145629166294089,3.2060345300409385e-07,-1.5129831687944637
62499.42442408951,2.7132948515861845e-06,1.5395103237084105,3.4349760967413222e-06,-1.5786354681463053,4.188574819477598e-07,-2.297483006069519
62499.54954970605,6.3401985941274984e-06,0.11923493689279328,6.537910861078758e-06,-0.06939823989975227,3.6898370078077246e-07,2.345533285841026
62499.67467457651,5.809992550593625e-06,0.6637732316194787,6.67300531431385e-06,-0.7823515757427666,2.7530224169864126e-07,-0.4647711387868334
62499.79979944698,3.7966075272509023e-06,0.5140947298751788,3.886696127607285e-06,-0.4622645694356841,5.290730316989227e-07,2.5942126247987805
62499.92492506351,2.294476771137061e-06,-0.8105876726322764,3.596893445103364e-06,0.7423406299900563,3.2107689560108383e-07,0.6929671446937238
62500.050049933976,3.2390990817910877e-06,0.8137102183747246,4.625466708824244e-06,-0.7565801001331947,2.2624444023261926e-07,-1.9615351815604616
62500.17517480444,5.1019766483459634e-06,0.4047070373591451,4.93819702823006e-06,-0.38152936646712154,4.935707912240295e-07,-2.198573614113063
62500.300300420975,6.090879784917883e-06,0.19563110066467448,7.092293779235245e-06,-0.15483369814645193,6.103046430575893e-07,1.9887705793833144
62500.42542529144,4.463205720766176e-06,1.1316452412753426,5.556183899350713e-06,-1.0766322685332854,1.5828721173758344e-07,0.8095098196438497
62500.550550907974,1.914468823790343e-06,1.6263201734941402,2.7364545618064217e-06,-1.4060876993343754,2.657520543521474e-07,-0.5511952094384279
62500.67567577844,6.641465792505364e-06,1.1392395150928054,7.98396655073963e-06,-1.0169210740265178,4.454305202973773e-07,-0.3522760513703882
62500.8008006489,6.598422419232238e-06,1.1009336146317865,8.45145946132153e-06,-1.1571267844932618,1.6920908651822856e-07,-0.4652341616291748
62500.92592626544,5.972259414034015e-06,1.9290426330791208,5.717388923269304e-06,-2.215695827384751,2.3740795280673826e-07,-1.475187137170529
62501.0510511359,1.8330428566624485e-06,0.07414013516086582,2.1196349277732006e-06,-1.009526241294464,3.385561973604788e-07,-1.516384666258507
62501.17617600637,7.866805948978314e-06,0.8678646707547313,9.960923033054784e-06,-0.9890790017010512,4.074641141083664e-07,-1.1654441793856845
62501.3013016229,5.350962075358008e-06,0.7404422035529366,6.7336079265783485e-06,-0.945480744461158,3.2520072721883077e-07,-0.41270532296153034
62501.426426493366,5.542929607466925e-06,2.0271212028166996,6.9620932398843815e-06,-1.9458856368142967,1.810897056956931e-07,1.6283071092766899
62501.55155136383,1.1273113896046984e-05,0.7627403964821768,1.213401480018987e-05,-0.8914661426771552,4.835174149943583e-07,-0.5083986389786808
62501.676676980365,4.448368501164537e-06,1.223208963919743,3.471293872963515e-06,-1.1396597623577305,7.464500032328839e-08,1.2192279142958455
62501.80180185083,5.550302045335289e-06,1.1240101162642737,6.607600177637083e-06,-1.0865927769484538,2.4985012346946483e-07,2.396538983209419
62501.926926721295,5.614155553890078e-06,0.7900144502321513,6.9426433076953496e-06,-0.8830364741728907,1.1201447266665697e-07,0.774675790756306
62502.05205233783,7.416753786896251e-06,1.0832168455254154,8.89926363532497e-06,-1.0743809253001855,9.640829182371738e-08,-1.3458374875895667
62502.177177208294,6.727219861010147e-06,0.9886115434257886,8.029298629788435e-06,-0.9426071616864076,3.815773768612499e-07,1.7299098830610544
62502.30230207876,7.320509745949591e-06,0.6385844540493726,8.819008000909444e-06,-0.6937672315675267,5.650700490109464e-07,-2.7411382522294123
62502.42742769529,8.909750522453785e-06,1.7220595541208985,1.0376243390442285e-05,-1.696042353458218,4.6871174611407173e-07,0.6733115654917607
62502.55255256576,1.3756582622888926e-05,1.8493779877807957,1.6250695235159483e-05,-1.8169714407214672,6.545256550017915e-07,3.060799777885325
62502.67767743622,7.843021883820412e-06,1.0738354172457212,8.617611994129242e-06,-1.2076326335861325,2.19452403958008e-07,-0.37927856173283225
62502.80280305276,5.288097803159118e-06,0.5945178060933248,6.398448470878843e-06,-0.6690146368602703,3.8897408727901315e-07,1.0124927972407622
62502.92792792322,5.733717838024196e-06,1.1631947100294602,9.141425423554389e-06,-1.2609450808083038,3.663627794534315e-07,1.8969176092424802
62503.053052793686,7.668087773159753e-06,1.787194387976106,6.974352782665177e-06,-1.7384137174383965,2.675589124903137e-07,-0.07091363965776852
62503.17817841022,7.319447244489749e-06,0.4044123251991907,8.063402811676273e-06,-0.46927943341001765,1.1930465807774905e-07,-0.3827971975441027
62503.303303280685,6.24443593484399e-06,1.401370293793456,6.822754131366485e-06,-1.6024634227641739,3.9935458064969246e-07,-1.5915837530829673
62503.42842815115,6.434461856629227e-06,0.6219729437705778,6.039157300552285e-06,-0.7381425846880549,4.91758664428697e-07,-1.2056450230420248
62503.55355376769,6.109396978387114e-06,0.6217834266950386,5.233709098964715e-06,-0.7858632467036869,3.0559762214496094e-07,0.6696941393885627
62503.678678638156,7.569153323116061e-06,0.7534400732570726,8.318401493692556e-06,-0.8814492363888013,2.9380164765772933e-07,-0.6769956352018177
62503.80380350862,3.2109694928471673e-06,1.1758701401258527,5.001513521195058e-06,-0.9335848451887211,5.107395234129109e-07,-2.0739410328032224
62503.928929125155,6.0541417620586145e-06,1.5234697844422098,7.860126831755611e-06,-1.45003228064697,3.217791750678493e-07,0.6394973707979839
62504.05405399562,7.030831265808203e-06,0.7338079148811658,7.03119205930062e-06,-0.78755255189515,3.788705996980424e-07,1.722280767632212
62504.179178866085,3.9548436060462165e-06,0.814487557071196,4.855052700491752e-06,-1.0603067742191767,3.26652603450693e-07,-2.642094944974324
62504.30430448262,6.7264791911075e-06,0.1160904971757343,7.759837783925958e-06,-0.17235190952922938,1.2724540500879687e-07,-1.0367347069136594
62504.429429353084,9.433921990477411e-06,0.7224002337849237,1.2620842350179286e-05,-0.844724792250858,3.0228965106617037e-07,2.140986843252763
62504.55455422355,6.732108197777243e-06,0.8055430342770487,8.143188262846682e-06,-0.8153228832175451,3.534357631156367e-07,1.7008628217448711
62504.67967984008,3.5598023540472382e-06,0.44428434712677034,4.535636264944761e-06,-0.670251424954074,8.856236668411818e-08,-0.05310594035250647
62504.80480471055,8.13323037626994e-06,0.8457195335824031,7.532496691497908e-06,-0.8951342175641034,2.733315680610931e-07,1.3670295578748801
62504.92992958101,6.578636997733815e-06,1.2339892106719297,7.992814085668418e-06,-1.0888314605927827,4.857826891828646e-07,0.69354696799776
62505.05505519755,7.628094790221944e-06,0.716614019944888,7.958932660022813e-06,-0.69547720529336,5.168845962669526e-07,-0.7822885170347091
62505.18018006801,4.2004185433656096e-06,1.087376200568705,4.58884997290672e-06,-1.1473578052713103,1.8616028283131446e-07,-0.6998103192304519
62505.305304938476,3.4952840501974885e-06,0.8966660140260703,4.216855370395557e-06,-0.9650072267021594,3.225511012649209e-07,1.4977134691235234
62505.43043055501,4.947870364562622e-06,0.9214055620461382,6.1701083566112e-06,-1.0244977632142405,7.398701102413816e-07,2.1748433172688046
62505.555555425475,7.852986402620468e-06,0.77064058321053,9.14374956658617e-06,-0.7854407059677141,3.698823723658773e-07,-2.526192164023727
62505.68068104201,4.756988968938485e-06,1.5682336417751304,4.654525732410257e-06,-1.504874692936419,1.7654934101164352e-07,1.2372899336870764
62505.805805912474,1.3897275662859104e-05,0.8532551427664296,1.3454003149941091e-05,-0.929850050635208,5.978319609602127e-07,-1.1291960040957947
62505.93093078294,6.396582415817092e-06,1.1958297807039615,7.051606524112258e-06,-1.2426879927550112,1.4882622640982335e-07,-0.9130343413763151
62506.05605639947,6.167128165781347e-06,0.8631451511667918,7.092395850103964e-06,-0.9425119154487266,1.8365386680615442e-07,0.8906959753938812
62506.18118126994,6.731631919095185e-06,0.7519588191991314,8.176177303120435e-06,-0.913944709918576,1.8005310384188622e-07,2.5175090881793483
62506.3063061404,6.467292937094834e-06,0.6631521074287683,7.612178273372908e-06,-0.932561985185549,5.888066587058513e-07,0.17912351813696858
62506.43143175694,8.81730684741716e-06,0.7176386475551085,1.0995302669332464e-05,-0.6326849795242835,4.232637625264629e-07,-1.4916113502920467
62506.5565566274,9.571342079237531e-06,0.8566193102156155,1.0954476231517124e-05,-1.0263903031369823,6.773412318792663e-07,-2.6737526224064196
62506.68168149787,6.243201092897671e-06,0.9272677042270726,5.651904951712211e-06,-1.141333840513057,1.7706715651626398e-07,0.9911491871236935
62506.8068071144,5.2618495370094594e-06,0.6904164229098854,5.878215117408208e-06,-0.7878682369868082,3.6105444792636304e-07,-0.7813700357610776
62506.931931984866,7.575098923018165e-06,1.3209000256951382,8.601612579164653e-06,-1.315460219010187,5.972829747262178e-07,0.9110297262465619
62507.05705685533,1.2462323623308983e-05,0.9984371059659742,1.3591566706749457e-05,-1.0299029369577768,2.7740931985954475e-07,-0.5037378195613851
62507.182182471865,7.092599347014641e-06,0.6605946410121886,8.090844805902233e-06,-0.7899089435805932,4.5201325046791087e-07,-0.484648628072253
62507.30730734233,1.0036947306355107e-05,0.3232557216501193,1.0562503947827768e-05,-0.4303051509192139,2.134600000617979e-07,0.29061825557983056
62507.432432212794,9.94618480208555e-06,1.0422650367204385,1.2336910550723397e-05,-1.022510981504946,3.5946332602704784e-07,-2.467675561527787
62507.55755782933,5.990130105973274e-06,0.6018345915856799,6.697254601375658e-06,-0.8061323064836894,5.081786410320295e-07,2.431034245525223
62507.68268269979,8.215864427612825e-06,1.5010690668756588,9.969512797343953e-06,-1.4646698549765076,6.465664615444717e-07,-1.497635909330634
62507.80780757026,8.143161622049098e-06,0.7460625294823328,8.786490545778304e-06,-0.653421751600249,2.446006402587628e-07,-2.1077146909609605
62507.93293318679,8.376798803349319e-06,0.38272374331948983,9.220650254340937e-06,-0.3611537738667905,2.4790190305535224e-07,1.3688575835819878
62508.05805805726,1.179405715002718e-05,0.9826495484028098,1.3517008065319449e-05,-1.0009207322408666,1.8315050435165054e-07,-0.5225667010773656
62508.18318292772,1.0319299855066811e-05,1.1126008092658453,1.176791551572012e-05,-1.1602394578425153,2.9446183057478753e-07,1.050096027195616
62508.308308544256,6.187148824827437e-06,1.297685841989731,7.387787146507908e-06,-1.3840353837621633,1.3643052634810673e-07,1.089702595807788
62508.43343341472,1.0675511193952803e-05,0.7528488506819541,1.2027480805702295e-05,-0.8430650024498592,4.2378818462200455e-07,2.6845716659612946
62508.558558285185,8.514408431822382e-06,1.2136552851051905,1.0132409204880337e-05,-1.2132359011571476,2.3780905310255085e-07,-2.4971051164513227
62508.68368390172,6.530927236933422e-06,0.18608792542735705,7.4961461428312095e-06,-0.1786286058686146,2.7522422778867495e-07,-0.09128603836908218
62508.808808772184,1.0359527474816353e-05,0.765417368722083,1.3136406704200632e-05,-0.7742515443158221,1.6147472989531195e-07,-0.4860006469018914
62508.93393364265,1.582936011464594e-05,1.0412743024814413,1.5917607360245993e-05,-1.0488450322367584,3.593725176528288e-07,2.0123946183438717
62509.05905925918,1.0297179911788666e-05,0.6750950875587264,1.1526071099553455e-05,-0.5711217785152267,1.564898387630238e-07,1.4399042220434233
62509.18418412965,7.644165934789889e-06,1.0559132499304718,9.00131878885536e-06,-1.0345941693342542,4.431961584792324e-07,1.560209063073001
62509.30930900011,1.1326602010336732e-05,0.6158828583981028,1.3329042125881077e-05,-0.6952453812587339,1.5570731886872358e-07,1.1391480668617573
62509.43443461665,1.0483782539181488e-05,0.38922345971074945,1.1397322637010364e-05,-0.530965196664347,2.1905359049118982e-07,1.5032224508485557
62509.55955948711,9.495986801761512e-06,0.9629681514820803,1.1204689105702523e-05,-0.9092494787300783,4.2042824037992036e-07,0.3434835754964305
62509.68468435758,1.1524695086970212e-05,0.8646295083835736,1.308150940956186e-05,-0.8116096540694829,2.7976011382659706e-07,-1.1201897762072965
62509.80980997412,1.025828451966702e-05,0.5546263570213136,1.1645145694419046e-05,-0.6188253038136624,6.354446495211264e-07,0.5653323632636904
62509.93493484458,9.455470231756143e-06,0.8768856917305125,1.114165543370946e-05,-0.9154838489715775,1.8562970639088384e-07,-1.9757462372651255
62510.06005971505,1.099078852301157e-05,0.6308139673897397,1.1512025129117851e-05,-0.7575410723967849,3.334579218879371e-07,-1.6377591313760407
62510.18518533158,4.609862040460608e-06,1.5634708123157866,6.361579870147224e-06,-1.605834108890339,3.032632237445859e-07,1.6240620782781003
62510.31031020205,1.3186708005176302e-05,2.0360795684247646,1.385266561383735e-05,-2.013512149559401,5.107921492695484e-07,2.311809436235712
62510.43543507251,1.022089103034767e-05,0.8287887076758139,1.2614866204865603e-05,-0.8765325727088562,6.632683133715517e-07,-0.8293035688773515
62510.560560689046,9.617294480681898e-06,0.9277053316584472,1.1555630013245619e-05,-0.9610745846950518,2.0158285379848854e-07,1.5099258572202927
62510.68568555951,1.5216702852725168e-05,0.9370467634107001,1.71825910935571e-05,-0.9617776459507118,4.228553574760979e-07,1.8829339220410348
62510.810811176045,1.1992094209792196e-05,0.7039618029939584,1.4394479807679009e-05,-0.7707643207360451,1.165321619215814e-07,0.04311672796601371
62510.93593604651,1.0695529977709078e-05,1.4622589780300843,1.3016350794652861e-05,-1.489413417694266,3.577980362388486e-07,-0.5339888682626498
62511.061060916974,9.346132913691605e-06,0.7807448226450725,1.0456067216507677e-05,-0.6144452088603677,3.988585359310315e-07,-1.188707602212608
62511.18618653351,1.1759939698556307e-05,0.5263034584988088,1.2806462677091378e-05,-0.5746193193692478,4.280461912582997e-07,1.548172115346951
62511.31131140397,1.4021473598898507e-05,0.9383467256860698,1.7124345421420068e-05,-0.9948857373665657,1.7856562880605517e-07,-1.3898800391464614
62511.43643627444,1.0703002948100266e-05,1.150330145739472,1.2091707421258869e-05,-1.1135182832877297,6.453079899825338e-07,-1.388605990513039
62511.56156189097,1.270389313020768e-05,0.9851589056909126,1.4844566524126175e-05,-1.0316995207927517,3.27235829831518e-07,1.8534444655559428
62511.68668676144,1.2199322424337285e-05,0.7869876370583866,1.5830346607581154e-05,-0.8051107364231257,8.848093825137812e-08,0.3328232221024931
62511.8118116319,1.0831974923241756e-05,0.7123965030153061,1.163387978048468e-05,-0.6122544231393009,4.1501151996712534e-07,1.636071195424397
62511.936937248436,1.447905609952269e-05,0.7748235067617734,1.6241549023058745e-05,-0.7772015649397683,2.436371248739317e-07,0.2970328812613768
62512.0620621189,1.5085568092450715e-05,1.1986264820781998,1.803873455069407e-05,-1.1617120742185838,6.239179888845875e-07,-1.995368562784227
62512.187186989366,1.1665310018028075e-05,0.9423764438027846,1.2352127661436884e-05,-1.0587353433331934,3.78070649386658e-07,-1.5614395642397463
62512.3123126059,1.233958734118663e-05,0.9109163021070908,1.3672274377706201e-05,-0.9379275503742267,2.519741694884529e-07,0.669597012131648
62512.437437476365,1.659366348701458e-05,0.8236420237398481,1.915253436388059e-05,-0.8871227831081725,3.059045475082305e-07,-2.0859024633005236
62512.56256234683,9.354792159473712e-06,0.7383223673948619,9.272545481780134e-06,-0.7531039740089346,6.370467771725752e-07,-2.9850226834191336
62512.687687963364,1.3153708802918561e-05,0.8051895693425557,1.4576604346136697e-05,-0.8175596535290561,2.971274753186278e-07,1.2085562663279117
62512.81281283383,1.8950891504220327e-05,0.9961183821917237,2.021290978265551e-05,-0.9773155411592501,3.53900759566023e-07,2.212406692133897
62512.93793770429,1.4629806405343597e-05,0.7277723253722446,1.8411925097194263e-05,-0.8011011117474963,2.6632373912748743e-07,1.9462472933165165
62513.06306332083,1.2182783936271893e-05,0.7499102632012762,1.3808959539479669e-05,-0.7473750127124902,4.393285980380148e-07,0.7413032208159741
62513.18818819129,1.673005119313689e-05,0.8518723868397293,1.8767430433023546e-05,-0.9794926007599191,1.2566989511562842e-07,0.31139124744910707
62513.31331306176,1.4227293812770288e-05,1.0393988372745935,1.6650233111455508e-05,-1.0843587925647116,1.673027826324062e-07,1.3279532062675794
62513.43843867829,1.716315543407486e-05,0.8252441096711114,1.8702810712363908e-05,-0.8498548516707449,1.3506145279305558e-07,1.4639251076991637
62513.563563548756,1.614588324946093e-05,1.0797736800695368,1.7853853461429624e-05,-1.1259269491537576,3.3511592984653293e-07,-2.3774851978010196
62513.68868841922,1.5140005525598956e-05,0.7341481905334855,1.758828224791423e-05,-0.7486377256465154,4.0990592008721895e-07,-2.957946530995306
62513.813814035755,1.6878743583231284e-05,1.1692801708993747,1.8731096286027194e-05,-1.1269657838675347,1.5890025758383634e-07,-1.2865401965221126
62513.93893890622,1.3949991056534371e-05,0.8655588126962842,1.5202670540086102e-05,-0.959533344619139,2.8650260396899383e-07,-1.2341311065525995
62514.064063776685,1.8714915071189247e-05,0.9002843660848798,2.0629700086095332e-05,-0.8838587750142414,1.0650634114621027e-07,-1.0073615552972375
62514.18918939322,1.7413292992487423e-05,0.8047816587717722,1.941578457252557e-05,-0.8225014673988028,3.607784695670828e-07,-1.5512915638087599
62514.31431426368,1.7553591708784183e-05,0.7897523789837344,1.8866296855809423e-05,-0.8317556564365357,3.7380324850759196e-07,-2.3163848369682882
62514.43943913415,2.2783371398700848e-05,0.6013869465445579,2.6789564254267e-05,-0.6466827513314876,1.9915793918433195e-07,-0.8164982287841678
62514.56456475068,2.1575041636240235e-05,0.740114284360163,2.502350627173567e-05,-0.7754787639414448,2.767876609287974e-07,-2.4403810812377777
62514.68968962115,1.902569920714651e-05,0.6500811310794053,2.2217249866783874e-05,-0.7158445638675182,6.027841421025933e-07,-1.630612650709714
62514.81481449161,1.7678543448410905e-05,0.7813214737742,1.9813070642577415e-05,-0.7881709388596944,2.1904651224253917e-07,-0.026675606742160442
62514.93994010815,2.1208550406809076e-05,0.7810886141585289,2.2558428592920153e-05,-0.7780098376995324,3.177587604486228e-07,0.14018125464982087
62515.06506497861,1.9898485147208097e-05,0.576653860728567,2.1701952879643433e-05,-0.6034149336552538,2.613494836249982e-07,0.5568801938817896
62515.190189849076,2.417931290901333e-05,0.6087901596533402,2.7274837004618664e-05,-0.6312460404299456,9.640574846325462e-08,-1.4064262071659115
62515.31531546562,2.3110426666123033e-05,0.8233553334664552,2.5536634045215498e-05,-0.8351964973243923,7.039728766606705e-07,1.8418533482319215
62515.44044033608,2.2916897332012154e-05,0.7060781681574175,2.5855549512984085e-05,-0.7679347265671931,3.7475238849094106e-07,-1.5927407065332715
62515.56556520655,2.2077280804515625e-05,0.7172872495041038,2.5866298762164896e-05,-0.8120780236337739,3.1150272503057677e-07,-1.2919274521911983
62515.69069082308,2.1327741532650026e-05,0.7614769950731693,2.537257143376285e-05,-0.8312196083498581,1.9275943150233322e-07,2.442678590875097
62515.815815693546,2.734634694373924e-05,0.6292248351052452,2.9977856969865524e-05,-0.672677284498878,2.250391885226853e-07,1.1778545396509195
62515.94094131008,2.4109781068513533e-05,0.7508442445522675,2.8513122105569152e-05,-0.7696431737997255,4.365047962677044e-07,-0.7513222533556015
62516.066066180545,2.53940803985954e-05,0.6073016894655596,2.9530294228332284e-05,-0.6831568290511065,5.832672725701356e-07,2.6159479530527254
62516.19119105101,2.1507010763072477e-05,0.8010831794274578,2.5838082526793883e-05,-0.8463486966209759,4.2953474270011043e-07,1.0464241318241747
62516.316316667544,2.4505934308241024e-05,0.660376679943854,2.7972393955378867e-05,-0.7160671733130659,4.124841008315175e-07,-2.5694151987654643
62516.44144153801,2.91503236091927e-05,0.6946229955556439,3.2965212655878306e-05,-0.7358205090514237,5.587323791476653e-07,1.8939787347085266
62516.56656640847,2.7193333714050644e-05,0.6341389096332152,3.0692665450693915e-05,-0.6695029235154586,4.67075368531555e-07,-2.238495076334241
62516.69169202501,3.1005295647479465e-05,0.5018469567133536,3.4514469176858506e-05,-0.5388111335284715,5.010393393462396e-07,-0.624782243621622
62516.81681689547,2.9351853518611207e-05,0.547609163371948,3.1209389309640486e-05,-0.5834981048860548,3.279870144438273e-07,0.9216760446130463
62516.94194176594,3.61525334174363e-05,0.5192653312153999,4.066728680015385e-05,-0.5650025626241982,4.0034502696886293e-07,2.289430934268232
62517.06706738247,3.553873039067484e-05,0.5570265510647239,4.2104109820133946e-05,-0.5730773799708814,6.668322319679277e-07,2.331758626223407
62517.19219225294,3.673349259990449e-05,0.4956218521630031,4.2669434850424286e-05,-0.5471212378725419,3.1749111679274617e-07,1.480182447728082
62517.3173171234,4.124505831064646e-05,0.5327840632751627,4.7112300610231205e-05,-0.5876674570530827,1.4284142062163742e-07,-1.1417002216388257
62517.442442739935,3.75787399263728e-05,0.45308770379377233,4.323271899690566e-05,-0.5051504662290215,5.806339081649181e-07,-1.6968604332167778
62517.5675676104,4.4433766531850146e-05,0.4580288171092202,4.9801959554827183e-05,-0.474229466446505,9.97889640727342e-08,-0.6475782578276562
62517.692692480865,4.600568434375588e-05,0.3743536472590746,5.2005981828601894e-05,-0.42837080278073636,2.614912389800051e-07,-1.5699694801740052
62517.8178180974,4.615162945883451e-05,0.4152635716250804,5.315000521317783e-05,-0.4338684347013716,2.5013186868723084e-07,2.6219755689608246
62517.942942967864,4.8540321717887485e-05,0.4458846213709163,5.4666200581079186e-05,-0.4921662500561007,6.777597128440709e-07,-2.5592101811181154
62518.06806783833,4.9315964630977585e-05,0.33733765399712684,5.653250499933272e-05,-0.36279200180387644,5.929485505717786e-07,-2.927594098456805
62518.19319345486,4.844941206096873e-05,0.3010917543235506,5.487222037328016e-05,-0.3386080386494491,5.963261202409013e-07,-2.4683468894758347
62518.31831832533,5.83882549774863e-05,0.21305746803985567,6.536472577758765e-05,-0.24249029163786553,3.2608222421969127e-07,-2.8261270911469922
62518.44344319579,5.472237948285495e-05,0.2533802852095953,6.272122102937736e-05,-0.3000076261892143,4.1283631321264704e-07,0.41773166987127236
62518.56856881233,6.035296072497254e-05,0.186909485888518,6.725115711847704e-05,-0.197200664613226,1.6498321984511179e-07,-0.7365973591043519
62518.69369368279,5.807434906804746e-05,0.15137366631039442,6.64852567683119e-05,-0.18347832237839268,5.337926564904088e-07,-2.543354434072344
62518.818818553256,5.9007288989618246e-05,0.07826004064493469,6.60309513275253e-05,-0.11362990176188813,2.93814649298304e-07,2.3249891946844987
62518.94394416979,6.375774131427484e-05,0.009466410765959847,7.216654371867193e-05,-0.0453567490166919,3.269491085139306e-07,2.4933664034849725
62519.069069040255,6.406914442332355e-05,0.040697197955155716,7.280510574870978e-05,-0.0819119375358039,2.52872090941097e-07,-2.51745034914194
62519.19419391072,6.643796386996885e-05,-0.0701983057513786,7.587673522364189e-05,0.0371610906626753,1.596249411563287e-07,-1.2438472185243261
62519.319319527254,7.068358616098073e-05,-0.14321964483955546,8.000574916137558e-05,0.10468474231865353,3.1495665644901603e-07,-2.6963241450255513
62519.44444439772,7.12716663314249e-05,-0.11801624375789102,8.010814090856139e-05,0.07277633780902282,3.461930245949103e-07,1.3181226563615722
62519.569569268184,7.109610405921064e-05,-0.3003297246538998,8.137613197117681e-05,0.24427368346786674,2.8063451052433467e-07,-0.24795688223321513
62519.69469488472,7.305434357118693e-05,-0.30877969235059277,8.20666727878002e-05,0.27305122658668907,2.3892588980983883e-07,2.170513958155378
62519.81981975518,7.390291174534105e-05,-0.47316391265802227,8.597204771327368e-05,0.42441797712699325,3.981251454652639e-07,1.5966615953177499
62519.94494462565,8.278359219433591e-05,-0.4533509266212742,9.396143304591418e-05,0.43493017334469786,2.401136366435814e-07,-2.331792103160799
62520.07007024218,7.623117648837316e-05,-0.621739901970886,8.841909286371748e-05,0.5810053858922767,1.2405689164436262e-07,0.8839356088392324
62520.19519511265,6.706908782168354e-05,-0.695849078256695,7.631772247491024e-05,0.6643282124526275,4.05106835012845e-07,-2.2767569058329844
62520.32031998311,6.629096308068462e-05,-0.982785273834395,7.627874248198954e-05,0.9554491984811981,4.685944216903197e-07,-2.269171564341377
62520.445445599646,5.5812649114267274e-05,-1.273330100392541,6.291042451189609e-05,1.2267127201618153,3.4507874441277934e-07,1.324418633493465
62520.57057047011,6.00027505864917e-05,-1.200690647509434,6.855711899122788e-05,1.151788032595583,1.6457382483859263e-07,-0.21008438529542717
62520.695695340575,4.7863546519990923e-05,-1.5278522108920258,5.310314562086487e-05,1.4833134351976363,4.304704597078026e-07,-2.703214408180892
62520.82082095711,4.382822674127822e-05,-1.3991926146576406,5.0598529208410234e-05,1.3622580857364441,3.2232062889371457e-07,2.429997507110428
62520.945945827574,4.639746484115449e-05,-1.5067442676597982,5.231853081950621e-05,1.468976810737174,1.3812979541542914e-07,-0.6432694065015163
62521.07107069804,4.366833386359303e-05,-1.5581720999830126,4.943341056882273e-05,1.5059129934584585,2.6487011958369254e-07,0.21810746897169533
62521.19619631457,3.5002953090579875e-05,-1.689545363378568,4.016466293009042e-05,1.6745692275479902,4.464206478593133e-07,-0.5906810020347661
62521.32132118504,3.482012606166547e-05,-1.6731425155770725,3.944835621966112e-05,1.632368318188357,2.7846578174066485e-07,-0.9145296843101481
62521.44644680158,3.889329966217032e-05,-1.6553581035347409,4.419731341451376e-05,1.6314587324693368,2.7719679724661057e-07,-0.5026542495281439
62521.571571672044,3.4770281126260645e-05,-1.5046622240129555,3.898909503245921e-05,1.470264326263306,3.4983920303002984e-07,2.356007063507794
62521.69669654251,3.176967457826833e-05,-1.739612510901372,3.54263174614491e-05,1.6719459802727905,5.615890384365823e-07,-2.0544037743149577
62521.82182215904,3.074099923707894e-05,-1.6621719694719783,3.5624099487426994e-05,1.6291921576268724,1.7861369894942105e-07,1.8047730392557761
62521.94694702951,2.8807226087744426e-05,-1.5566138946493027,3.114304637471716e-05,1.5200903304142495,5.056999045379752e-07,-2.069598749181815
62522.07207189997,3.04228067677657e-05,-1.6564059531931434,3.408589697873596e-05,1.6031035406633594,3.444032854540744e-07,-1.1109439590349548
62522.19719751651,3.4603911164063444e-05,-1.6382162974410122,3.844345384425278e-05,1.5837797254569588,1.3988951064039615e-07,-0.04192325687914682
62522.32232238697,2.941053738685939e-05,-1.8014170315639997,3.294277367042965e-05,1.800045514139986,5.357629978151438e-07,-1.7883857781614472
62522.44744725744,2.6746243402377807e-05,-1.6771183959562999,2.925026015459414e-05,1.624417478227281,5.595204017322092e-07,-2.91593353198854
62522.57257287397,2.8746397565381965e-05,-1.6697597064148404,3.3628425764571694e-05,1.6240389424064536,3.7121541387957267e-07,-1.4163096103558526
62522.697697744436,2.2783354397525966e-05,-1.8904340900116225,2.5318910148653357e-05,1.8513475771580632,1.920432502737727e-07,-1.8548729746737378
62522.8228226149,2.107919090088756e-05,-1.8172873721917127,2.4511752291878307e-05,1.8382834133764563,4.679789956583531e-07,-0.29523003108361334
62522.947948231435,1.980154274205518e-05,-1.696994412745316,2.2872707209762323e-05,1.6333688485603937,1.4892440550723936e-07,-1.5486615061451412
62523.0730731019,2.5225056979026427e-05,-1.7811104167494267,2.8051788078242028e-05,1.7162050647340195,3.92650336863739e-07,-1.9120477423351971
62523.198197972364,2.37843672683914e-05,-1.9161635023225176,2.7707625182268894e-05,1.8608090795367265,4.247663814175188e-07,-2.002073120235497
62523.3233235889,2.130733545760151e-05,-1.5869316785437773,2.4551706395168436e-05,1.5559775884905054,4.341404956709468e-07,-2.0832748897839397
62523.44844845936,1.937997638157911e-05,-2.1004474485472264,2.0980755822571775e-05,2.021548582841036,2.3738125272031847e-07,-1.6075942595294994
62523.57357332983,1.8269208169724718e-05,-1.9160446634829258,2.022124680144024e-05,1.921126095914474,2.6501255051432465e-07,-1.950786633073519
62523.69869894636,1.8119003559548832e-05,-1.9012856086524057,2.0140269072349322e-05,1.8293962447178111,8.275848521184097e-08,0.3276193511564157
62523.82382381683,2.0876862549661773e-05,-1.9181516254307245,2.2852184838371667e-05,1.8488885510133617,4.9276898367001e-07,-1.663034825240239
62523.94894868729,2.3505284078391916e-05,-1.7719652464762115,2.6302089238322894e-05,1.763298319220958,3.983473463642968e-07,2.7632319376649734
62524.074074303826,1.935736664849459e-05,-1.8214761881653998,2.2605563690016198e-05,1.8093534677834586,1.7448867615816872e-07,-1.2605333027633208
62524.19919917429,1.9876790587705166e-05,-1.8918898273046427,2.2517239479076985e-05,1.8748780048862523,4.542607768472251e-07,2.444296188938501
62524.324324044755,1.941087996577888e-05,-1.9817712556723883,2.1919094605211216e-05,1.9356900491861817,1.665312525094866e-07,-0.8923900851715576
62524.44944966129,1.663859873249597e-05,-1.697305832420416,1.9798364721693143e-05,1.6552971619089925,9.035482906118044e-07,2.747634433159227
62524.574574531754,2.5495403289711622e-05,-1.6897970102917714,2.8734409283226203e-05,1.648114862290562,1.4158571394924222e-07,0.8175748407199905
62524.69969940222,1.757972265238962e-05,-1.670623173044725,1.9019594626967062e-05,1.6123917786090565,5.518416783155786e-07,2.1545153501175127
62524.82482501875,1.790868507025732e-05,-1.7676759856982027,2.114850973475731e-05,1.7193817063977654,3.936181092609275e-07,-2.1758530493345725
62524.94994988922,1.494616148211525e-05,-1.671961491635069,1.870090144203625e-05,1.596494825246541,2.772756211310882e-07,0.5300485619828187
62525.07507475968,1.5128301694276159e-05,-1.764167784479093,1.7219910063221206e-05,1.67274219210176,4.738069647199114e-07,1.3374295124530025
62525.20020037622,1.4890363266350374e-05,-1.8103418480289672,1.7511285519843234e-05,1.6577959113665826,3.5994354009517104e-07,-0.9586133048092459
62525.32532524668,2.0508799156922482e-05,-2.0152856782232984,2.293135032337616e-05,2.0147939866657993,1.575838458942551e-07,-0.19065662088793026
62525.45045011715,1.2757890508395207e-05,-2.2272957277611263,1.4580867300159892e-05,2.1500076856888013,3.2856410843545334e-07,-0.5547684241538154
62525.57557573368,1.6656531402353264e-05,-1.8804642881129385,1.886280745422364e-05,1.7955039796013272,3.055616720427852e-07,2.332810687388295
62525.700700604146,1.4371894348208457e-05,-1.8246070884464054,1.686876807058452e-05,1.8360054027530597,1.9585414934284697e-07,-1.19508808526694
62525.82582547461,1.782831198357682e-05,-2.0872687431321815,1.9276034922037186e-05,1.9896125322588576,3.9196517009543625e-07,-2.747249099956707
62525.950951091145,2.048585342910534e-05,-1.671926117856738,2.3416431440071963e-05,1.6725326976391293,4.131383646060629e-07,0.41642901155123124
62526.07607596161,1.610523454169042e-05,-1.7930885490295383,1.8707576039036013e-05,1.7501830543880508,5.222125453967155e-07,-1.4298921176270243
62526.201200832074,1.261658977960937e-05,-1.8588671700239192,1.3905748513440957e-05,1.7319532008701657,3.462630711318083e-07,-1.999975872423793
62526.32632644861,1.8921427842012348e-05,-1.9933280572756247,2.05693431446171e-05,1.9651106837544008,4.392184031495636e-07,-2.262202646903607
62526.45145131907,1.5128874394729324e-05,-2.2739158774930375,1.8744202446720597e-05,2.238210258854026,7.384516264690013e-07,-2.2833072292909846
62526.57657693561,1.972280458896493e-05,-1.7800675473099605,2.0679221297411595e-05,1.7859414887710234,6.413391593541064e-07,-3.0417489432640856
62526.70170180607,1.4621128661676224e-05,-1.6948483574648618,1.6278534946758422e-05,1.7560679021504362,4.340933328689859e-07,1.5098141348999405
62526.82682667654,1.4606434754813087e-05,-1.7072779841588976,1.6872048892873532e-05,1.6920906583301463,5.65924900010359e-07,-2.2356070735629787
62526.95195229308,1.4503095838218099e-05,-1.6474784950296943,1.7551997379529123e-05,1.6695018781511564,1.8344522135191357e-07,-0.14283259999798126
62527.07707716354,1.6410478315798438e-05,-2.059045893690256,1.8081927666179464e-05,1.9950515321118714,1.8259190924174785e-07,-1.874182414002195
62527.20220203401,9.255470256570567e-06,-1.9779609441763297,1.1113895543092303e-05,1.9573641859501856,4.5852229016945725e-07,-0.05944354121544317
62527.32732765054,9.30425115304265e-06,-2.104290938623488,1.0664800875641085e-05,2.1743784745456627,2.1795443820231053e-07,-1.264119639957326
62527.45245252101,1.4565459094893744e-05,-1.9954071597381153,1.6181106124137313e-05,2.04645507621063,5.386185547193105e-07,-2.015896381355145
62527.57757739147,1.350330147289916e-05,-2.129819316158186,1.617376896183923e-05,2.0552632107380813,2.876219762114735e-07,0.3655643141056848
62527.702703008006,8.419051078770804e-06,-1.8476900093362587,1.0147376824920134e-05,1.8487239543568492,4.2174036117751566e-07,-2.644932846243737
62527.82782787847,1.1843820464723808e-05,-2.377842042727157,1.3540273453004697e-05,2.3846960672695072,4.248498632674992e-07,1.2200150816757551
62527.952952748936,1.2300073538273079e-05,-1.9866397192187395,1.5250327070016701e-05,2.0721848359263335,5.29916726942561e-07,0.41787304545533044
62528.07807836547,1.1608116477667472e-05,-1.4893668242105174,1.311898310128686e-05,1.4983757976412158,2.847679318470718e-07,2.282197237810822
62528.203203235935,1.3371988318901483e-05,-2.025510759593825,1.584528989978693e-05,1.9439948949827237,3.240482776687105e-07,-0.8126620383329085
62528.3283281064,1.1951274043742485e-05,-1.9106498548211077,1.581856179134369e-05,1.855281555117671,2.738982588380697e-07,-2.2921751941858113
62528.453453722934,1.0336159604833006e-05,-2.430119135752179,1.1214688968326112e-05,2.365272502471046,4.4548655824847977e-07,2.457987378735851
62528.5785785934,1.0452971731099016e-05,-1.8529735163176955,1.1228144239498583e-05,1.955471752776818,1.313173149891004e-07,-1.2611754341533397
62528.70370346386,1.0682427608193563e-05,-1.9872851643089533,1.2286362608357978e-05,1.930375348358148,4.721315736130515e-07,-2.265311637186268
62528.8288290804,7.765700872191912e-06,-1.7858758230960052,8.564278779662427e-06,1.9145249166126403,3.639249785176691e-07,0.3168332929001568
62528.95395395086,1.0553825893416675e-05,-1.854079731046857,1.1101531611340106e-05,1.8262468723583922,2.832919594328488e-07,-0.49341643990441003
62529.07907882133,1.1208828122979584e-05,-2.349601415659242,1.3199288186694814e-05,2.2984175815078047,3.4553163329906943e-07,0.7391071899900982
62529.20420443786,1.0274452774223296e-05,-1.8705919110235392,1.3115464608062574e-05,1.7839613485589354,1.7404841934511077e-07,-0.42089196955902136
62529.329329308326,1.187515725516982e-05,-1.9044139720844016,1.368821548552134e-05,1.8362022514423992,2.4671572549417975e-07,-1.6143529883113554
62529.45445417879,1.4418957166003885e-05,-1.8759049427782863,1.633727320170206e-05,1.8211169905563662,6.230616603599322e-07,0.5260763183550866
62529.579579795325,9.538521849779937e-06,-1.8709223568864468,1.1992938701975168e-05,1.9063933870678487,1.3953186159288276e-07,-0.10487138965972106
62529.70470466579,1.0218823849835162e-05,-1.7270131736919367,1.1729074090751025e-05,1.6190532699861855,4.4870835692044033e-07,0.7647206887848136
62529.829829536255,8.076411138701164e-06,-2.4508815118238427,8.514029230333301e-06,2.2717196038052325,3.4782147857035997e-07,-0.49747087104781096
62529.95495515279,9.21090618336115e-06,-2.3620458580302297,1.0631221553948345e-05,2.309866139999469,3.5451612961255476e-07,-0.06474047031768118
62530.080080023254,6.48911809919019e-06,-2.08364803334012,6.988097225164629e-06,2.092265719315713,3.1657010888869554e-07,2.8582699771991367
62530.20520489372,8.303417929787577e-06,-1.970488050843953,1.057846080916897e-05,1.7922012883192915,1.1369599315541448e-07,0.45669594526962887
62530.33033051025,6.456778096548434e-06,-2.3788228680269,6.527551786563493e-06,2.2332645338741215,2.2351308951945214e-07,1.6762139991011378
62530.45545538072,8.219159091283176e-06,-1.4849782124973607,8.631537450394108e-06,1.5252108662761652,2.1746878178724364e-07,-0.7336802075600399
62530.58058025118,9.614732487649084e-06,-2.222045324872289,1.1199160197003048e-05,2.066355747635876,5.935334430019793e-07,-1.5490478895093205
62530.70570586772,8.834169855389308e-06,-2.353440205448036,9.08789810870505e-06,2.22894361413857,1.5053594568691982e-07,-2.7619147744581314
62530.83083073818,9.868066045600878e-06,-2.401659186742211,9.758754346484332e-06,2.2508377095637693,2.9309499817104804e-07,0.7576137427725563
62530.955955608646,8.4309122368958e-06,-1.4014944129478346,8.22228582575747e-06,1.484921622485328,4.3048292527591627e-07,1.9021645135440672
62531.08108122518,1.003348268491206e-05,-1.9854638611517774,1.199629157821772e-05,1.9171695053800117,3.842639226522073e-07,2.729492484687539
62531.206206095645,7.718980494357084e-06,-2.169204447501637,9.092389117458565e-06,2.109186064993642,3.320620725412281e-07,-2.4874383711331993
62531.33133096611,2.9077951996111694e-06,-1.331785315042734,5.625327790850462e-06,1.1389227446593908,1.2633168630545935e-07,-0.6277294059156799
62531.456456582644,1.1524386755517647e-05,-1.8251712444835702,1.291836887201148e-05,1.765572596686427,5.647838892877075e-07,2.020683281718204
62531.58158145311,8.377705793740405e-06,-2.108059655230415,9.241901320630585e-06,2.020991794956698,3.0092611340413447e-07,-0.11142030163564731
62531.70670706964,1.2047094215184958e-05,-1.9798179200508506,1.4376825424487449e-05,1.9128275322690227,1.1797937548416283e-07,1.4089459408599612
62531.83183194011,1.0999272949535684e-05,-1.908354016210582,1.4054961302511602e-05,1.886684058927226,4.0046290437504123e-07,-2.039176298224743
62531.95695681057,1.0292531876244755e-05,-2.013708957459295,1.1480760385460695e-05,1.883501965106083,2.35082069924041e-07,-1.1239007901376787
62532.08208242711,1.2077425649801677e-05,-1.8303539327206135,1.4644676425996449e-05,1.7650069303492384,6.011322667335302e-07,-0.13147009180402874
62532.20720729757,8.506669350095895e-06,-2.0870099667345126,1.1129973823014952e-05,2.224436049999594,3.8816103764742313e-07,0.832180050784341
62532.33233216804,9.94462379404413e-06,-2.0605968799769236,1.0803721044577743e-05,1.9886187391380068,2.7067421671392756e-07,0.046230742658349123
62532.45745778457,8.399694174663798e-06,-1.451400546669294,9.210019170642692e-06,1.341380481890304,1.514433230408508e-07,0.8425238996973567
62532.582582655035,1.1002384559239127e-05,-1.9836898703069141,1.3289558784471943e-05,1.853813803591881,5.716155329404105e-07,-2.5836893477962772
62532.7077075255,7.411421428430105e-06,-2.46454863412443,8.494373602669899e-06,2.4211803179203666,8.975390125475365e-08,0.26864025403744246
62532.832833142034,9.356709745873396e-06,-1.6613241243271029,1.114215671610364e-05,1.757962457533515,5.460346265688254e-07,2.527044238771053
62532.9579580125,1.0561877400224938e-05,-2.105338213166518,1.1199891763414066e-05,2.1072231642408887,3.4792915855437135e-07,1.2310281731719372
62533.083082882964,6.673260497821317e-06,-1.545713202456244,8.632251918656135e-06,1.4860642569327376,6.272827319378477e-07,-1.0373073740767804
62533.208208499505,8.990194616695715e-06,-1.9082511505699642,1.091770932679397e-05,1.904644289152315,9.830849146018545e-08,-1.654736279406398
62533.33333336997,8.736326486549534e-06,-1.518466699379275,9.937231046181732e-06,1.4426074472517851,2.2090495395542994e-07,-1.4887703574923405
62533.458458240435,2.997685866148596e-06,-1.5381049893861714,5.090292529752358e-06,1.1479470391578674,5.858792823435227e-07,-0.27304217980839124
62533.58358385697,6.9260069420986745e-06,-1.867085667703423,7.249676826927339e-06,1.8301243721149363,5.396917799018076e-07,0.07312506747313759
62533.708708727434,6.335828255397673e-06,-1.93479266334612,6.273365918029144e-06,1.8883198659074043,3.8210235751259235e-07,0.3329245064173425
62533.8338335979,4.546962805125123e-06,-2.1413509351798727,4.653804586669522e-06,2.072287313508144,2.2832769545921538e-07,0.11018690188378882
62533.95895921443,5.02855724374011e-06,-1.3807103617803544,4.997701855114913e-06,1.460837956913744,5.694898999611807e-07,-1.8300801813207155
62534.0840840849,9.172744372044636e-06,-2.2331295218824225,1.2024063939786605e-05,2.130868032465453,3.099668754501038e-07,1.7686812228281186
62534.20920895536,1.1231828176880494e-05,-2.3111331640880692,1.2553461519111148e-05,2.331572101231762,4.876715784307734e-07,1.453991609698112
62534.3343345719,3.973560476184554e-06,-2.282796176110525,5.413438759336827e-06,2.053044894231131,3.5633488973794957e-07,-0.25869692862054955
62534.45945944236,9.125922766475224e-06,-2.416183378787426,1.1424116000900123e-05,2.355339757697257,2.348644860204673e-07,-1.1281051639584478
62534.584584312826,8.624319674379042e-06,-2.0791418545260623,9.641167462522109e-06,1.9707962306307776,2.914298931543654e-07,0.20910410720802716
62534.70970992936,6.290649435328484e-06,-1.7442052350158692,7.073640745836102e-06,1.8995493334293294,3.037143842289691e-07,-1.8005587564283057
62534.834834799825,3.912496430730638e-06,-1.5911686110605354,6.466107424220171e-06,1.522214856696326,2.2715767065168073e-07,0.3306067376781662
62534.95995967029,6.3852764663354586e-06,-2.2390729419292654,7.395197731331056e-06,2.201129725121676,1.53679764503769e-07,1.4578401609322909
62535.085085286824,4.597887609839888e-06,-2.075904588403872,5.934191764152344e-06,2.0371597348328554,5.636559540847374e-07,-2.319579906863034
62535.21021015729,1.0443235781387497e-05,-2.0400901489781957,9.931116246055883e-06,1.9873543780609157,1.6315214649060715e-07,-0.4297261488571042
62535.335335027754,5.860629750001035e-06,-2.0842627111145564,6.5168792251065e-06,1.8679754133911124,3.1483620298123575e-07,-1.748251525476163
62535.46046064429,8.510432265389139e-06,-1.9124446677251783,8.85645591361292e-06,1.9712408781932513,3.163264580190737e-07,-0.025438252748165364
62535.58558551475,6.222924169333448e-06,-1.9219038095972814,7.778206801629297e-06,1.9650935173800337,4.712366643804502e-07,-0.908630009979186
62535.71071038522,9.077897793619165e-06,-2.4127266975914905,1.0088284408599589e-05,2.3548134812393355,1.208821532471324e-07,-1.6038116727674467
62535.83583600175,6.792522641209494e-06,-2.200818574303881,8.244945554217675e-06,2.0491675542721257,3.9491947769242503e-07,-1.6495058324160823
62535.96096087222,5.682754065858999e-06,-2.0486129045575567,5.795280588618693e-06,2.017781887655508,3.008312891869468e-07,0.6107770162390423
62536.08608574268,1.1551862692059694e-05,-2.086340534915966,1.2631129238833397e-05,2.168745078901351,3.826867317697296e-07,2.688122609154081
62536.211211359216,1.2827050447325571e-05,-2.0040372820376797,1.390643074425759e-05,2.001052933358683,4.819071938135185e-07,-2.917529783376335
62536.33633622968,8.812651358996558e-06,-2.08044454256997,9.722788315370886e-06,2.0122159297736584,1.7354912070050932e-07,-1.4998322846775929
62536.461461100145,5.3335495403469095e-06,-1.7641839125820404,6.413195785256081e-06,1.7290069973442201,2.0741352090313388e-07,-2.195054861463207
62536.58658671668,5.356525048485506e-06,-1.5951191968467795,5.48044453756026e-06,1.8513848332708482,4.3132711553472147e-07,0.21610351110623402
62536.711711587144,1.0655062265979479e-05,-2.158858244046303,1.200622842511706e-05,2.2030677730753916,5.264648123346351e-07,-2.4704694627414443
62536.83683720368,4.069765783015941e-06,-2.032796244997214,4.840040633465252e-06,1.959064844448912,1.2221183034304083e-07,1.6593301577935398
62536.96196207414,5.846237328315873e-06,-2.216549475564096,6.6257816054875405e-06,2.022483035678648,1.4863794794858524e-07,-0.7825082881599746
62537.08708694461,3.3599015473535427e-06,-2.4340025909713305,3.5738135072677704e-06,2.1529226254632445,3.080505405333162e-07,-2.373099825908276
62537.21221256114,6.0802512684118925e-06,-2.06972260197452,6.783134761480922e-06,2.0771570461958713,1.2988255137961966e-07,0.5390677196450309
62537.33733743161,4.759539733076303e-06,-2.3474568399893387,5.445052112681255e-06,2.5561170817849788,4.5268573529730083e-07,2.0128251535152777
62537.46246230207,5.105720084145435e-06,-2.112593186509547,6.465581533927186e-06,1.9338649730833597,6.017989557438016e-07,-2.7534739301056304
62537.587587918606,6.882992574380877e-06,-1.9317762777297671,7.080572932804028e-06,1.9225558538735905,1.815315539186668e-07,-1.0081796269858208
62537.71271278907,5.02550306727778e-06,-1.5561920713291522,6.651296761530717e-06,1.6756336390531812,1.4428541295305753e-07,-0.5653019967145563
62537.837837659536,5.552126679825894e-06,-1.8798492599993215,4.692280870936564e-06,1.5853417800251093,1.0547071601418214e-07,-0.33460342202719845
62537.96296327607,8.617533641019436e-06,-2.0221615100405597,8.517235719980368e-06,2.098672438822829,5.168858931116038e-07,1.1398189040230595
62538.088088146535,7.609818924226335e-06,-2.2226843014497133,8.345773659717667e-06,2.242017437878805,1.9393269748290162e-07,-1.5276724211669648
62538.213213017,4.485429248241606e-06,-2.511321672148343,5.1492942072162075e-06,2.3899477740629624,4.2274742675308114e-07,-1.4795010477926713
62538.33833863353,7.919435440227703e-06,-2.472750477624909,9.56563474424209e-06,2.491087946607751,5.388677955933203e-07,2.9182369537793056
62538.463463504,5.903755222886217e-06,-1.7695527092004388,7.955459697490844e-06,1.7964267241030627,3.1518476347213157e-07,-1.2471054626937808
62538.58858837446,1.0158413010957093e-05,-1.8312220616390091,1.0354229842820672e-05,1.835678612280909,4.62795253944935e-07,-1.0695931858792773
62538.713713991005,7.3550343654430574e-06,-2.1637168156215933,8.340842481831266e-06,2.209298608100191,3.0573059338557846e-07,1.5710749784288045
62538.83883886147,7.160331734519049e-06,-1.8813765371117752,8.521776568187761e-06,1.9554826971472077,1.5101426827874327e-07,-1.601233400023042
62538.963963731934,4.308195585988936e-06,-2.257077666708596,5.312406947153127e-06,2.2567058719155733,3.6453175441114006e-07,-0.8195018981293055
62539.08908934847,3.297576391193178e-06,-2.5215033249659,3.331812666279521e-06,2.2414910515141027,2.8293415977657606e-07,-0.8344110137186803
62539.21421421893,7.311220986544741e-06,-1.8180717617159357,8.977030018820326e-06,1.7863426670686755,6.333735149165128e-07,1.5258931496837704
62539.3393390894,8.062287641596514e-06,-2.6461392735092115,9.259708883643833e-06,2.7344097068855127,5.120305024610031e-07,-0.5137526674075754
62539.46446470593,6.6962161395693185e-06,-2.117378297674913,8.110331881786559e-06,2.232978313375283,8.172854939195817e-08,-1.1695211855549272
62539.5895895764,4.547931573416469e-06,-1.5008808235776665,6.280025435816103e-06,1.5279852773111866,2.5179976078891145e-07,-1.9175211835921828
62539.71471444686,7.103693771253416e-06,-2.1105786593351157,7.878317427892892e-06,1.9060646427229972,3.390940990783105e-07,2.6000329878109274
62539.839840063396,8.922517719921342e-06,-2.1925579224384886,1.0400790077153963e-05,2.067551240297466,1.7066955555587123e-07,-0.6260616021069574
62539.96496493386,5.764380136306385e-06,-1.3754570448850032,7.391701518881243e-06,1.304444111676989,2.040473311497426e-07,1.4935231649413594
62540.090089804326,1.067032410165523e-05,-1.8469636615919782,1.2188003205473612e-05,1.9267243475269014,1.962234658838023e-07,0.4620501040281001
62540.21521542086,6.5702198170448584e-06,-2.1010782543862607,6.9879599887070675e-06,2.1911860409769637,4.98019473486958e-07,2.999186089247487
62540.340340291325,8.595432132720344e-06,-2.7946504357578292,8.695622366086697e-06,2.964954341654178,5.854333042259696e-07,-1.6063878223891381
62540.46546516179,6.4474678864916385e-06,-1.8750346596758183,7.439916519548671e-06,1.812544888950248,2.9529342081012583e-07,1.0688039480888851
62540.59059077832,6.224046291105022e-06,2.9361512248508,6.4574387314564595e-06,-1.8594637058754997,3.382205647976978e-07,-1.6900835464377273
62540.71571564879,9.016769913361587e-06,-2.2471523655283994,9.74888764373523e-06,2.242636923303118,6.674180402362251e-07,2.8137467600477977
62540.84084051925,2.580740038194809e-06,0.5602365971352253,2.2947391985172846e-06,-1.4336233287673097,1.336203047088565e-07,1.0662821851004654
62540.96596613579,5.9905073788099794e-06,-1.9798110932765778,6.142338856185743e-06,1.953215417857118,3.082884360276698e-07,0.7332876596612663
62541.09109100625,4.402231191961097e-06,-1.8375288563475731,5.197528020132528e-06,1.5814039720921809,3.9051746908258106e-07,-0.3022177027471904
62541.21621587672,1.0188070124745486e-05,-2.251888556401536,1.1707264849889863e-05,2.174759419774178,4.177277681194989e-07,2.2597270502848774
62541.34134149325,5.768003076522569e-06,-2.119693846553671,7.2450643212274105e-06,1.935900663446658,6.071320383756998e-07,2.585832388566192
62541.466466363716,2.8550922213936027e-06,-1.3982303820628872,2.9967506389657515e-06,1.2149087074192213,1.5856458085716132e-07,0.1303939573987376
62541.59159123418,7.92564544170442e-06,-2.1018879116299383,8.580249133694176e-06,1.9957669645087053,3.2214553997217733e-07,1.0062975416364972
62541.716716850715,1.2414163406726867e-05,-2.0084982993803533,1.5609286653585938e-05,1.8796043384124945,1.2179883914139687e-07,1.7020811151062616
62541.84184172118,1.502998434424424e-05,0.25739377415299663,1.8790140859970994e-05,-0.39404013795667064,1.4793922122756643e-07,1.2383629248133137
62541.966967337714,6.632271378675644e-06,-0.9393989998901705,8.104636066482412e-06,1.0012964871260719,5.57207097246764e-07,2.080486368509441
62542.09209220818,6.39964923419929e-06,-2.090814651864342,7.872838295557977e-06,1.926365052564957,4.974934692822851e-07,-0.49566087359497024
62542.21721707864,7.072534934184535e-06,-2.334846103534363,6.7262831975595544e-06,2.1115851368630802,3.0538447173293657e-07,-0.7001358612100912
62542.34234269518,8.07528506604387e-06,-1.8758912407809982,8.398130908961546e-06,1.8331247216714828,3.187673050549239e-07,2.157115745388859
62542.46746756564,8.122619545727032e-06,-2.3485607779824798,8.539652058855052e-06,2.295580865286613,1.0821147919455123e-07,-0.12704482264804795
62542.59259243611,4.468353065090166e-06,-2.4600853942440244,5.325319820885757e-06,2.4226097385015875,4.0587554377663547e-07,-2.3577886450145846
62542.71771805264,2.8862064589892e-06,-1.9675818727247332,2.543090331935191e-06,2.1413786532936747,2.7983888388550155e-07,1.7871543167438202
62542.842842923106,7.295190971584109e-06,-1.9633071114078187,7.755399479407974e-06,2.1002138969772663,1.992345538603285e-07,-1.9478588012414049
62542.96796779357,7.2804214450250006e-06,-2.0354142879114483,7.317593320420526e-06,1.9769061912181252,2.0743148580074033e-07,2.217189758694313
62543.093093410105,4.236320339909958e-06,-1.8990441348250253,4.815210262565377e-06,1.9290136188621236,2.7993586280693375e-07,-1.218683865833231
62543.21821828057,3.780148480089239e-06,-1.869889187920088,4.296907686261971e-06,1.6682680065032824,1.5026730042008023e-07,-1.8675123127253832
62543.343343151035,6.719019889014265e-06,-2.2085589469990046,7.751490339474384e-06,2.091788096529387,5.299357284853198e-07,-0.6767639087014385
62543.46846876757,6.195064526086636e-06,-2.0099994751345,5.9368666853137664e-06,2.0344242022733394,3.116327030559144e-07,1.4298398813783368
62543.593593638034,4.292220884479763e-06,-1.8849587513920067,4.270253076077298e-06,1.9683181573938446,2.9105991686702666e-07,-0.25218322272237925
62543.7187185085,6.213796317638482e-06,-1.5511420284898196,5.480897192027491e-06,1.5258440975270917,2.2169933943046775e-07,-1.415153250398765
62543.84384412503,2.237900243184518e-06,-1.9503619505155196,3.072425349551479e-06,2.418942800343515,2.0529206121567758e-07,2.2646235811684168
62543.9689689955,5.836136839000327e-06,-2.4364131143870122,7.31964378114978e-06,2.4486591865578453,3.421463796157221e-07,-0.3063049205746469
62544.09409386596,5.926131692086884e-06,-1.4254380191512812,8.202864076866287e-06,1.5323903033971955,4.450550173506101e-07,-2.0553507895289957
62544.2192194825,6.339987560839262e-06,-2.4240268315839657,7.960726485378694e-06,2.1761386369373397,2.2215860052267836e-07,-0.42257247654906316
62544.34434435296,3.755770181777621e-06,-1.906783586727236,4.192830692951529e-06,1.840088190601477,4.3061736536436027e-07,2.6044097815619236
62544.469469223426,8.81801478750161e-06,-1.3929640729746176,1.15226908859273e-05,1.4140250692554317,4.3265644944194907e-07,-1.8859637048892373
62544.59459483996,8.998594020445006e-06,-2.6522887843812724,9.069267196047557e-06,2.674080172155799,5.251980255172503e-07,-1.2716937037443976
62544.719719710425,4.705296457523786e-06,-2.8002173435632276,6.288883587809745e-06,2.691387819314992,4.371430353123113e-07,2.1263592707431553
62544.84484458089,3.3544556892249774e-06,-1.8533168065414667,4.344536999059428e-06,2.170248631348265,1.5361863956304957e-07,1.4262010400181653
62544.96997019743,3.3142298313157547e-06,-2.379056560925836,3.118803731952947e-06,2.311631394335685,4.6367795769305017e-07,2.564185041878789
62545.095095067896,4.166179570223083e-06,0.13154911264697042,4.991816905121537e-06,-0.05338061507655011,3.3333240584080193e-07,2.542986678980292
62545.22021993836,2.9292916045869194e-06,-1.8299832212143394,3.279660710193498e-06,1.7573332928137728,3.0007946408865427e-07,1.6458883342859338
62545.345345554895,2.5079474909693456e-06,-2.170806863444667,3.6579630379968934e-06,1.8259741036265487,2.3746671846911014e-07,0.4982952651078871
62545.47047042536,4.790294848741976e-06,-1.142774693484191,6.308375308113645e-06,1.1462949742245672,1.917034221837111e-07,0.746167247730729
62545.595595295825,8.772614460352388e-06,-2.9089678016822345,9.66907534122887e-06,2.8192922905406337,6.903284784776674e-07,2.5893819533992337
62545.72072091236,2.266639042242404e-06,-2.140051423924179,2.6559842580217234e-06,1.8871434172143962,2.0498818732727945e-07,-0.7982859571811245
62545.845845782824,6.532392567788937e-06,-2.558018330236517,7.5088609295437116e-06,2.366295667008687,3.12355560620586e-07,1.203841508045577
62545.97097065329,2.7278192936425617e-06,-2.18670721938572,3.3850709139907417e-06,2.172601283360264,3.5406107000250383e-07,-1.3908737285069697
62546.09609626982,5.053936157684612e-06,-2.2166438854483985,6.5521519556463006e-06,2.1502086038738297,3.125863724854869e-07,2.6414025102022447
62546.22122114029,8.193813684005852e-06,-1.8452693461065037,8.276910238363402e-06,1.8417697944157363,4.508239381511518e-07,0.818859314828242
62546.34634601075,2.5858568604437867e-06,-0.38653531430955185,1.8405638648564219e-06,0.19204795410425338,3.774197780037593e-07,-2.315826451162585
62546.47147162729,6.540915923972886e-06,-2.4441627228394385,7.647606375893736e-06,2.2806978986627677,1.6286331902899795e-07,-1.811244658382325
62546.59659649775,6.054711012341303e-06,-0.6221382448348391,6.156531833445852e-06,0.7620582100070592,1.9542745626673084e-07,-0.029571734004612674
62546.721721368216,6.3226477263499245e-06,-1.967710260543204,6.890307742666247e-06,1.810735441574483,6.862166575792858e-07,2.62756498864278
62546.84684698475,5.632131589798345e-06,-2.3752204561946444,6.033438164097619e-06,2.421324669751265,3.5242438881973044e-07,-2.4327124484257845
62546.971971855215,5.218942198141001e-06,-1.8173309398739002,6.056967024532486e-06,2.0517961426427447,4.684708119904155e-07,-1.5513962798662957
62547.09709672568,4.389415976226777e-06,-1.688383499408604,5.793567773132146e-06,1.873253493647292,1.2052106547499386e-07,-2.0781774865069806
62547.222222342214,7.83845462763471e-06,-2.6455972945651345,8.513775166687559e-06,2.5830884443772573,3.782910814838118e-07,-1.6622073496416494
62547.34734721268,5.98953257620479e-06,-1.5270415113360114,7.677093134804803e-06,1.6210452030997162,4.010123167959155e-07,-2.728179314961924
62547.47247282921,5.49317725274407e-06,-1.7446293142489877,5.069520342924256e-06,1.6108935471423154,2.962849152437898e-07,-2.9601839316460277
62547.59759769968,2.800681914180497e-06,-0.45330153422412695,4.052438802691527e-06,0.6622150052367205,3.2030106931616266e-07,0.24821346942398767
62547.72272257014,2.613590180943059e-06,2.493950101977671,3.1314668758519303e-06,-2.38526018176746,1.9923856186753225e-07,0.12492384445887547
62547.84784818668,2.333243465521084e-06,-1.5444515521509958,2.211458562327445e-06,1.5542436217833844,6.239381874717385e-07,-1.5836229849829893
62547.97297305714,4.999487013156135e-06,-2.121933014466157,5.275222342433976e-06,1.8706897483484668,3.259616976348553e-07,-1.4529588304481826
62548.09809792761,6.299581425094379e-06,-1.8477825245438586,7.243196468326859e-06,1.847902740756967,4.3732391904869384e-07,-2.272248657195803
62548.22322354414,6.887336281011743e-06,-2.635038298871565,8.664004847905642e-06,2.6928576297510203,2.936183880112682e-07,-2.6519536648051147
62548.348348414605,7.5205176455298324e-06,-1.2704802365067682,8.44082868678929e-06,1.4376219970194881,4.088959787920958e-07,0.9024616111007123
62548.47347328507,3.4046274475724974e-06,-1.8478868562813648,3.7832804660716737e-06,1.6434217672030196,5.138611331886266e-07,-0.4137829163757067
62548.598598901604,3.6670482241788716e-06,-1.9263618152016762,4.895820346450241e-06,1.7791161726356004,3.050876113380593e-07,-0.010316367757632717
62548.72372377207,3.1561255387861904e-06,-1.2419129654682501,3.6597001558890434e-06,1.1890275811814217,2.59866042525386e-07,1.4230797672204167
62548.848848642534,6.639735586201154e-06,-1.1768572835468951,6.207513228216343e-06,1.054714685926595,1.510135174024633e-07,-0.06430015143295217
62548.97397425907,4.360954944471983e-06,-1.1960173084414998,5.890260233002297e-06,1.3346466794100236,5.036491770240091e-07,0.35523195503737537
62549.09909912953,1.0101547708776804e-05,-1.9544112995147673,1.0021729749793221e-05,1.8288565230381493,3.4454420341202095e-07,2.764915196501724
62549.224224,4.120499160897067e-06,-1.7571271168795652,4.225213929469104e-06,1.8911678048872118,3.0695685198748663e-07,1.32450377706796
62549.34934961653,3.7894611000767406e-06,-1.7407773800086246,3.965530885047007e-06,1.8689389997436765,1.6842282972796909e-07,1.444948819073049
62549.474474487,4.726461746863474e-06,-2.625820863747546,6.625877289068885e-06,2.5240176637286065,5.529267193393491e-07,2.9715939319350486
62549.59959935746,3.0186675433411727e-06,-1.2095477502154846,3.1570974389883045e-06,1.223301648002631,4.78911178392387e-07,2.0802548781398764
62549.724724973996,3.050778567858043e-06,-1.2132229485240507,4.2700379524239665e-06,1.3085157352351415,4.154487373804497e-07,-1.5823207490705589
62549.84984984446,2.840782357090775e-06,-2.884915778253772,2.6818020867270804e-06,2.592972569700701,3.3010006333439774e-07,-0.6170496215241489
62549.974974714925,4.933355360284136e-06,-2.1019613395249612,5.816583387563147e-06,2.0302076525588117,4.80629397586142e-07,-2.400383640397442
62550.10010033146,5.255140739480044e-06,-1.9657917055727316,5.9041543718600755e-06,1.93583756311417,2.048676124770873e-07,-1.16381993654252
62550.225225201924,5.39459998335885e-06,-1.9778367544143194,6.401614004456891e-06,2.0249040770975513,6.201706870076852e-07,-1.799181237735904
62550.35035007239,1.0545838267698676e-06,-0.6045281581523753,1.0787767683525575e-06,-0.10944323424616838,2.7842108498596434e-07,1.2095727549188662
62550.47547568893,6.059196453146693e-06,-1.3410252844286568,6.522883940477201e-06,1.6471527379709323,5.391991232467042e-07,2.398301805265586
62550.600600559395,3.038311429064377e-06,1.7933394748048674,2.102524093329951e-06,-0.8368817784317776,5.959382291873376e-07,2.737498869839554
62550.72572542986,5.191776539798604e-06,-2.1029176991761687,5.779365655075637e-06,2.0965913141676324,2.982518786718778e-07,-0.9069996554202988
62550.850851046394,4.740464404560036e-06,1.3435416882434712,4.306973352207514e-06,-0.8950343485270466,1.5403313942077321e-07,-1.0691496290920015
62550.97597591686,4.881051790675395e-06,-2.162474702775021,6.148865912600738e-06,2.2674047271897493,5.229415732865348e-07,2.530682270861851
62551.101100787324,5.05965062973758e-06,-1.389724596753055,5.105921285976953e-06,1.2789604961750312,2.590450901966429e-07,-0.5540519503463641
62551.22622640386,4.512918226281315e-06,-1.872748037775716,4.492431155182176e-06,1.8855888856307474,5.166803440739025e-07,-2.456990993737339
62551.35135127432,6.4503598350874335e-06,-1.0684527039202854,7.720399135707277e-06,1.1026279729140305,2.7309578864205547e-07,-0.2097245001169169
62551.47647614479,8.949312477452506e-06,-2.4308180599673217,1.0705125416256634e-05,2.5995560670101914,3.7541386980871726e-07,-1.8642791002591146
62551.60160176132,3.596941790878057e-06,-1.0746435824228984,3.8765485109863166e-06,0.4603318639608115,5.315928405854678e-07,-2.2512759466066434
62551.72672663179,2.1259405951886468e-06,-0.3962462938300957,2.0669618944130377e-06,0.6746558574579575,2.4450049446033016e-07,0.9525992648023007
62551.85185150225,3.294963036278068e-06,-2.304724684019522,3.4260177458698022e-06,1.5185312854757316,5.0284159756368e-07,-1.874785612792356
62551.976977118786,2.8039721653395458e-06,-1.9569460792088729,3.4635933426322533e-06,1.7791907568476957,2.333834128076035e-07,1.4416806551751837
62552.10210198925,4.120042437670747e-06,-2.778063333219468,4.759486626107221e-06,2.4668094576613564,2.572343914924037e-07,-0.6349891822728208
62552.227226859715,5.2478552125512236e-06,-2.618871813610559,7.4261939479232925e-06,2.729520008122121,1.4431588558768963e-07,-0.547915780235134
62552.35235247625,3.2597576536663974e-06,-0.9588364961145218,3.721106168089721e-06,0.8341753488797964,3.8391837325353595e-07,1.008244355933242
62552.477477346714,6.040418631274541e-06,-2.471740447019743,7.740300406963645e-06,2.323380018836062,2.908727913063052e-07,0.19826849620110407
62552.60260296325,4.112093986491149e-06,-2.2088042867014233,4.694317124423825e-06,1.939892784921323,5.940327279151518e-07,-0.6899915144628413
62552.72772783371,1.4623410166442866e-06,-2.0220496296480093,1.8595884781453467e-06,2.048012891484137,2.1819597349967004e-07,0.892641826110483
62552.85285270418,2.2511104373345437e-06,-0.49273754722649843,2.9934285462184977e-06,1.410135961274627,3.48628164739594e-07,0.33970503204584435
62552.97797832071,2.680423860150385e-06,-1.7185223891738002,3.650307001292426e-06,2.089632663891749,2.571817688187274e-07,-2.2517963611238394
62553.10310319118,2.920753364923173e-06,-1.5999505421816291,3.123259244878763e-06,1.5730723378975748,3.055356051378925e-07,1.14780620131269
62553.22822806164,7.222604042673918e-06,-2.1862125824824066,7.582711713024966e-06,2.463278552833407,4.268050653780499e-07,1.4389884266433075
62553.353353678176,3.898119784946903e-06,-1.386180346665673,4.145516842452549e-06,1.5551524710853981,4.517649689923418e-07,-1.4422691997670876
62553.47847854864,4.746971029128321e-06,-1.857485291130692,5.1742270434476115e-06,1.561903344794951,5.544775283859765e-07,2.1905661592136014
62553.603603419106,4.245723706645098e-06,-2.5671774042932802,4.6012805359951465e-06,2.253151675886158,2.4710587802621866e-07,-0.4827247640388005
62553.72872903564,4.779481217446351e-06,-1.8729148681670862,5.692263515191724e-06,1.7082479894688558,3.892358426613423e-07,-2.448916771303993
62553.853853906105,5.887360658889807e-06,-2.083485853344768,6.426662371156726e-06,2.155691712258217,4.069245991648945e-07,-0.4958882693505876
62553.97897877657,5.9745759409079345e-06,-1.6830313338003002,6.5046640676448106e-06,1.763617169984031,3.7099117380225035e-07,-1.3611352529611678
62554.1041043931,4.159137142276034e-06,-1.1658746977781145,5.477322798859588e-06,1.0219170393190289,1.6066034271634196e-07,-1.2491317819597574
62554.22922926357,4.108097614966879e-06,-2.8859033448233125,4.060964817324948e-06,2.9454590797507323,1.4883042384453077e-07,-0.3810266327067613
62554.35435413403,5.358532478865906e-06,-1.214989424701794,5.939502573388574e-06,1.1119335641226962,2.880249697038889e-07,-1.690917074915782
62554.47947975057,2.2090100082703935e-06,0.9970045020600677,2.934514040697783e-06,-1.4804718226596678,2.732366000219323e-07,2.267995280300519
62554.60460462103,1.1551000767792754e-06,-1.1333873565492774,1.3491485757511141e-06,2.524566589044783,2.7309811581529904e-07,-0.9127452109690035
62554.7297294915,1.836164560368762e-06,-1.5547927678496307,1.545143278437715e-06,1.1236377882200888,8.119638651873478e-07,-1.918860494019132
62554.85485510803,3.5495707332586626e-06,-1.5098069507830376,4.1463975440679865e-06,1.2600512215150859,4.928190547438055e-07,-1.4019004264572734
62554.979979978496,3.3763044073890903e-06,-1.7771107398329318,3.5783803017157436e-06,2.1470776578879365,1.8702340058466459e-07,2.2345387961257464
62555.10510484896,2.199991047888737e-06,1.359317198937148,2.0107215856901247e-06,-2.5977672778485017,6.169258216505053e-07,2.3035453741677054
62555.230230465495,5.624530940116936e-06,-1.7998477669518698,7.966904735420123e-06,1.811777499694034,1.024988390572736e-07,-1.6809358275527029
62555.35535533596,4.356801815401845e-06,-0.34213109832347244,4.871400138085348e-06,0.8023032849006367,8.810970866618346e-08,-1.4655664858907493
62555.480480206425,1.706555191334259e-06,2.0067366010952403,1.4454958093374671e-06,-1.821054234806407,3.174070794003574e-07,-2.3236276014380426
62555.60560582296,3.408754270841451e-06,-1.2708323074953498,4.547437232533911e-06,1.5042482862775597,5.213511342740666e-07,0.14467584124244517
62555.73073069342,1.8540948694279506e-06,-0.05227646015869296,2.050206671581414e-06,0.6160473359071859,1.8101324942551262e-07,0.4287049051568958
62555.85585556389,3.510073002990663e-06,-2.683886789704658,3.7048777768293572e-06,0.34595755395715144,6.072776517179067e-07,-1.3116811467639755
62555.98098118042,1.0455367590775169e-06,-0.7212031980300561,1.5236690524710544e-06,0.25591576932072746,3.1181108832367274e-07,-0.8936039706992013
62556.10610605089,5.079774544943519e-06,-1.7491743618236328,5.7803175770718674e-06,1.7192979973440472,1.4147593986449965e-07,1.466525438125277
62556.23123092135,6.575292231629892e-06,-2.169561070931169,6.917491086931938e-06,2.392942814194995,1.6036382255626695e-07,-2.0791073019261987
62556.356356537886,1.5179447352523697e-06,-1.4371716730464783,2.0700571176301252e-06,1.8150731387853702,2.3598599327231956e-07,-2.5431345074933365
62556.48148140835,5.909119998800769e-06,-2.3724245205745946,6.350763579827189e-06,2.537648105564459,3.0487873274222037e-07,0.5676112479441288
62556.606606278816,2.3002288391806545e-06,-1.7692875235460637,2.6106850292577975e-06,1.8250361752290576,3.1694568024156436e-07,1.3829636864434975
62556.73173189536,3.934763114995679e-06,-2.3535027442667125,4.511556254600435e-06,2.5347517670834465,4.1000663338182733e-07,0.6342935818113414
62556.85685676582,1.9179861546609238e-06,-1.9241932829084305,2.5475597053169595e-06,1.1565063555642787,1.1966442026410696e-07,-0.9347161915037149
62556.98198163629,4.178260932885914e-06,-1.9574763087943887,4.080978883758664e-06,1.9441254034362518,4.699634253616741e-07,-0.3905023350753318
62557.10710725282,3.886770495011759e-06,-1.6826253822593125,3.532062685741248e-06,1.6902687715318727,2.0932885721785448e-07,-0.9418551982718674
62557.232232123286,5.492330672654005e-06,-2.3450863436078078,5.687552658113391e-06,2.2459443909260264,1.4947405667509537e-07,0.47891716950325075
62557.35735699375,4.758776893098822e-06,-1.7527667462673304,5.291540617849069e-06,1.6623027696639547,4.304727795589856e-07,-0.6427631545435402
62557.482482610285,2.9056615673582996e-06,-2.7949882222565994,3.6038869508089904e-06,2.870644506778121,4.845036629014773e-07,1.7822517145809442
62557.60760748075,6.2344166537060495e-06,-1.7165448715162466,6.970862644414485e-06,1.6541212431999472,6.2817350185888e-07,0.9372259699778966
62557.732733097284,2.151649679973216e-06,-0.5946629142845017,2.966583864980545e-06,1.3328113902767131,4.251176376811606e-07,0.25968218337207805
62557.85785796775,3.2787567659446544e-06,-1.732277495340694,2.224522849377475e-06,1.7600273747669473,5.853971840648592e-07,-2.0963945968676283
62557.98298283821,9.545320210494041e-06,-2.0351099792370304,1.0288796245875158e-05,2.0098488406393153,2.259008371406641e-07,-1.640087576999844
62558.10810845475,6.50329374640718e-06,-2.7884247056727314,7.674106649005473e-06,2.707721644088426,2.760590131714668e-07,-1.2994511917858118
62558.23323332521,3.0612025828350795e-06,-2.597603115116456,4.008256722434624e-06,2.3182409544212352,2.4075585500222917e-07,1.7353101062029277
62558.35835819568,3.692717483662888e-06,0.3729408235461389,4.468749569166916e-06,1.976870672108551,2.001771393426237e-07,-2.8153254328367505
62558.48348381221,2.5252335985510293e-06,-0.9813923408105367,2.5712335917115246e-06,1.1568895955325318,1.969762771489201e-07,1.176971802258393
62558.608608682676,2.0777322639231417e-06,-1.4013760484908946,3.076644851312737e-06,1.4009329254243266,4.270971618591419e-07,1.4644541660582484
62558.73373355314,4.5020009685843566e-06,-2.5153329921042826,4.604988392899352e-06,2.1502039166860722,8.611859025933604e-08,-0.24493384990926545
62558.858859169675,5.762423952384799e-06,0.463874295044565,5.379554819453569e-06,-0.3697030477385511,3.0602651003283495e-07,2.9009782219890257
62558.98398404014,5.527884432672647e-06,-2.7085818970750695,7.389853616746738e-06,2.630781567487489,1.3212226738249124e-07,-0.01785667319303574
62559.109108910605,6.426949355065209e-06,-1.574715324399144,7.574971060584536e-06,1.486969310816395,1.7193985672685485e-07,-1.0864660128497456
62559.23423452714,2.6533515752063055e-06,-2.1904777879125015,4.529650928146042e-06,2.22545943960041,3.578692785820158e-07,-1.2313672010681689
62559.359359397604,4.474899482680169e-06,-1.9457539300573565,4.869082825247063e-06,2.1445554348201403,9.630163069271485e-08,-0.948956111562928
62559.48448426807,5.804449280024786e-06,-1.9599929325336911,5.964603742289509e-06,1.991619078708745,1.6893483627423804e-07,-0.9715844991310418
62559.6096098846,3.7316215668619243e-06,-2.005949946827572,4.768498130781114e-06,1.9469038360420519,4.0106704185130484e-07,-0.34980220533192796
62559.73473475507,6.284534153756468e-06,-0.8696112920127698,6.314446945346051e-06,0.9383986209889013,4.082480352184269e-07,2.689531006004837
62559.85985962553,3.4444489146337176e-06,-2.073310854658343,3.720481888315107e-06,1.8279913501681573,3.4126253834706034e-07,2.786261185064301
62559.98498524207,4.573761562594708e-06,-1.7445525046455461,5.34171588438889e-06,1.7055663148801652,3.5147990593631704e-07,-2.248922194076669
62560.11011011253,1.4827386203355918e-06,-0.37832111423362785,2.0421225337193595e-06,0.6123757412261697,2.049418003889478e-07,0.9223679083668497
62560.235234982996,4.0299392977051065e-06,-0.05534267887800507,4.266704713834232e-06,-0.2709685494078385,8.26931825080326e-08,-0.6435109367772182
62560.36036059953,5.645155892784157e-06,-2.3213567533095416,6.967515950737374e-06,2.2455822059409325,4.808150903747441e-07,0.6399900239642824
62560.485485469995,5.540974232004413e-06,-2.232181599631886,5.510204914872256e-06,2.3000226700106943,3.123655659012754e-07,1.7492771575929664
62560.61061034046,1.6256206594526659e-06,0.1577632790851831,8.687489822759616e-07,0.00961413007446598,4.408748749679764e-07,-2.274858406398762
62560.735735956994,5.205873534098801e-06,2.606549626740439,5.6484322619130965e-06,-2.494586847444679,3.113641107182895e-07,2.7152543167184224
62560.86086082746,2.9109394445368777e-06,-1.266757258651838,3.6619161087813244e-06,1.746454698967723,2.0303571930604924e-07,0.3290723612324675
62560.985985697924,3.306872665314021e-06,-1.8202046919963113,5.418875386906191e-06,1.8066138763473352,5.107196012409501e-07,-2.6685887452346004
62561.11111131446,5.507830515413712e-06,-2.1653793242701163,5.820443731266566e-06,2.1161141964682266,2.9316334911265563e-07,-2.1188506558623406
62561.23623618492,6.8788209183945555e-06,-2.211585069164922,8.055324394224207e-06,2.2799412205453664,3.886434011382839e-07,-0.7416412352831263
62561.36136105539,4.934957877704494e-06,-2.310099677344874,5.706821878586436e-06,2.4113967671223397,4.68943060507512e-07,-2.0945985711831785
62561.48648667192,4.855966259285896e-06,-2.3874685910670865,5.559859261209021e-06,2.488532455252557,4.030877317451155e-07,-2.2167577902168785
62561.61161154239,2.586852994062425e-06,2.8967300192733623,2.166462276737557e-06,-1.8420406582630662,1.4871636161735708e-07,0.5702839038271703
62561.73673641285,3.890467351844782e-06,-2.286495904565079,4.670104069465869e-06,2.555486750465762,3.619948959429471e-07,0.8361672374036282
62561.861862029386,3.4950594085904505e-06,-2.851952801109937,4.742338370927431e-06,2.6533959615647187,2.7832933249326163e-07,-0.2622321402858948
62561.98698689985,3.3877001895233367e-06,-2.933696204845187,2.987833092698127e-06,2.545193112190519,8.139770940438474e-08,-0.876224986076875
62562.112111770315,2.48517942455107e-06,-1.9702326196053068,1.2999646410525398e-06,2.19052872862884,1.8312024191667802e-07,0.8194833907842685
62562.23723738686,2.0616858347853018e-06,-1.7094159625145666,3.1209403594199463e-06,1.7824258623449325,3.1173904727610425e-07,0.18154875295096032
62562.36236225732,5.3497362380027225e-06,-1.1937272050290069,4.980493480753206e-06,0.9322316952596792,1.0942941127574815e-07,-1.7213976446637262
62562.487487127786,6.060059574042908e-06,-0.6169127312721143,6.588412452040498e-06,0.6162429637694101,1.94762522458676e-07,0.597952080636921
62562.61261274432,4.836889941839926e-06,0.5989112199320388,3.1246681628205698e-06,-0.10616434916923634,6.386458520561442e-07,-2.371814309940207
62562.737737614785,2.0989642227827065e-06,-1.4152761375420095,2.329212608344941e-06,1.3492229521126031,3.243026970551562e-07,1.3870923322454842
62562.86286323132,3.352602559783924e-06,-2.33659542864246,3.411508025480421e-06,2.1520185993583,1.3211291612228585e-07,0.1431462954609009
62562.987988101784,3.38515980514904e-06,-1.4802800932271507,4.548572321017151e-06,1.5056703969362168,3.852512483243713e-07,-1.5290630075845266
62563.11311297225,3.884148726876251e-06,-1.0183838802256941,2.974343029214587e-06,0.9630334162593751,3.500603392974036e-07,1.266002364539802
62563.23823858878,5.122606807518172e-06,0.11694183513103901,6.696719595092465e-06,0.340443719105193,7.128481569662392e-07,-2.211601218073261
62563.36336345925,3.118099700483933e-06,-2.5731020425806865,3.838114112871385e-06,2.7465274518213056,3.554802577458029e-07,0.5601867603896239
62563.48848832971,3.637885532428904e-06,-2.1124823549990253,3.3907838233790626e-06,2.2526399763327816,2.9140543579949973e-07,-1.2903494415734191
62563.61361394625,3.269094142927027e-06,2.021221278308241,3.532000197141861e-06,-2.2333859320741465,1.3802144575541491e-07,0.5263278646751912
62563.73873881671,9.491779255342125e-07,-0.6116006035668818,1.4287038437076474e-06,0.25074349651167976,3.9592749047437633e-07,2.2571070120648344
62563.86386368718,3.274733124399083e-06,-1.96614252993385,4.544162577595376e-06,1.3758245350290046,2.784902994724652e-07,1.3878286785510816
62563.98898930371,2.60972102045381e-06,0.793496787054942,2.3641136091615797e-06,-0.2697532492122721,1.3248517363558086e-07,-0.3318973427631024
62564.114114174175,1.947774731023194e-06,-1.6110933989754044,3.211022397859302e-06,2.0251626483556846,3.846133085432392e-07,-0.7261543448397563
62564.23923904464,2.2267779045955996e-06,-1.9842206371512632,1.8582765917252306e-06,1.2119585655484897,2.563234294257189e-07,-2.1128960076918126
62564.364364661174,4.68006968060071e-06,-2.3663846832827766,4.037818572793998e-06,2.26836411122153,5.563420182330332e-07,-2.4071023908452887
62564.48948953164,8.260690715304545e-06,-1.8278120769288007,9.427909820557646e-06,1.7880877372110435,4.5046293367494833e-07,-0.6788726519553014
62564.614614402104,3.4323029256898826e-06,-1.8471263627828303,3.993414751688611e-06,1.9373451492542795,3.616660416449645e-07,-2.633986779089168
62564.73974001864,3.885799775147265e-06,-0.9230640435942925,5.171382704160265e-06,1.0764598026280838,2.9165798258797845e-07,-2.2849983657012096
62564.8648648891,3.3047411782925855e-06,-0.8320323923630272,3.471584906690199e-06,0.731513920778968,2.5433399106788344e-07,0.27918444381479623
62564.98998975957,1.9895642814494915e-06,-2.0419449706210604,1.6142434732808287e-06,1.429276764765707,5.202959781149576e-07,2.7440709565271226
62565.1151153761,4.262700993952971e-06,-1.8055912331213657,4.579655441235663e-06,2.123874759643772,5.21487062190587e-07,-1.1654312396490711
62565.24024024657,3.0168153902730125e-06,-0.7047403072789328,3.407543209456597e-06,0.9461388961096082,2.5921880577911104e-07,-1.4545567998734616
62565.36536511703,3.7998939230255824e-06,-1.5394147655126247,3.6707198767294554e-06,-2.246328862887836,2.729375631139277e-07,-2.0238857434593833
62565.490490733566,3.0017653816782107e-06,-1.2641194397110096,2.1074865254695924e-06,1.0065876487083705,2.308244095940886e-07,-1.438788730312683
62565.61561560403,1.5161749005686198e-06,-2.6502050728292317,2.093441019954996e-06,2.402932609589693,4.4605897426716133e-07,0.19962357303090997
62565.740740474495,2.366710683047136e-06,-2.6993142907380885,2.0231390119363597e-06,2.5606912512041133,4.076239553734082e-07,-0.47374286724287934
62565.86586609103,4.366098901954254e-06,-1.4765047658558959,5.20023113789147e-06,1.5073365288214304,4.502125820536041e-07,2.5115421949281527
62565.990990961494,2.753215706772843e-06,-0.18854863869578276,2.7490735411791357e-06,-0.5113626182518717,3.862348548784315e-07,-2.477780905405962
62566.11611583196,1.2120296532830984e-06,-0.23971802358918254,1.8023086984487463e-06,-0.8804820533715638,6.10877668568299e-07,0.11658419144937927
62566.24124144849,3.013511485576254e-06,-0.8068971625601518,1.9665557974957887e-06,0.8611442796392771,5.8074087031986504e-08,-0.5635692124869244
62566.36636631896,4.256449817242334e-06,-2.6289076906340574,3.6733990428444567e-06,2.5410545206402726,2.3015494113711985e-07,-0.22672424727571477
62566.49149118942,2.530517444613678e-06,1.1683142095332106,2.998715585094823e-06,-1.0750355463484924,2.9288795298106814e-07,-0.7224372719927856
62566.61661680596,3.2272600867598117e-06,-2.1896593085861173,2.642397433451963e-06,2.1783451924803066,3.426435797703843e-07,0.9579109164532286
62566.74174167642,4.755855668815203e-06,-1.6546791138536379,5.579229526992437e-06,1.7866493112820487,3.1408289047703256e-07,1.051800086544565
62566.86686654689,3.5505364964637107e-06,2.4638903814899984,4.3480894481237555e-06,-1.8136522347539032,4.2307554927155013e-07,-1.4526917501192094
62566.99199216342,3.837165879074104e-06,-1.6045691128147728,3.758916021844269e-06,1.4359298730038181,2.978460478061786e-07,-2.173706930259427
62567.117117033886,3.840714543095144e-06,1.873389141001284,4.068326642852364e-06,-1.7131913686115843,4.933967625447084e-07,2.3230598854050513
62567.24224190435,3.6744252180725574e-06,-2.593568229754683,2.461224088575959e-06,2.3948952678785655,2.3134576262770173e-07,-0.6585045457105049
62567.367367520885,2.8006496866932155e-06,-0.301162241731016,4.4088876268208826e-06,0.45049226830027433,6.383248539566585e-07,-2.998252571603588
62567.49249239135,2.3261177162677496e-06,1.9008284276293383,2.883847021246116e-06,-1.7267099651632514,3.457184272089219e-07,2.065339046448031
62567.617617261814,9.93242654868008e-07,2.083085861043848,9.153944382415629e-07,-1.9044971400777144,2.4784650997195054e-07,1.041592541544243
62567.74274287835,2.884092563637454e-06,-2.4252602963589136,2.4116142165213854e-06,2.2111202891199913,2.080175755764552e-07,-0.6584524481784434
62567.86786774881,2.891694320103041e-06,-1.4057269092422282,3.5438016763887026e-06,1.3321624138463604,8.510040633394126e-08,0.08753328482403738
62567.99299336535,3.231175987357631e-06,1.8468864382476047,3.0802299827689504e-06,-2.072039841306653,2.0377211747094895e-07,0.9816611759134756
62568.11811823581,3.6218202871790244e-06,-2.1623294639240194,4.032276837504708e-06,2.244658722318522,2.2227368983791853e-07,-0.20425919363659087
62568.24324310628,5.315976362605621e-06,-2.263703707659366,5.1933463532429754e-06,2.2568133108691324,4.100985417450501e-07,-0.9303034087432077
62568.36836872282,4.422549838729961e-06,-2.3204012706638926,4.729675093170904e-06,2.563442329014603,3.588262597900921e-07,-1.684751919493873
62568.49349359328,3.2076663498302503e-06,-2.439056694073681,5.47822256509536e-06,2.3525772685782314,7.680320781949122e-07,2.0648978028875984
62568.61861846375,2.6795300391825014e-06,-0.3395478130011034,2.695537873338233e-06,-0.2206135884433949,3.9416845606736363e-07,-1.4915157762980975
62568.74374408028,3.952967584104436e-06,2.0663590544356363,4.516973775231212e-06,-2.2877768540425154,5.490023484850417e-07,-2.3920176933676007
62568.86886895075,2.714984549699012e-06,-1.5138939909477565,2.410784700655989e-06,1.3365879490917563,4.700461943518713e-07,-0.10128361922684559
62568.99399382121,1.4487393829129085e-06,-0.11069101067517742,1.5834305076691507e-06,0.4683063994756101,6.216674988832341e-07,-1.4490302940528137
62569.119119437746,2.3346814724820236e-06,-1.4720828746667636,2.9197458077872193e-06,2.047553963917098,5.243112718562439e-07,-0.6865947463592013
62569.24424430821,4.239641404800002e-06,-2.6558338743744816,4.396127540438715e-06,2.5084349025238697,2.2294611521127647e-07,0.2766988857665666
62569.369369178676,1.6043861866942438e-06,0.8442040361830913,1.3007722660638628e-06,-0.4152308862413997,1.931320677542368e-07,1.8343094066765944
62569.49449479521,2.681280820010576e-06,2.0991592956889478,1.9098259958919887e-06,-1.801947508322876,3.6103438256604767e-07,-1.224627629957363
62569.619619665675,2.57970802980045e-06,-2.5228782611101153,4.3807357993955265e-06,1.7218429351311484,2.932970044643749e-07,-0.7130037635748459
62569.74474453614,4.510457826872362e-06,-2.4769961663368103,3.8080204854109604e-06,2.5383783896658803,4.897662791542305e-07,-1.337954121746628
62569.869870152674,6.850318123428622e-06,-1.022281950261386,8.131328241119802e-06,0.9301675172438639,6.406918338984256e-07,1.8901579099493644
62569.99499502314,2.9751803669872635e-06,-0.7429876309845108,2.8295132935522956e-06,0.32472502901973416,6.889524366161081e-08,-0.18091308864527425
62570.1201198936,3.6692850729925585e-06,0.9666788469637461,2.1362428734594514e-06,-1.0087283847648854,4.5644412476312915e-07,1.3504092653379718
62570.24524551014,3.826654244248759e-06,0.8700556162207227,3.723143846766355e-06,-0.8014228838084612,5.151412037586506e-07,2.218428214360396
62570.3703703806,1.0929966668607414e-05,-1.9138756623311017,1.116158542209928e-05,1.9747387937680505,3.094788468039938e-07,-1.4899670754653185
62570.49549525107,4.913486363359527e-06,-2.61256319814012,5.571238355117373e-06,2.8282913089406474,4.0057747273138504e-07,-1.2329969754055925
62570.6206208676,1.5984364484348291e-06,-0.22140750065311823,1.9924172655284664e-06,0.43869081449268,7.12208911395926e-07,1.704447334912484
62570.745745738066,1.0895389817395163e-06,-1.4157157988703577,3.658356925099428e-06,1.996004390490882,3.662620949296357e-07,-1.9243885314018838
62570.87087060853,3.064080689885054e-06,2.378842972961132,2.9495384377678886e-06,-2.1809014822746478,2.2627606906090243e-07,0.22785922626059912
62570.995996225065,4.715130558849127e-06,-0.9583929048080443,4.73614453186797e-06,0.821747204234424,2.147251317695874e-07,2.2575095531300855
62571.12112109553,3.2976767659533996e-06,-1.1038108702507357,4.131966574904398e-06,0.5963736089756375,6.040485085773163e-07,0.18692940700567898
62571.246245965995,1.8027577777731325e-06,-2.052527573339264,3.0869521553505616e-06,1.4083929167159257,1.075602336791024e-07,1.2549740004634478
62571.37137158253,2.796859688000912e-06,2.2860611804920667,2.6959902329196718e-06,-2.177371130692461,3.00815368983601e-07,-1.4223555112989306
62571.49649645299,5.66808922683645e-06,2.1404363310530905,6.1323550014485485e-06,-2.6936971905193734,2.3283101089136023e-07,-0.16738507234762523
62571.62162132346,5.703952572352387e-06,-2.274827943676559,6.7085767404762e-06,2.215153848566958,5.903187681787903e-07,-0.7307734575632013
62571.74674693999,5.863325654378461e-06,2.51183721399625,7.290243052131261e-06,-2.583779656441248,2.9252103584667055e-07,1.2597052922051049
62571.87187181046,6.129183759938385e-06,-2.1433711639443986,7.495039460621444e-06,1.8790879688055124,6.377719864580222e-07,1.6309850817347915
62571.99699668092,5.040687300986202e-06,-2.2918320926269966,5.50472684726489e-06,2.073336208994104,3.6556222633590857e-07,-2.5115940204171183
62572.12212229746,4.234865157611815e-06,-1.4998457942838883,4.714658109567584e-06,1.472354584623073,3.304443108096983e-07,1.5345521024693198
62572.24724716792,2.1465661490152896e-06,-2.013415113926749,3.3376918186627436e-06,2.1154531279854996,1.4318487288646776e-07,0.6777708383362466
62572.372372038386,1.2523470927383643e-06,0.1605464685756365,1.5921363276541614e-06,1.1018061376908914,3.01390256215686e-07,-2.451984744973097
62572.49749765492,3.3647511350537564e-06,0.9189759487890903,4.171820596693405e-06,2.886993555921877,1.9297590405801452e-07,-0.450071777608314
62572.622622525385,2.6470577752622756e-06,-0.6105262225684835,3.0884487021794967e-06,0.6072750999575338,3.6186108744354844e-07,-0.9076512902170116
62572.74774739585,4.333081959613637e-06,-2.438932897726337,5.3276576199563836e-06,2.4369721153509873,1.5264891558964064e-07,0.9927667538707915
62572.872873012384,1.83965018091921e-06,1.824985004566029,2.141847288675483e-06,-1.9838047981454103,1.197514325864904e-07,1.289571916633676
62572.99799788285,2.5421674661971994e-06,-2.93177041097401,3.4186473492846237e-06,3.0031210687563545,2.8612733632354145e-07,2.8515779168358506
62573.12312275331,4.95874740000744e-06,1.5514155386496615,5.170925739039178e-06,-1.6159307403873477,1.1283313771012476e-07,1.0406755653081703
62573.24824836985,3.4024961816190655e-06,2.9565423801058115,4.0804307018596065e-06,-2.768316566701898,1.151542240354169e-07,-2.2133119661838325
62573.37337324031,7.503821725050471e-06,-2.5749160200491414,8.58593441520659e-06,2.5194312282035094,2.7325589254971393e-07,0.925566256053748
62573.49849885685,6.584601963206726e-06,-2.024352814351103,7.092531223866153e-06,2.102182793358648,6.090604336329913e-07,-2.6106852790473405
62573.62362372731,2.192980260465573e-06,-1.3712473379512606,3.4399972058805518e-06,1.2304419270178673,3.3560737875344046e-07,-1.1482677736820714
62573.748748597776,3.7616868142128388e-06,-2.971438816437995,2.8898462234286583e-06,0.411045858971988,3.4349599459298077e-07,-1.3757214003169465
62573.87387421432,2.961717162122993e-06,-0.7675015452192364,3.690573830401225e-06,0.8397967154538449,1.836879879946841e-07,-0.8261097309409013
62573.99899908478,4.542132197025301e-06,-1.4724255317936257,4.922891873862911e-06,1.5444098913971123,1.4519136317472928e-07,-2.2863396443946216
62574.12412395525,4.30430991818083e-06,-1.641377977516791,5.009311045490671e-06,1.6883820722886484,3.211021558296252e-07,-0.8350274661544055
62574.24924957178,3.989332927004895e-06,-1.2399046230366784,4.4444828492413065e-06,1.169253092585243,1.1751232611062476e-07,1.951329357833915
62574.374374442246,2.8311265942644623e-06,-2.2295922786843465,3.4510626918332074e-06,2.5188083836272823,5.048924596076579e-07,2.905821003882338
62574.49949931271,1.9729944253531344e-06,0.17230782948064038,2.107650062711863e-06,0.4913361597478415,2.587003856829579e-07,0.45820870122360646
62574.624624929245,1.974957979555031e-06,-2.1876504659917426,3.306329987523767e-06,2.118187296830251,2.707907198071474e-07,-0.6101995070566325
62574.74974979971,3.2511782330368913e-06,-2.457373157808655,2.7419968479028015e-06,1.0252831609619377,1.722426125135445e-07,-0.26860100332794223
62574.874874670175,3.833695683859915e-06,-1.1360009609550485,3.5280832861268875e-06,0.8245137284650855,6.088313368231071e-07,-1.363532581469209
62575.00000028671,1.3478715540743307e-06,-0.04531689656641122,2.6991991323524552e-06,1.6243510836278825,1.8026301598506714e-07,0.32371506856140675
