Frequency_Hz,Amplitude_d1,Phase_rad_d1,Amplitude_d2,Phase_rad_d2,Amplitude_d3,Phase_rad_d3
177499.99999992384,4.896277708651482e-05,-0.8746081835240433,5.489843471817873e-05,0.7988022251009216,3.867374012922218e-07,1.2284744754664951
177502.50125065036,5.53007466503808e-05,-0.7355009770975333,6.400381865967452e-05,0.612240500473168,5.380861303002677e-07,0.8271125790556625
177505.0025013769,4.890628700029091e-05,-0.9679699122119882,5.482900155664069e-05,0.9091103336693613,1.6677776264596183e-07,-1.4202203994987592
177507.50375210345,5.984920613702743e-05,-0.8114938060995595,7.272108907289389e-05,0.7322350736776652,2.3777345541194437e-07,1.962008583915628
177510.00500282997,4.8157465834488517e-05,-1.0074325558989379,5.5148395504127334e-05,0.9725949610050104,5.415108773286865e-07,1.7473207818301666
177512.50625281045,4.8330977100073865e-05,-0.8554812947150918,5.5085908869180964e-05,0.778278188083496,4.117134438573603e-07,-1.5459735399649368
177515.007503537,5.03301774059689e-05,-0.8547971424403042,5.6923123673009256e-05,0.7652213193796467,6.665579723506112e-07,0.9323713231229882
177517.50875426354,6.046745316580345e-05,-0.7582629009669898,7.241719688742223e-05,0.6394907593559886,1.821625399736799e-07,0.7147327638805918
177520.01000499006,5.375253486798441e-05,-0.9021069869857635,6.373142458973265e-05,0.8431562450643918,3.363733126929052e-07,-1.3594964812745962
177522.5112557166,5.151646369244395e-05,-0.9158094958266995,5.8729963708277174e-05,0.8517962807443977,2.5925707109918965e-07,-0.7410496304100966
177525.01250644313,5.483268974459659e-05,-0.826322112435098,6.466283654662615e-05,0.73212588827832,8.499401030015773e-07,0.42588468605617497
177527.51375716968,6.613865221472835e-05,-0.7845321495567742,7.996590927706763e-05,0.706614148166378,2.6129122654403495e-07,-0.2953249144032163
177530.01500715016,5.082680375866527e-05,-0.8387067615179811,5.792812853338012e-05,0.7649710569495921,6.832228611595931e-07,1.9848037060908863
177532.5162578767,5.5226985231805003e-05,-0.7799552529172677,6.323398925838695e-05,0.6768428199754204,3.7818816425948064e-07,-1.0865449383408667
177535.01750860322,5.0104742927172594e-05,-0.7651416823661277,5.821049010442322e-05,0.6433728263536634,5.726787686666187e-07,0.28789284468022025
177537.51875932977,5.673601081655159e-05,-0.856956014882784,6.840366005214172e-05,0.7770839130565828,2.100007247622684e-07,0.12010581692399004
177540.02001005632,5.854500464555102e-05,-0.7914969538399945,6.952948833253209e-05,0.6826082270469916,2.0775015505322636e-07,-0.6693437342845575
177542.52126078284,5.724755053209534e-05,-0.8212362946547052,6.640396901099663e-05,0.7362716610731396,4.3342200933639295e-07,1.167838374160818
177545.0225115094,5.728364811437955e-05,-0.7818788298827193,6.606089719940349e-05,0.677316621215987,6.59576196364881e-07,2.8978527473355995
177547.5237622359,6.333997869959349e-05,-0.7115684115826756,7.593929057480023e-05,0.6010334335151768,6.132080517452274e-08,1.5461832754773455
177550.02501221639,5.053210888159499e-05,-0.7114993695905728,5.598347471204706e-05,0.591071397406459,6.136018135246185e-07,-2.5425841425638693
177552.52626294293,5.257734643654176e-05,-0.8089214981372322,6.10210553768084e-05,0.720014559442799,4.5851453520561924e-07,-1.8374627278430957
177555.02751366948,5.106331027822503e-05,-0.7896067069593485,5.8897276837130336e-05,0.690497801746727,2.6001743991721095e-07,1.086879539240536
177557.528764396,4.9321866638376464e-05,-0.8004271526694821,5.483070728430257e-05,0.6916631571537849,6.525297010584102e-07,1.4993095043323308
177560.03001512255,5.0948400561954856e-05,-0.9167315199014877,5.782386533882797e-05,0.8565661362461294,7.531554317492393e-07,1.458592724794141
177562.5312658491,5.8139871714737795e-05,-0.9161680541817897,6.81606060101373e-05,0.8678558492047602,3.1361369828450543e-07,1.7054771848809671
177565.03251657562,4.698578147898499e-05,-0.8213206187233204,5.134053353400384e-05,0.7132721926350296,5.132495609905984e-07,2.8138548693705236
177567.5337665561,5.961703925220875e-05,-0.832282446648676,6.996001669254772e-05,0.7410586524888644,5.2382992151668e-07,-2.155907257582017
177570.03501728264,5.481998728242371e-05,-0.7697628891568524,6.474146890994312e-05,0.6532157668363192,3.504182551451805e-07,1.3449206970015486
177572.53626800916,5.9209318374877285e-05,-0.6984567477743023,7.208910887772954e-05,0.5954001157101905,1.6574168842388706e-07,-0.746729484482472
177575.0375187357,5.081858024203777e-05,-0.9156833164186935,5.7802676794642295e-05,0.8469079226014897,7.437162543736486e-07,1.7767517141082843
177577.53876946226,5.892071387214524e-05,-0.7860914483828939,7.012868832375032e-05,0.6851774096210087,3.3900726094940427e-07,0.28177934227135826
177580.04002018878,6.115389684222244e-05,-0.8727464493243181,7.418231237201222e-05,0.830898297195931,2.75290390270817e-07,-0.23914471425143133
177582.54127091533,5.78963477930785e-05,-0.8637581501770474,6.785045945390019e-05,0.8068851025016628,3.0710539178355636e-07,-1.2817163540668854
177585.0425208958,5.5750844828518876e-05,-0.8089772757823215,6.398814688689955e-05,0.7146568073239119,3.531641901063503e-07,1.4952665309770348
177587.54377162232,5.2983166165005553e-05,-0.8972855938797324,5.93241802528547e-05,0.8576481692513813,6.576249231286572e-07,0.7156165719426264
177590.04502234887,4.924779571422059e-05,-0.8396513688704826,5.662318627264721e-05,0.7898417047868734,5.285196853048969e-07,-2.7544138548520176
177592.54627307542,4.63109673389449e-05,-0.7565346931750786,5.2045113906064445e-05,0.6313148313679101,8.233568143664421e-07,0.8351993641092191
177595.04752380194,5.525308658294211e-05,-0.8302931094402775,6.398451008316778e-05,0.7428644872928669,3.5378320554871304e-07,0.8914678860211795
177597.5487745285,5.1627285718613955e-05,-0.7594578042687729,5.927596703214317e-05,0.6771025465356585,3.767929101958935e-07,-0.0018705311020191379
177600.05002525504,5.43915939777135e-05,-0.8643812966822014,6.258953023226351e-05,0.7965686942054179,9.823365410282413e-07,-0.4379626605344442
177602.55127598156,4.487972267352578e-05,-0.6839124760374679,4.9882380925914545e-05,0.5136053600430118,3.9165377524303787e-07,-2.1591860262912848
177605.05252596203,5.300688227339401e-05,-0.8489641378879688,6.217892649202223e-05,0.7536462073655278,8.04651438142442e-07,-0.5823119587970439
177607.55377668858,4.835734015968023e-05,-0.8145750619993077,5.4619761692176434e-05,0.7118078108195661,7.353824602050893e-07,1.2891623800015253
177610.0550274151,5.923092243761444e-05,-0.7927758953178635,7.084889900882735e-05,0.6891360303397607,5.526643791299687e-07,1.5741590996618735
177612.55627814165,5.355088964919228e-05,-0.893636881659394,6.13989053901289e-05,0.8475292114486789,6.44251879666177e-07,1.2363937053279455
177615.0575288682,5.171189167673814e-05,-0.8839157765652286,5.981460580891243e-05,0.809739845507128,5.21945002057143e-07,0.005919429520445728
177617.55877959472,4.948724957619738e-05,-0.8099309542921865,5.4848821185773726e-05,0.7263943180046782,9.325867145906386e-07,-1.5817310716453246
177620.06003032127,5.18254805273699e-05,-0.8451553034379157,5.852570116752812e-05,0.7588767317540687,4.0060735336751803e-07,0.9799531348483569
177622.56128030174,6.35122784865776e-05,-0.7561449283216125,7.69026869078674e-05,0.6712113662423889,8.108614786745332e-08,0.11228342828471774
177625.06253102826,5.2087246081760354e-05,-0.702886318294597,6.02612067003249e-05,0.5688580404019348,5.781029867720589e-07,0.44407713781606545
177627.5637817548,5.2971645447319024e-05,-0.889080039487057,6.21298363780834e-05,0.8112579299847136,3.5494034937927305e-07,-1.4739470836991821
177630.06503248136,6.492166955460196e-05,-0.8260944659771541,7.912803369426227e-05,0.7383172495894268,4.1101078129090785e-07,0.7880239611090625
177632.56628320788,5.6646118749935516e-05,-0.830410196254043,6.677514660328889e-05,0.7431498878270396,5.215903401453646e-07,1.38333605445013
177635.06753393443,4.6063473974003576e-05,-0.8714709517295322,5.1142376462832193e-05,0.8275934447121592,4.064020641366209e-07,2.5716270938222796
177637.56878466098,6.04534981374084e-05,-0.88349089414825,7.103132660366252e-05,0.7806497364112461,3.705020988747463e-07,-0.22004682357418676
177640.0700353875,4.983538529327223e-05,-0.854376988426237,5.635010397076399e-05,0.7801168565061908,3.0629088750325754e-07,-1.5118864129337468
177642.57128536797,5.957200208458284e-05,-0.9258699751687908,7.125939133987364e-05,0.879800718608798,5.919503359517153e-07,-0.6453130581672635
177645.07253609452,5.7491057096435736e-05,-0.8621049026982802,6.64719690960198e-05,0.8039470786120471,6.873258512573969e-07,-1.7443483325427662
177647.57378682104,5.3114619934365486e-05,-0.7428364293725671,6.152243847443234e-05,0.6285717969524202,3.009637735400691e-07,1.139217792759558
177650.0750375476,5.231025006801887e-05,-0.7849680224052702,6.186141828064392e-05,0.6503705654576326,9.555910511212964e-07,1.2332208803995717
177652.57628827414,5.626618627023087e-05,-0.7787230918009548,6.667979864242067e-05,0.6795584951466551,3.170978206608044e-07,2.6897523632255043
177655.07753900066,6.241634119739817e-05,-0.8663553089319006,7.336069887411102e-05,0.7788046543846378,1.864320828787046e-07,-0.19785144273113278
177657.5787897272,5.9249454766939345e-05,-0.8521584177828945,6.989367092518672e-05,0.7709864053212503,9.345912799478948e-07,-0.5711493094929905
177660.08003970768,5.497908348799646e-05,-0.7877190523968173,6.485920863134074e-05,0.7193106080916746,6.799482580327052e-07,1.9065039601825031
177662.58129043423,5.311941316200063e-05,-0.922414908684336,6.162137835010954e-05,0.8353525271405992,5.611080558380925e-07,0.004535076765956467
177665.08254116075,5.528695724481188e-05,-0.9063372264951322,6.435843029866189e-05,0.8662630841843625,6.436837941940181e-07,1.0520430064118935
177667.5837918873,4.9175699546557375e-05,-0.6786733441615019,5.695153462783817e-05,0.5632755833951143,7.462794524990956e-07,0.8541733475473364
177670.08504261382,6.203806878373818e-05,-0.8096008337461552,7.665837350961208e-05,0.7034516265359888,4.6957252493259914e-07,-1.6526733950542944
177672.58629334037,5.772851823288624e-05,-0.8755985822021225,6.636934141122369e-05,0.7879180110329125,7.83739917892469e-07,0.61845952199313
177675.08754406692,4.794827953678111e-05,-0.8083463961224673,5.315900575192605e-05,0.6784707162125518,3.0389480264671723e-07,0.8110871670661279
177677.5887940474,6.287893213335709e-05,-0.8621661838110761,7.452655475893352e-05,0.7852482138494915,2.472346841515547e-07,-1.5966500995107775
177680.0900447739,5.003595039722774e-05,-0.9116285782472019,5.757889164423962e-05,0.8307932132032461,5.915817930662854e-07,0.8001318934025305
177682.59129550046,4.819564527317199e-05,-0.9484008673013494,5.3561364502998976e-05,0.9143060854208563,3.560816583395851e-07,2.1594182135278697
177685.092546227,5.733314509702704e-05,-0.8823010816341226,6.861680734424646e-05,0.8098661145705094,3.312819688353739e-07,0.32339855028691267
177687.59379695353,4.857967987617618e-05,-0.8809663097206025,5.467633045273591e-05,0.7864060648501341,6.825427335444106e-07,1.2246553100031181
177690.09504768008,4.5349303713917835e-05,-0.8780181169094483,5.215631115330631e-05,0.7745857163171772,6.114179599773585e-07,-0.08099035456282899
177692.5962984066,5.588732498295893e-05,-0.8139406893855788,6.616722406847171e-05,0.7362717929546887,5.303073196156486e-07,-0.04723696563170548
177695.09754913315,5.303462097368164e-05,-0.8085054091521336,6.086229926006556e-05,0.7051821697488979,1.702195536900538e-07,1.3517947049119639
177697.59879911362,5.246817042642189e-05,-0.7764250596866825,6.092859145316543e-05,0.7023710703443712,3.449127247828868e-07,2.1809352419811274
177700.10004984017,5.052340816345851e-05,-0.7005156261877572,5.896438611670904e-05,0.5618734738120837,3.1630139696621173e-07,1.705476147902294
177702.6013005667,5.403559578745799e-05,-0.8664469181758471,6.406808173902978e-05,0.7950927032970557,3.2679490184583013e-07,2.180305886219931
177705.10255129324,5.357514935009909e-05,-0.9054560465464667,6.176892564258998e-05,0.8320516022716113,4.644007622717773e-07,-0.9493416486134587
177707.6038020198,4.969532663447967e-05,-0.8682610206666846,5.621473693570627e-05,0.7900631177932268,6.04203112069191e-07,0.5380590460203629
177710.1050527463,5.4151333336443365e-05,-0.785650645616015,6.303125750720519e-05,0.658525051676377,6.12818336292368e-07,-0.7086090530191923
177712.60630347286,5.580062325944864e-05,-0.8465948722599231,6.549637743859188e-05,0.7575858735658425,3.432924108978397e-07,-0.6732776992262562
177715.10755345333,5.876393087136919e-05,-0.7936876568382262,7.046675636853787e-05,0.7093641132231644,4.138705174096807e-07,0.1956481958112581
177717.60880417985,5.754922429781249e-05,-0.8810536366113401,6.775248234875207e-05,0.8014057235020168,2.7230435654161547e-07,0.3839710556721719
177720.1100549064,5.703204648551345e-05,-0.8263320018872816,6.668758624825867e-05,0.7570417265756298,4.14826754358438e-07,2.520690771522874
177722.61130563295,5.76767589149814e-05,-0.7402616133271712,6.965865035039885e-05,0.6497000198999409,7.924061005743989e-07,-2.233625076279013
177725.11255635947,4.8848766573653476e-05,-0.8391987559971832,5.533908688763889e-05,0.7519199196672969,3.132123346741306e-07,-1.7136147055694522
177727.61380708602,6.164917026089825e-05,-0.7836330858861524,7.34285592170044e-05,0.6964414352334657,4.21088613945023e-07,0.9694180141296669
177730.11505781257,5.539486098937848e-05,-0.9670933987897181,6.406668360729071e-05,0.9273304425623989,7.131278762948545e-07,2.6219433518342803
177732.616307793,5.356590037745028e-05,-0.7726439261239705,6.337247847671192e-05,0.6825569949984417,3.571887405528731e-07,-0.9737370305676407
177735.11755851956,5.2174006080917764e-05,-0.8642850235649263,6.0751191085974614e-05,0.797645825826528,4.4020389025383313e-07,-1.4456233685509086
177737.6188092461,5.420255954319516e-05,-0.7872140696796791,6.368627577380997e-05,0.6886818378136049,5.094334979251672e-07,-0.414175533610421
177740.12005997263,5.525187179838167e-05,-0.7022933539301107,6.470226143297374e-05,0.5945620311917126,4.0311681277533627e-07,0.3559268959452602
177742.62131069918,5.199073215438058e-05,-0.853933732015722,5.904798926998734e-05,0.74606264094087,4.0642851748924696e-07,1.9333443688785659
177745.12256142573,5.6707628087314605e-05,-0.6548840596905109,6.722240439360385e-05,0.5202698576891096,1.9078550448730634e-07,-0.6286948140634633
177747.62381215225,5.616827646831166e-05,-0.8212850107773823,6.585945634498857e-05,0.7209404130648768,3.9896698047257655e-07,-1.2654224224621489
177750.1250628788,4.740823482066623e-05,-1.1571716552019944,5.1719515107311295e-05,1.2240727953891524,6.524577561172259e-07,1.049625670456678
177752.62631285927,5.5199322053904e-05,-0.8737097446490274,6.502011251936347e-05,0.8195453686341254,4.3006989811810385e-07,-0.1601449581482285
177755.1275635858,5.311539288257926e-05,-0.8609176122668596,6.02700794251202e-05,0.8051929901085045,5.56348135756284e-07,-0.6487011744227335
177757.62881431234,5.309606051748364e-05,-0.8722323753566765,6.091124811168286e-05,0.7577887362728769,6.630196827920048e-07,-1.187277200278802
177760.1300650389,5.492552986110595e-05,-0.7646620016783955,6.542234363847115e-05,0.6725698082065085,3.1556981907447785e-07,0.7519682682703932
177762.6313157654,5.7814470614657845e-05,-0.7657646435927168,6.769984431071999e-05,0.6690181535493134,1.3518796455066804e-07,1.1159129095541258
177765.13256649196,5.9769927456060136e-05,-0.6643707786629125,7.432984612325487e-05,0.5654841202098548,2.38152678769065e-07,0.2655123353209086
177767.6338172185,5.6782498998876304e-05,-0.8131476137503235,6.7213612111959e-05,0.7527647976826567,2.3159993285619904e-07,-0.2609105117247507
177770.13506719898,5.252013532949032e-05,-0.840549045016353,6.113358913686513e-05,0.7612630737830568,3.675799892788907e-07,-0.9835226878777099
177772.6363179255,5.306835931637828e-05,-0.8139424709212478,6.142142022308805e-05,0.7223168506811894,7.239733984170833e-07,1.5364100766776092
177775.13756865205,5.703570294289278e-05,-0.8982095168780371,6.642469583566489e-05,0.8208063908850617,3.746266392573237e-07,0.15135364969146758
177777.63881937857,4.855629804945627e-05,-0.8451104809823954,5.705460340233748e-05,0.7634835306483162,3.393282360772884e-07,0.6723791320311499
177780.14007010512,4.966714142597116e-05,-0.7729272129125221,5.6574864673582786e-05,0.6445091093633261,2.107191477419194e-07,-2.21745697507226
177782.64132083167,4.895629759442377e-05,-0.8304985196222628,5.448442757678389e-05,0.738849795277498,8.572232284296254e-07,0.1642735354488179
177785.1425715582,5.625152831416884e-05,-0.7267905681796785,6.653735893049481e-05,0.6251541266887924,3.268516392568841e-07,-2.1038005918008222
177787.64382153866,5.1843230145707455e-05,-0.7601557793982546,5.9161362389268054e-05,0.6348172630339136,5.419084222592986e-07,0.12741700546092777
177790.1450722652,4.702706369735203e-05,-0.8532412591747438,5.090403575590202e-05,0.7472950114976175,2.721183757199944e-07,-1.3118984400595388
177792.64632299176,5.835370809602158e-05,-0.7534630849151978,6.83070887431833e-05,0.6781542776815345,5.743931709950527e-07,2.3447149647501386
177795.14757371828,4.506566689610218e-05,-0.7706577924284825,4.8704528768136095e-05,0.6468606420521816,1.3740365542038697e-06,0.7406537477572437
177797.64882444483,4.292844689649449e-05,-0.9352950422545283,4.821867055859467e-05,0.8703569979810738,5.992270017841581e-07,1.5583198557713265
177800.15007517135,5.605573414735822e-05,-0.9734227585241176,6.416019903643189e-05,0.945514044904289,7.55349020814651e-07,-0.591121885675176
177802.6513258979,5.87728833567761e-05,-0.8519856578506505,7.024945663206067e-05,0.7820513363088031,3.4096795433129984e-07,-0.8556305032854219
177805.15257662444,5.384514815084747e-05,-0.8910125556491683,6.421313701165967e-05,0.8317709835837849,2.4789090693783814e-07,0.3871440456502044
177807.65382660492,6.0865882957424346e-05,-0.928681656913477,7.063740277387605e-05,0.846901133074306,4.881683486565324e-07,1.4790309646931719
177810.15507733144,5.7166341346801344e-05,-0.7233992643350468,6.613550650893895e-05,0.6296332943252461,7.262743034871852e-07,1.306471214971486
177812.656328058,5.605526189755819e-05,-0.8091582352184562,6.76378298595366e-05,0.7166408889930672,3.013053805713167e-07,0.19183764893643185
177815.15757878454,4.53063353483922e-05,-0.9808315125733941,4.983389916015474e-05,0.9206355070755957,3.521685804009058e-07,-0.7173992758574496
177817.65882951106,5.305086387984946e-05,-0.8215948050734827,5.976212818957065e-05,0.7455378348750985,5.401159396122567e-07,0.8834477638956275
177820.1600802376,5.867002816318758e-05,-0.7933588854899811,6.857981702500067e-05,0.6983154020947018,8.303483351988284e-07,0.05555330249145631
177822.66133096413,5.7559481252344354e-05,-0.7017610245938068,7.128892005838595e-05,0.6502531895074298,4.023130167161574e-07,1.565027386509199
177825.1625809446,6.349557400884435e-05,-0.8507617603306495,7.560997903453172e-05,0.7784943355326263,6.483337971167789e-07,0.32380179732878633
177827.66383167115,4.732546060887833e-05,-0.6427320500281442,5.277353666299999e-05,0.48876206874547723,1.1102751578463216e-06,-2.6412518315711058
177830.1650823977,5.954469854200054e-05,-0.7086827617573601,7.303097128118204e-05,0.6092557063689165,5.258895116479494e-07,-0.5843926334867582
177832.66633312422,6.093188204208201e-05,-0.7152264355476323,7.404703620132273e-05,0.5947294650445077,2.519788732552858e-07,-0.29764353402565685
177835.16758385077,6.273343808204456e-05,-0.8660027247110229,7.403476769107726e-05,0.77235782982016,2.555113121989331e-07,-0.06947746087819243
177837.66883457731,5.3321584248586854e-05,-0.7055739411385155,6.255249292406929e-05,0.5746985201297088,3.514667313837914e-07,0.41456000010335997
177840.17008530383,5.3445617312452614e-05,-0.7722088205268247,6.171596497369829e-05,0.6524302980654753,5.308738934442161e-07,-1.9218783820743754
177842.67133603038,4.581283799176882e-05,-0.6132621471316617,5.1525912863851945e-05,0.4611224635480701,2.4511824151283026e-07,0.752168999368405
177845.17258601086,5.3754523859497455e-05,-0.7062390288951247,6.438007498741228e-05,0.589837727266922,6.13831766747398e-07,0.6444113699342054
177847.67383673738,4.8496369982082546e-05,-0.7535714834442382,5.2672456236088995e-05,0.6327481256751795,4.836521576954509e-07,1.6949611075111868
177850.17508746393,6.37113060024261e-05,-0.9724557534471115,8.133393169112196e-05,0.9374486604624098,1.7419708211282565e-07,0.35561805726131807
177852.67633819047,5.286427997338191e-05,-0.9434290759939375,6.049149362855601e-05,0.8813909327535308,2.1795857469845663e-07,1.0685997456902145
177855.177588917,4.792046927150824e-05,-0.9309661551282522,5.3682545721965974e-05,0.8772910646668367,1.1272074520072055e-07,-0.7643182426834088
177857.67883964354,4.598106972282878e-05,-0.9030746088224187,5.0124575710645216e-05,0.7844471189980246,5.417369584565591e-07,2.220006047588425
177860.1800903701,4.945403696362589e-05,-0.6482236401812819,5.7519126652603365e-05,0.5267634388046863,6.439467719080756e-07,0.882297388191232
177862.68134035054,5.547050167648859e-05,-0.785793240758863,6.555286123967372e-05,0.7062467876020759,5.546643371723121e-07,-1.1336155981848726
177865.1825910771,5.096817142242442e-05,-0.655283115349667,5.771309256048487e-05,0.5348662921506964,2.0534588258204776e-07,1.9128064167024754
177867.68384180364,5.7976332921992615e-05,-0.7330171726723786,6.764485303065732e-05,0.6334139775491542,6.628604959279571e-07,-0.5768015663885853
177870.18509253016,5.783373011924528e-05,-0.8431621988381002,6.847695184833869e-05,0.7745975929175033,3.243042030150258e-07,1.9186582172675388
177872.6863432567,5.0560348951851034e-05,-0.6619930378016508,6.0463519854967166e-05,0.517125714377584,7.064060196892567e-07,1.7674125978480497
177875.18759398325,4.642587516720192e-05,-0.6784391182024949,5.243775410345549e-05,0.4964798435065107,1.0486316413339528e-06,1.3320455813192742
177877.68884470977,5.614960359251766e-05,-0.8666132573977873,6.646537144215509e-05,0.8018716879980567,3.249479935148628e-07,-0.07909176050839879
177880.19009469025,5.7961538573514395e-05,-0.8123358501529053,6.873681076792303e-05,0.725844909137228,9.038431201810092e-07,1.174675945348759
177882.6913454168,5.8192600892337666e-05,-0.7914254462466135,6.781892701364635e-05,0.7072324181611092,1.983443302940021e-07,1.3215664798957072
177885.19259614332,5.265489646394627e-05,-0.8369790215453186,6.03526440213908e-05,0.7392459833875469,4.2059974209109655e-07,1.6365869262963486
177887.69384686986,5.2259372417104956e-05,-0.517165504105621,6.170720686375952e-05,0.3859995143691392,7.655248983297238e-07,0.8761037994137185
177890.1950975964,4.8563729053551717e-05,-0.6972263788702855,5.4679884492720035e-05,0.5975825325789081,3.956792864750431e-07,0.7109113419140407
177892.69634832293,5.649805048119631e-05,-0.9087034193385526,6.730084251003966e-05,0.8478565717668431,3.5909874206135496e-07,0.862931867166992
177895.19759904948,5.4488300653349985e-05,-0.75257270771779,6.174490686954895e-05,0.6644901880581433,6.978176619106778e-07,1.2070443418757681
177897.69884977603,5.349331448515022e-05,-0.9058598253980642,6.146928814351783e-05,0.8379953394176533,1.0436330074355605e-06,-0.5734916418346587
177900.20009975648,5.8314118943138546e-05,-0.7561249424517783,7.248188946484195e-05,0.6541468876915105,2.911119946585622e-07,0.7935847353036376
177902.70135048302,5.708324927928735e-05,-0.8372000253761537,6.646316409962097e-05,0.7397956020125854,7.271606339249799e-07,-1.679956000923979
177905.20260120957,5.795193641710272e-05,-0.7034108314008659,6.778956859402515e-05,0.573087225125087,5.869975184062805e-07,0.7064154309583212
177907.7038519361,5.713129388427997e-05,-0.8544469244206865,6.777945257965976e-05,0.7740490113944882,3.756726546369331e-07,-0.8151473236247304
177910.20510266264,6.450394049003552e-05,-0.8628419773738151,7.717860320885243e-05,0.7835251923939993,1.1958526814070972e-06,0.24995559325032005
177912.7063533892,6.10112182811246e-05,-0.842711151710607,7.39562043781827e-05,0.7879889967632873,5.76709769804167e-07,-0.8716490719439404
177915.2076041157,4.981225705000288e-05,-0.7062284305344338,5.694850047098702e-05,0.5697265650877924,6.302696802313586e-07,1.6971842206751624
177917.70885409618,5.056818482839963e-05,-0.738695216057907,5.94942621270961e-05,0.6556565201001711,3.647891182219447e-07,1.6862342771526375
177920.21010482273,5.704816656964438e-05,-0.8909855504652653,6.703105739941019e-05,0.8525221128346093,2.916226140287512e-07,0.23742747688294163
177922.71135554925,5.106323488571942e-05,-0.7963967674709493,5.789125830069422e-05,0.7234737173523879,2.564138241727453e-07,0.021192893679151573
177925.2126062758,5.0983610962626454e-05,-0.6594287367218071,5.988637769756783e-05,0.5376095519325129,2.716332762415786e-07,1.9662866273203081
177927.71385700235,4.886620992192077e-05,-0.6769053311857105,5.619065104041919e-05,0.5115011412685365,5.853796974015539e-07,-0.5368572258878886
177930.21510772887,6.086127364138103e-05,-0.7207157057273373,7.33558842463567e-05,0.6161199873775517,6.073990636233164e-07,-1.340394823528172
177932.71635845542,5.233483625745812e-05,-0.8793338976083329,5.9882050407895394e-05,0.7972412730634973,5.254872454473251e-07,-1.2628894397282824
177935.2176084359,5.8554194379223386e-05,-0.9205635726923803,6.71210987819966e-05,0.854757934543954,1.8132637034523238e-07,-1.46478112679387
177937.71885916244,5.782826283054503e-05,-0.8788515722814748,6.806413554617815e-05,0.806518554678853,5.158326019249971e-07,-0.1529520050093827
177940.22010988896,5.081583170333557e-05,-0.8268817440529186,5.69830809536417e-05,0.7276774355416258,4.841351708462471e-07,1.2517470248502767
177942.7213606155,5.929840392750106e-05,-0.833502144228512,7.174765648122264e-05,0.776979841591575,8.732862917444751e-07,0.04115950643157289
177945.22261134203,4.988078044534036e-05,-0.8610054095581636,5.5673328317935e-05,0.8062470256174072,4.0526167902808176e-07,1.8241023955247526
177947.72386206858,5.44732316386397e-05,-0.6913927547868085,6.457843349536605e-05,0.5544344455908949,5.433015641341648e-07,0.5138179379143742
177950.22511279513,5.1794234820868424e-05,-0.7670825128589184,6.049949241612944e-05,0.6877596695795438,9.043162406778303e-07,2.399750607111766
177952.72636352165,5.227102238512204e-05,-0.8997452457820536,5.9770835018156595e-05,0.830448149839591,6.151040185563086e-07,-2.5856970576688
177955.22761350212,5.355254751803235e-05,-0.8531474919646211,6.161593268183033e-05,0.7543059944522444,6.612602228665239e-07,-1.5541065101523648
177957.72886422867,5.38088428978853e-05,-0.8918637686622907,6.157484592473731e-05,0.8272703282419276,3.2521927616667455e-07,1.9256330475837775
177960.23011495522,5.57434002608229e-05,-0.6834337314679294,6.774466851770741e-05,0.5485731878326382,3.763763654037009e-07,1.410252827134946
177962.73136568174,4.8019555798126776e-05,-0.7637681709448401,5.4223392185502904e-05,0.6785461629959799,3.096567600256162e-07,-2.4710779108987717
177965.2326164083,5.381979764563868e-05,-0.7281566218689707,6.358106745858848e-05,0.6152832550277167,9.516786447995767e-07,1.8068135615325558
177967.7338671348,4.6797690157021274e-05,-0.8859107701626721,5.114476295339556e-05,0.8100881135692631,5.349949109940398e-07,2.0882276144641416
177970.23511786136,6.083204448763747e-05,-0.8403245496467238,7.270534835133759e-05,0.7388985667431244,2.1590384288291695e-07,-1.005998881761824
177972.73636784183,4.802674213107535e-05,-0.9042618397543212,5.247867549568719e-05,0.8154858865149077,1.1205821204092136e-07,0.046412770340481975
177975.23761856838,5.4926247986334005e-05,-0.661395425114144,6.586752338731863e-05,0.5315416177336025,5.254281234684492e-07,0.7307782157463514
177977.7388692949,5.22470501006369e-05,-0.7572116009358133,6.000938590595154e-05,0.6465446643113737,4.838843844842706e-07,-1.369243581304944
177980.24012002145,5.779758366199472e-05,-0.7975899826323357,6.750265401816573e-05,0.7096581787627395,4.722657318213537e-07,-1.0968084984652962
177982.741370748,4.7767516503796254e-05,-0.7591279980129632,5.242694817689509e-05,0.6138857080002557,3.213643926552403e-07,0.8265606385488984
177985.24262147452,5.252069195096857e-05,-0.7922996590037045,6.002536807569746e-05,0.6909599602133897,3.617518084263357e-07,1.1075359075755695
177987.74387220107,5.8138062758066496e-05,-0.8155580577140656,6.617610202891381e-05,0.7363562573305358,7.364397672907641e-07,1.3621760579472055
177990.2451229276,5.526850242751953e-05,-0.8710269518728001,6.523384947456513e-05,0.809120152554693,7.978507603564674e-07,1.519680440961779
177992.74637290806,5.392268654843038e-05,-0.9254529070395033,6.0521562723619836e-05,0.8472198804682688,4.1627304695054264e-07,1.7664539741726728
177995.2476236346,5.329983230492719e-05,-0.8605427197206287,6.2118963609803e-05,0.7957412574462175,3.26936999479594e-07,0.6367251654640506
177997.74887436116,5.305074494641361e-05,-0.8592644552406732,6.12518733166796e-05,0.758534675054594,5.449037201427471e-07,1.440161300657892
178000.25012508768,5.738328847865191e-05,-0.8096918139391779,6.898442895997404e-05,0.732267724534195,8.084154639621069e-07,0.6362059059201961
178002.75137581423,6.0248551081003696e-05,-0.7957431049021608,6.956054389242818e-05,0.712970470539962,7.251151305561761e-07,1.6259923198626682
178005.25262654078,5.288143982027576e-05,-0.8792984461519151,5.9454744732725416e-05,0.8429146975717584,4.702231107180922e-07,0.07774231578137386
178007.7538772673,4.999154557637823e-05,-0.8750705061120245,5.6421685848798226e-05,0.7896969531847312,8.554524459531127e-07,-1.4827173535784532
178010.25512724777,5.409745851882093e-05,-0.8299213022870036,6.271255713743031e-05,0.7210203536573514,1.025726619128622e-06,1.115263324447617
178012.75637797432,5.642361734654602e-05,-0.9172841585359779,6.601032637193872e-05,0.808868742563052,7.341219311982951e-07,1.5772132285059501
178015.25762870084,5.194778841872614e-05,-0.8185317256841794,6.033001179262376e-05,0.7241081217372864,8.469937083967278e-07,-1.8376718921331194
178017.7588794274,5.2607262434985404e-05,-0.8771439866770614,6.020499890997189e-05,0.7775416477174348,4.947252798649372e-07,1.4485981701291764
178020.26013015394,4.8543692770166e-05,-0.683809328592315,5.5530968846495976e-05,0.5276662670627799,9.305102570800985e-07,2.7120334256404477
178022.76138088046,4.6413993030635414e-05,-0.7523694373889914,5.367497530121606e-05,0.6413398511110785,4.1009416908521344e-07,1.840974264928408
178025.262631607,4.852115975491022e-05,-0.8451888515004382,5.604200812403002e-05,0.7311093251951589,1.0366348147516698e-06,-1.2210047041274417
178027.76388158748,6.404666642295477e-05,-0.9666725471848798,7.572129108653154e-05,0.8793339540273014,2.2790053674498798e-07,1.6286948461173643
178030.265132314,5.5301240842674374e-05,-1.0437163359638268,6.603117315215371e-05,1.0388355371775722,7.292949725650675e-07,-2.0812985120832344
178032.76638304055,5.8024260254034597e-05,-0.7681883502489557,6.930903272267636e-05,0.6875732949680814,4.454915734778101e-07,0.17995216492505267
178035.2676337671,5.3169953909059536e-05,-0.8583890124909622,5.99530300354505e-05,0.7688858780630409,1.1390303954956185e-06,-0.7941261845240762
178037.76888449362,6.200033100329446e-05,-0.8608841783055327,7.2760245866308e-05,0.7953882083452078,6.653412685832256e-07,0.31683495886375673
178040.27013522017,5.436697249654751e-05,-0.7753915337834055,6.364249883988181e-05,0.6706178786471689,3.06473872479325e-07,0.5656900836041514
178042.77138594672,4.453159575437189e-05,-0.7799494493069319,4.8594239859587876e-05,0.7224172582148892,8.199510661734794e-07,1.0663747712871245
178045.27263667324,5.496351830468767e-05,-0.8942536570530693,6.410445293819579e-05,0.8030610743177198,4.595824245118971e-07,-0.5442784906403813
178047.7738866537,5.157469552643457e-05,-0.901995424377227,5.873283887914378e-05,0.8321572369042952,2.483059530189401e-07,-1.0912925010684897
178050.27513738026,5.6583183046122906e-05,-0.8068212626859885,6.442044745942721e-05,0.7131266763603396,6.42369667155974e-07,-2.0229361587998738
178052.77638810678,5.000680511211585e-05,-0.9074621446812496,5.6274175125568856e-05,0.8561536384271755,8.139019015104059e-07,2.3098156356654065
178055.27763883333,6.130041516519439e-05,-0.8336786620856752,7.405684232603791e-05,0.7395955420587962,1.9653532174720295e-07,-1.7863642020740516
178057.77888955988,5.764087676752961e-05,-0.7964454915969842,6.877729423939279e-05,0.7014419709527238,4.620560647806715e-07,-0.24595043357259494
178060.2801402864,6.346197320212461e-05,-0.7462722004478647,7.672251049744271e-05,0.6304842766197111,4.375079471046895e-07,0.1154649827490217
178062.78139101295,4.675379588722623e-05,-0.9758710015372146,5.186411577025588e-05,0.9309280019573701,4.676861488296748e-07,1.0149000390685963
178065.28264099342,5.131591655666172e-05,-0.8530007741869818,5.762010239929791e-05,0.785411586801218,1.5449230295140156e-07,-0.39489408510189483
178067.78389171994,5.2956992941507735e-05,-0.9292595165410368,6.0934488672009924e-05,0.8572904857130345,9.129771632933191e-07,0.1956332390951169
178070.2851424465,5.288524205337654e-05,-0.8186214506635243,6.100266850331827e-05,0.7142259103902273,3.2924135080194684e-07,2.6543462830631803
178072.78639317304,4.928851222249881e-05,-1.0177387508723037,5.5103049005669074e-05,0.992660082628984,4.5742410084480464e-07,-1.5622291937620612
178075.28764389956,4.746817941749605e-05,-0.8198836507980395,5.387181738010498e-05,0.7271481153253337,1.729685356338593e-07,-1.1418407794772814
178077.7888946261,5.207490377681706e-05,-0.7560205962560381,6.0243758734026974e-05,0.6561484965973622,1.7437652632657866e-07,0.5601803698904613
178080.29014535266,4.588041223804343e-05,-0.8592732878060955,5.134458323427029e-05,0.7359379575580731,4.800822183465223e-07,0.4449040451456226
178082.79139533313,5.7417554648736386e-05,-0.924774446219603,6.716773394536325e-05,0.8501204691605895,8.152098298834482e-07,-2.7713033945534256
178085.29264605965,5.492952964357122e-05,-0.7279385026486518,6.384298146376377e-05,0.6035194023157208,5.116204599260848e-07,-0.36569728657555356
178087.7938967862,4.815476545657149e-05,-0.782168219199845,5.4701060119336765e-05,0.6597268954070051,2.496961945088639e-07,0.7505584564095668
178090.29514751275,5.7873653200406e-05,-0.8893705511025878,7.061755322490742e-05,0.8161104793415862,3.1162590569418804e-07,0.3642898044560671
178092.79639823927,6.081665486786451e-05,-0.9928443485162928,7.06552150345195e-05,0.9669067490667537,3.1795206603049445e-07,1.5240079793700025
178095.29764896582,5.268592719069643e-05,-1.0064241781207128,6.105339298962069e-05,0.945216329758864,6.025863608350531e-07,1.462837011119676
178097.79889969234,6.647859584090514e-05,-0.8656048206494111,8.031954558041459e-05,0.8032886437850543,4.28641362368743e-07,-0.9191538272476899
178100.3001504189,4.7363678092263154e-05,-0.8077893760311962,5.2742083170846604e-05,0.7075174151585365,5.1549256705816e-07,-0.3200352516007597
178102.80140039936,6.171833816748714e-05,-0.8353485595741722,7.185799597175886e-05,0.7465548694367584,3.992649145500253e-07,-0.6858917707923289
178105.3026511259,5.48247599621898e-05,-0.7556537694571238,6.603375645826599e-05,0.6558788947979922,9.322967352289438e-07,1.5658800817603957
178107.80390185243,5.34424273279579e-05,-0.8935130197325295,6.040384483149482e-05,0.8448809950196876,8.250399531017292e-07,0.7310183202685637
178110.30515257898,5.34417352207178e-05,-0.7166939327642952,6.116620736139958e-05,0.6184495500541349,1.2738854913551472e-07,0.015917994867075527
178112.8064033055,4.9069397824181015e-05,-1.017599383353439,5.4915589952800694e-05,0.9699019470201495,5.406578554935216e-07,-1.6784690127434247
178115.30765403205,5.029833480278507e-05,-0.8753893922514133,5.633344447901072e-05,0.790311634920537,5.271652531647855e-07,0.6314124080088902
178117.8089047586,5.3305154760430015e-05,-0.831991500300423,6.163890904592101e-05,0.7425384360543864,5.743175778676089e-07,2.365055818736784
178120.31015473907,5.769684235774126e-05,-0.7081952142079752,6.703125155637961e-05,0.5691624743738495,6.05347512247027e-07,1.4171070060057416
178122.8114054656,5.494787117788673e-05,-0.8973207192160642,6.255811972611976e-05,0.7970563637083127,7.025594129182467e-07,2.5615105487507845
178125.31265619214,4.651986702113958e-05,-0.6999211023262021,5.313372317833749e-05,0.5780164841659483,3.8280251867907234e-07,0.14983114769746317
178127.8139069187,5.32586152993942e-05,-0.8149293115458723,6.227615037178536e-05,0.7205497933248329,8.228287826895026e-07,-2.846529632842937
178130.3151576452,5.512038060567299e-05,-0.8877892465196832,6.445919904608625e-05,0.8006261994976316,8.655915182014427e-07,1.0571277819826013
178132.81640837176,6.22065859058152e-05,-0.8043791907241126,7.335192411762602e-05,0.7115642348038946,4.845973820491022e-07,-1.3643471481688607
178135.3176590983,5.4277108246648714e-05,-0.727946439754808,6.177363365578006e-05,0.6131842307105382,6.719037796041685e-07,-1.204053045542743
178137.81890982483,5.4928116087729985e-05,-0.8567423065783247,6.268629966657949e-05,0.7586331264525843,4.812658091962799e-07,0.5815867420852983
178140.3201598053,5.696410751285728e-05,-0.8137900019800138,6.689130892053197e-05,0.7358767039419223,4.1383777857683853e-07,1.599355854042258
178142.82141053185,5.0617570904868695e-05,-0.8069329744302551,5.715538078223568e-05,0.6865016230138847,2.387189108641073e-07,0.09013451635911193
178145.32266125837,4.986925925047279e-05,-0.8335692639849004,5.586308296119535e-05,0.7465169756102948,6.1099278779877e-07,1.6516408103013256
178147.82391198492,5.0242306669610676e-05,-0.8695527172027938,5.719950867312875e-05,0.8030648144957421,2.8305288776444096e-07,1.4238614247397448
178150.32516271147,5.665439738985952e-05,-1.0608168260944741,6.85058798462181e-05,1.0684554688745802,4.403862213295423e-07,1.494144033734964
178152.826413438,5.92750151440734e-05,-0.885766097271348,6.957181737709735e-05,0.8086161491755183,2.5602337364553926e-07,0.293464431108849
178155.32766416454,5.735814705656452e-05,-0.7225781682629567,6.692874091813634e-05,0.6181718278793464,5.285591951916714e-07,0.8768972870860322
178157.828914145,5.806511524907569e-05,-0.7802200020517394,6.841810106895597e-05,0.7173571584948271,3.2313160637413573e-07,1.1229292716838764
178160.33016487153,5.096723952857171e-05,-0.7145012666782522,5.811002110736172e-05,0.5864590257271912,8.543666098251863e-07,-0.7923808395182228
178162.83141559808,4.0386708124425724e-05,-0.7917912805349399,4.38874903287277e-05,0.6827946366534734,3.185120726980669e-07,1.1679652312347366
178165.33266632463,5.7819413538186405e-05,-0.6831910444908315,6.926495636771373e-05,0.560170362139686,4.3657194889956553e-07,2.107719744955745
178167.83391705115,5.1990712033618205e-05,-0.8470279174735975,6.020511708325609e-05,0.7477058386760044,3.746085981313665e-07,-1.319688179542161
178170.3351677777,5.366956366743423e-05,-0.7770423586828696,6.425169285453963e-05,0.6827621816612943,4.001086871889873e-07,-0.37634921852175074
178172.83641850424,5.2723758917347575e-05,-0.9260029333977805,6.192268177724227e-05,0.8492000419864848,5.198947112893931e-07,-0.9916930489727179
178175.3376684847,6.0031835031475764e-05,-0.8249793783844053,7.060997449819735e-05,0.7471553046329766,5.323898854674922e-07,0.20433879261184834
178177.83891921124,5.658885334159351e-05,-0.8820498003832218,6.653650920893343e-05,0.801125726239048,6.129040545361411e-07,-0.19133658618788665
178180.3401699378,5.759957284782218e-05,-0.7610992054268254,6.969983126493433e-05,0.6328755305945224,6.786976272659399e-07,2.4651617872712355
178182.8414206643,5.684072573797797e-05,-0.8065114146004333,6.656419988589003e-05,0.7027588966247102,5.410485498799473e-07,1.832978997794028
178185.34267139086,5.9877488128127724e-05,-0.8790559025620629,7.073281664203156e-05,0.8176020942900846,7.591264948619147e-07,-2.4301389007446152
178187.8439221174,5.84768683715656e-05,-0.8103278441066543,6.966788065610569e-05,0.7284875556651809,4.0213842316443543e-07,0.9798954912866915
178190.34517284392,5.8679363510365796e-05,-0.6731340084404502,7.204743841010925e-05,0.5939136351347594,1.632578132499925e-07,1.5587383078505237
178192.84642357047,4.663654243055425e-05,-0.7166913726246172,5.2129333973427616e-05,0.5814252101131029,8.198994797539758e-07,-2.518567122919196
178195.34767355095,5.951238602262188e-05,-0.8830058562399782,7.034386098813574e-05,0.8161749301041458,4.68285022302371e-07,-1.857878182903668
178197.84892427747,6.0416329901647056e-05,-0.7707152391048079,7.181396373923329e-05,0.6694896791444063,4.046539619350987e-07,1.3034489248915628
178200.35017500402,5.019341014379517e-05,-0.7474602953672541,5.6651173352656e-05,0.6392038299674188,2.2539939360486823e-07,0.8847522341625312
178202.85142573057,5.572058738052287e-05,-0.7990571337422736,6.324675151656359e-05,0.7315676908514424,8.304952562218412e-07,-0.14292664117536272
178205.35267645709,5.051380779438029e-05,-0.8341514448317624,5.692792789994885e-05,0.7629331109800016,5.582163290532682e-07,0.7153612348543783
178207.85392718363,5.3966907275550056e-05,-0.7452731649176535,6.393853950591098e-05,0.5983680384414231,6.193970841405511e-07,1.5841371335760461
178210.35517791018,5.0616964868276576e-05,-0.8845229341038988,5.582436453500086e-05,0.8210372591553274,1.4048735376512387e-06,0.8110898717971657
178212.85642789066,6.520587216463652e-05,-0.7150803693219067,7.78427730867885e-05,0.6039674683699172,2.9211162363421343e-07,1.1956663396682636
178215.35767861718,4.553466325735111e-05,-0.8436865944179923,5.184455242023795e-05,0.7523096228365393,3.5794289597014877e-07,1.9183688218645776
178217.85892934373,5.197623698067257e-05,-0.8217087523967685,5.723293899568941e-05,0.7235779284281738,2.7391821014724506e-07,-1.9969478519785322
178220.36018007025,5.408925013962788e-05,-0.8847937566749708,6.342841950390605e-05,0.8354660812858382,1.9444275428763648e-07,0.4714890068428709
178222.8614307968,5.297843113597062e-05,-0.8317370841357096,6.323629370155105e-05,0.7277159578090424,4.057789686720584e-07,0.5326618444239811
178225.36268152334,5.093650015380975e-05,-0.7921069287693776,5.9108122897344805e-05,0.7175733360731021,6.299120462697261e-07,1.5695352792872246
178227.86393224986,4.824513040853074e-05,-0.7660313109219344,5.57454995188118e-05,0.6398969390320737,1.2796850044023923e-06,1.716146395937864
178230.36518223034,4.8215243967938555e-05,-0.706132108744791,5.593066240479041e-05,0.5723862616862574,4.859029118046469e-07,0.8438736852215858
178232.8664329569,5.5814237217860336e-05,-0.8607993237007248,6.53609086984171e-05,0.7832834038178305,3.650593530436126e-07,1.1458954486433295
178235.36768368343,5.2931456956623526e-05,-0.7589549695857173,6.166894635027704e-05,0.6605428644257322,3.546687073208216e-07,1.572214484823743
178237.86893440995,5.791916766131298e-05,-0.7569015062990482,6.900106315628176e-05,0.6622242755982445,7.070721861992696e-07,0.9608344766084937
178240.3701851365,5.125369494673237e-05,-0.7320091001366169,5.916348704583107e-05,0.6457492963524422,4.714006248020289e-07,0.9835419885506731
178242.87143586302,4.872589169309345e-05,-0.8495600895802129,5.669483317251382e-05,0.7238524725887235,6.112224667893218e-07,0.566866182756849
178245.37268658957,5.011390389007859e-05,-0.746932752971557,5.7274458550760264e-05,0.622872144462583,3.434998446142532e-07,1.0981520132942835
178247.87393731612,5.868184456318307e-05,-0.8103302698473107,7.01593620038261e-05,0.7221924029865098,5.882799363598813e-07,2.4983886268706943
178250.3751872966,5.0095470422611686e-05,-0.8465448285905698,5.704217501868778e-05,0.7686511508638187,3.5289796076272125e-07,-1.495347967001621
178252.87643802312,4.7221418359540845e-05,-0.8991882230170288,5.1606012680565304e-05,0.8512651274020187,5.015335313046575e-07,0.3488741263787175
178255.37768874966,4.872882244763778e-05,-0.8783172010108932,5.312764505050078e-05,0.8217369391526215,4.3402808985659974e-07,1.3352755389349957
178257.8789394762,4.7055112563661574e-05,-0.7224899104264435,5.2099760230554206e-05,0.5795193857882399,5.815528936138047e-07,-0.7750764386149331
178260.38019020273,6.014833432499662e-05,-0.8555148998222661,7.148003301663478e-05,0.7732414443558605,6.174254417262426e-07,2.1348924710546444
178262.88144092928,6.245769475628274e-05,-0.9002844124103333,7.545375993194557e-05,0.8481765000388334,2.2123732196376037e-07,-1.2054405972592104
178265.3826916558,5.257005234717793e-05,-0.903562168928435,5.991237855658566e-05,0.8415875045585701,4.047965630510194e-07,-2.3400625638458696
178267.88394163628,4.786046488807176e-05,-0.8941516136179836,5.403845237793575e-05,0.786725173324883,3.711756414223279e-07,1.5110193444099884
178270.38519236282,7.016430782903783e-05,-0.9534257599936103,8.847620194464857e-05,0.8801151033377682,5.358079288720221e-07,2.8228061720717554
178272.88644308937,5.590465175559489e-05,-0.7874762886865785,6.576512389138172e-05,0.6753373148667399,4.785959158872319e-07,2.771163668211376
178275.3876938159,5.548393868985625e-05,-0.7751309704284762,6.3997249666906e-05,0.6934228811399727,5.74975579875767e-07,0.35197356423067466
178277.88894454244,4.929704195707665e-05,-0.8116952543452786,5.5892918622831435e-05,0.7405721504154604,2.4068794406078655e-07,1.1600733382135624
178280.390195269,5.597190355427136e-05,-0.8250576194959761,6.608476575399075e-05,0.7172030933026382,2.4584796940054736e-07,0.30327807796865647
178282.8914459955,4.7715522546846776e-05,-0.9805921818868635,5.362701209260397e-05,0.9907293627025601,5.77386328129568e-07,2.007297539415893
178285.39269597598,5.8700007217553016e-05,-0.7759371114687615,6.787672806686846e-05,0.6673290823600019,1.255363802345613e-07,-0.0965880728752097
178287.89394670253,5.432562088783983e-05,-0.7053976337431982,6.470917558531938e-05,0.5917849439843123,4.03182399253106e-07,0.29766103934388705
178290.39519742905,4.6222507469684085e-05,-0.7693954756416121,5.2209629795301916e-05,0.6882397302823877,4.005173347952099e-07,0.5570141887516299
178292.8964481556,5.4962184149421786e-05,-0.7675612779030567,6.496977902532421e-05,0.624987521133096,3.6940461933408656e-07,-1.3482028689435515
178295.39769888215,5.470622946159105e-05,-0.7488366642483901,6.490718292974512e-05,0.6480371510916906,5.53883147386089e-07,-2.0952384603435834
178297.89894960867,5.982847714422388e-05,-0.7519663286018539,7.08359093006861e-05,0.6524723821211339,4.872923798839935e-07,1.3376143384738244
178300.40020033522,4.507520590293146e-05,-0.7858998893999513,5.082491491426783e-05,0.696148056157274,2.8836397774178704e-07,-0.7641223341646854
178302.90145106177,5.333582201826397e-05,-0.8718347292406495,6.01777059131878e-05,0.7651826549245225,5.161579087785374e-07,1.3616216245608248
178305.4027010422,4.8859655526463644e-05,-0.8839576768781648,5.5512143272430215e-05,0.8231699716639215,4.5652313664519564e-07,-0.2669090740415856
178307.90395176876,5.977476752738068e-05,-0.7261031468036216,7.125328478070003e-05,0.6053570699181136,4.940482314265477e-07,-0.9247453520771517
178310.4052024953,4.9471943289540284e-05,-0.8654660196640697,5.638714747925755e-05,0.7699510924249809,2.850010862344028e-07,-1.28165838380593
178312.90645322183,6.350041704999852e-05,-0.831149537261994,7.544197137361643e-05,0.7423476913599727,3.681385440745289e-07,-0.16685577288158704
178315.40770394838,5.827861257652433e-05,-0.9212255161873887,6.973535566692765e-05,0.8556042454903404,5.108074845949308e-07,2.6402895425843305
178317.90895467493,5.486996143376376e-05,-0.8410603249659248,6.43753272449209e-05,0.7664226573446222,3.155984736284536e-07,0.49582262834070356
178320.41020540145,5.334753126767539e-05,-0.8409703547742732,6.336825270327422e-05,0.7359311314592688,6.792872467857187e-07,-0.8333204097529531
178322.91145538192,4.98471348537345e-05,-0.8171864578628014,5.588577287289096e-05,0.7083458549368269,4.897960778611364e-07,-0.3278083119383197
178325.41270610847,4.795169495568744e-05,-0.816242113974574,5.41842944508361e-05,0.6866904322759403,1.8656174242566446e-07,-0.34399725946491316
178327.913956835,5.281915317875744e-05,-0.7907000416620786,6.119622104223425e-05,0.6985712251866494,6.773402624894029e-07,-0.18720132755413496
178330.41520756154,5.914235369698647e-05,-1.0356528885852314,7.085151485524713e-05,1.0151467315242984,7.740018807428919e-07,0.7776370904404399
178332.9164582881,4.951236933714436e-05,-0.8802287826517006,5.6033778121197044e-05,0.78863353337689,6.217103515302858e-07,1.2968274705723126
178335.4177090146,5.6234381605429694e-05,-0.8009431233014938,6.498741648445014e-05,0.7067088380374973,4.1372744558399267e-07,0.3998804554699245
178337.91895974116,6.0384692472426e-05,-0.820650629355453,7.20811777484257e-05,0.7360681220520082,3.1233542196247905e-07,0.42875709611980173
178340.4202104677,5.6512499116304144e-05,-0.8508035855643434,6.57184559098114e-05,0.7954178889622828,4.5136802559040026e-07,-0.8553913762382739
178342.92146044815,4.3131847561831914e-05,-1.0050180619460147,4.7100273299373915e-05,1.0405487896102352,3.5902147052920997e-07,0.21526887517538187
178345.4227111747,5.398735031475094e-05,-0.7227827462078393,6.203868270155609e-05,0.6215062892268379,4.225294101283568e-07,0.09609058541913093
178347.92396190125,5.379442238755836e-05,-0.61452722072745,6.556297017729234e-05,0.4978178291178727,4.0569186819194876e-07,2.2332792152881265
178350.42521262777,4.8415730242677196e-05,-0.8891666493037478,5.517777298890573e-05,0.8167067230280364,6.344048416881361e-07,-2.8084840917435656
178352.92646335432,5.814378647560727e-05,-0.8167635867263315,6.819747515954996e-05,0.7298700416192164,3.5483604480274966e-07,-1.6632115425199339
178355.42771408087,5.0398238238127415e-05,-0.8693460702478213,5.6803817203774815e-05,0.7665852763402765,2.608759807629955e-07,1.0259366941192296
178357.9289648074,4.633123875856542e-05,-0.722400932364445,4.9965532627428294e-05,0.5835206232709361,7.140844802174194e-07,0.0851632035829277
178360.43021478786,5.125351532061563e-05,-0.826012474221113,5.8378393271741476e-05,0.7367075270956072,4.909332421823062e-07,2.0400788611823857
178362.9314655144,4.770647808138904e-05,-0.6696152955848218,5.468739823260081e-05,0.5164263256359808,1.3474843348595677e-06,1.8385898017875453
178365.43271624093,5.7888342590081885e-05,-0.7465900183721397,6.966593753400578e-05,0.6375020929411046,5.25259199436323e-07,-0.7705681192152598
178367.93396696748,5.467301732103907e-05,-0.7415080302020155,6.248034383471063e-05,0.6459210250812967,2.1435194450864783e-07,-1.4326886080995644
178370.43521769403,5.5819634834198036e-05,-0.753444258520169,6.376291088878887e-05,0.640163599405007,2.7233756880339453e-07,-0.3231232407005563
178372.93646842055,4.9218129064374194e-05,-0.792502194936623,5.5792517917197035e-05,0.7170498774113429,5.110530775576216e-07,2.171574254607886
178375.4377191471,5.442944352234599e-05,-0.7300043984545819,6.576514982056342e-05,0.5986095984687352,7.049327059863325e-07,0.17554619735523352
178377.93896912757,6.111257645715905e-05,-0.6301898101123676,7.355408692428664e-05,0.5340016816325438,2.6129621299257313e-07,0.7026639242653459
178380.44021985412,5.376981660811521e-05,-0.8586992820328063,6.108310568813135e-05,0.7650717031768632,5.24327771062767e-07,-2.3345240758627166
178382.94147058064,5.319764159342267e-05,-0.7930219178402168,6.176509479153477e-05,0.6855426403715236,8.620323479247138e-07,1.0830665236498918
178385.4427213072,6.066538121064788e-05,-0.7664665159722268,7.139117982253781e-05,0.6654362322161936,3.5880134281484205e-07,0.6603514022617231
178387.9439720337,4.536520385331527e-05,-0.7108928324887066,5.1462286887432575e-05,0.5885182446451488,4.3688683574716003e-07,1.8688131165524622
178390.44522276026,5.5951013609618925e-05,-0.7458244127553332,6.660223323442874e-05,0.6025595437110046,5.410110847954814e-07,0.034305447325902225
178392.9464734868,4.992786927626981e-05,-0.942664156601551,5.521325872106917e-05,0.8706318189632551,3.596505999408303e-07,-0.32086682058606897
178395.44772421333,4.893621446653983e-05,-0.8827532642284659,5.616144995111072e-05,0.822245292915573,6.491317500706497e-07,-1.7779575037418773
178397.9489741938,5.665114635944088e-05,-0.753367280289985,6.678246646577884e-05,0.6728700296242104,4.505288534864409e-07,-1.8985017723699023
178400.45022492035,5.2360215616950855e-05,-0.8720067881929476,6.154551079235483e-05,0.7885054637137328,2.4877211065092084e-07,0.38208191292099636
178402.9514756469,5.010418388650806e-05,-0.6913212614442102,5.6455743678363256e-05,0.561506590908877,3.2784095859322745e-07,2.2415878011138286
178405.45272637342,5.646253726442129e-05,-0.7286055926153742,6.70316364013223e-05,0.6187150023484321,1.8510158508140631e-07,-1.4762675696695036
178407.95397709997,5.0105225702361927e-05,-0.8602332543505236,5.879323186056004e-05,0.7915281673275707,7.710058585178198e-07,0.7826525446103646
178410.4552278265,5.0759808434629814e-05,-0.7896720628463794,5.817365517579127e-05,0.6575064076186707,4.823931588734791e-07,-0.8271864160654786
178412.95647855304,5.286795766137596e-05,-0.83225613145658,6.215999054384584e-05,0.7628078100548598,1.138733422286603e-06,-0.5638781726545603
178415.4577285335,5.482293664551684e-05,-0.769533520723183,6.569476777500381e-05,0.7008483499296019,1.0331922730426898e-06,0.31181036541152457
178417.95897926006,5.455379921998985e-05,-0.8635672499356679,6.161293015967496e-05,0.8121449203632288,4.157829115489092e-07,-1.1191738430321756
178420.46022998658,5.7309551221750275e-05,-0.9317217905295841,6.605629113677122e-05,0.8538025851444583,9.873921882356553e-07,0.9345813839911559
178422.96148071313,5.6713165017626595e-05,-0.8810072869554686,6.625743829378978e-05,0.7771821972935502,1.041898992181185e-07,-0.30892184464839856
178425.46273143968,4.9486748128572134e-05,-0.8647717300858269,5.626297250616613e-05,0.7989013693317912,1.5790997808067167e-07,2.8661600038692896
178427.9639821662,5.447526956017506e-05,-0.7383758911616136,6.36133671799183e-05,0.6466270475364218,1.0598045282115758e-06,0.9376280621668062
178430.46523289275,4.662185380784058e-05,-0.9353417780448933,5.1679230358864685e-05,0.8595391164585608,5.821934225806192e-07,-0.6360855198655481
178432.96648287322,5.820035635391036e-05,-0.8604820364997589,7.050002106456801e-05,0.798557909618805,8.084901110934835e-07,1.4588769495832135
178435.46773359974,4.899945791578679e-05,-0.7864800627844882,5.685577836300774e-05,0.6416526892472126,5.172573665485844e-07,-0.027839804387625976
178437.9689843263,6.328852324875038e-05,-0.8607901401049115,7.632003081770328e-05,0.7894394716268898,9.07093281694044e-07,1.9780154232709721
178440.47023505284,5.173414225330463e-05,-0.8602267396554177,5.791464205743828e-05,0.722843240262463,3.8928535918074546e-07,-0.20045530162336148
178442.97148577936,5.447347534655282e-05,-0.9266380430754626,6.433737689040139e-05,0.8723037379596803,3.655947212369415e-07,1.2647718109859214
178445.4727365059,4.960472749146361e-05,-0.7675973577418101,5.6327968605299745e-05,0.6719236785269926,3.554434916237714e-07,0.029735832513913853
178447.97398723246,5.683891605030493e-05,-0.993869974410883,6.555308145961754e-05,0.9617067855424709,2.992383331646242e-07,0.6649472926727414
178450.47523795898,6.0107965844297504e-05,-0.7107687843043717,7.240287115930684e-05,0.5893711384804321,5.966672002363616e-07,-1.0313428629432937
178452.97648793945,5.2974739044203003e-05,-0.7266373922279783,6.178476465390411e-05,0.6087152109271937,3.640387438300367e-07,0.14521235695456938
178455.477738666,5.342336632570586e-05,-0.8421463362658099,6.134710008780731e-05,0.7945611656382793,5.737231343934353e-07,0.4313433404691111
178457.97898939252,5.591863440261842e-05,-0.8760310617189248,6.536053517530676e-05,0.8014762635852198,1.4171094337080963e-07,-0.8319591229723636
178460.48024011907,4.7365063439900195e-05,-0.8521801666283523,5.3199378735388276e-05,0.7587796640867643,1.2169626000365156e-07,-0.22646912410337233
178462.98149084562,5.315439793881776e-05,-0.6374753814088595,6.14615783727962e-05,0.5016911678759456,2.841451874524554e-07,-2.171139256912391
178465.48274157214,5.413177320071882e-05,-0.9529521328970583,6.254853016197717e-05,0.8953733733220792,8.081301742331223e-07,1.8493298107698548
178467.9839922987,5.503008858508673e-05,-0.6349869382388293,6.588774076310753e-05,0.5086282841379497,5.113870970808485e-07,0.1950191641737719
178470.48524227916,4.880896873974014e-05,-0.8013697728388246,5.655896102916184e-05,0.7073975547333462,7.892937916956354e-07,2.095445715131349
178472.98649300568,6.0006681320522564e-05,-0.8423975543289308,7.07107761434282e-05,0.743609016332133,4.840563879089826e-07,-0.41465168843120953
178475.48774373223,5.333386103841624e-05,-0.7715702719447142,6.087970614395574e-05,0.6796551761262469,4.647939216137602e-07,1.2031600719308884
178477.98899445878,5.1831320874584856e-05,-0.7906988141175587,6.0498317097918245e-05,0.679764275841775,1.0831415675124937e-07,-0.07648047496216087
178480.4902451853,5.7601343966245914e-05,-0.7793804158703814,6.729047438534623e-05,0.683084341126572,7.560998588118478e-07,-0.37834494673894153
178482.99149591185,5.7927268334109255e-05,-0.7992206748306975,6.747700019626948e-05,0.7075344031599827,1.4876415972960998e-07,2.1137149182811696
178485.4927466384,5.8110189760980784e-05,-0.8197686254566087,6.86199568211374e-05,0.7592259810062504,5.463912274018326e-07,0.11879486334832692
178487.99399736492,5.3414937284335113e-05,-0.79860900068573,6.0332320588588456e-05,0.7014290307694039,4.520338633464312e-07,1.1316733382322157
178490.4952473454,5.508281841990387e-05,-0.7531883742658644,6.420655630818699e-05,0.6473828651174172,3.6193652878812385e-07,-1.1108605648056977
178492.99649807194,6.745929841768973e-05,-0.8729029952906399,8.203578780108952e-05,0.8144033842175631,7.041595215925459e-07,-0.3346630386455254
178495.49774879846,5.6224295030981514e-05,-0.8156577748858149,6.449870509810304e-05,0.7212687059268078,6.543994174336448e-07,-0.4167031951126614
178497.998999525,5.047484994401111e-05,-0.8963547351611411,5.816338872719324e-05,0.8214435043037228,1.9766747852030492e-07,1.559582255199039
178500.50025025156,5.8152135976059305e-05,-0.9330729346383697,6.868441161578964e-05,0.9108039599911513,2.439924715246605e-07,1.22862006879442
178503.00150097808,5.4507292415844e-05,-0.7952886596921214,6.448128637098976e-05,0.7103844430105133,7.086238033474591e-07,-1.569946116384511
178505.50275170463,5.947900649598696e-05,-0.778082660626294,6.871000447976897e-05,0.7084278455159074,7.658448635686517e-07,-1.6922521575290168
178508.0040016851,5.007339444824354e-05,-0.8621302799006018,5.730722829521005e-05,0.7842711484040783,5.93944901158745e-07,-1.4453452232082271
178510.50525241165,6.168147830838275e-05,-0.8931903184758588,7.52156479838641e-05,0.8527262637618255,5.825193016021075e-07,2.474936232546303
178513.00650313817,4.9811968276531235e-05,-0.8350985735954551,5.537732777228136e-05,0.7347959762494017,1.912103921229256e-07,0.6760232428201765
178515.50775386472,5.464322578066956e-05,-0.7110972003785268,6.259839867785679e-05,0.5960196987237892,5.628022992668135e-07,0.3758847134066418
178518.00900459124,5.074808549859502e-05,-0.9106972071611211,5.8855309196064475e-05,0.8460743145529721,5.982189492459605e-07,0.8045571873942813
178520.5102553178,5.499308380638972e-05,-0.8484491902575482,6.432784196589517e-05,0.7659975082719354,4.582661786123042e-07,2.0016601228236746
178523.01150604433,5.233837935223888e-05,-0.7391056941541401,6.088321114835513e-05,0.6217928819084797,6.995889068573479e-07,2.6137888405441125
178525.5127560248,5.069143650705982e-05,-0.9825994138865259,5.832337048998855e-05,0.9380639197165177,7.109776872145385e-07,-0.06970471724204537
178528.01400675133,5.350277209688214e-05,-0.7635416836526292,6.252374163640722e-05,0.6330822850765517,5.2604208857051e-07,1.0901561677349392
178530.51525747788,6.170754147211575e-05,-0.7702677625215347,7.345003312933769e-05,0.6575688495363848,4.140100106898897e-07,-0.9496972841084099
178533.01650820443,6.056421172201021e-05,-0.7855634002562369,7.325947674665883e-05,0.6881714920626433,3.9589716968839897e-07,-0.6942082095716493
178535.51775893095,5.528229084490175e-05,-0.6152737470550914,6.457159662490957e-05,0.48542569721503676,2.469621459728428e-07,1.3682203190011313
178538.0190096575,6.0013218840854966e-05,-0.9330209761613188,7.182208189465016e-05,0.8873497064653494,6.242657039648304e-07,-0.19123461340922998
178540.52026038402,5.659575172277319e-05,-0.8788580638926614,6.580514820131423e-05,0.803837066145114,7.139921004686633e-07,-1.463078490597684
178543.02151111056,6.0332540749919436e-05,-0.7223332827404113,7.178804815327546e-05,0.6264942663245892,3.796122415758316e-07,1.1836657785731015
178545.52276109104,5.64761738433951e-05,-0.7036939643581298,6.734403364852799e-05,0.587913774596872,2.7747604466984325e-07,0.9270865428897079
178548.0240118176,5.639399436818571e-05,-0.8551022098966234,6.594600382430134e-05,0.7431432464474201,3.717260375671861e-07,-1.7350639070075027
178550.5252625441,5.737711644063966e-05,-0.8695968491325804,6.623499562083453e-05,0.7833449405596161,7.651775569639732e-07,-1.1033995556376637
178553.02651327066,5.368839806837836e-05,-0.7382744434259165,6.292598302834075e-05,0.6375859527486435,1.6934084772713219e-07,-0.3960718063336656
178555.5277639972,6.220855386385028e-05,-0.8777995208731236,7.458992750086131e-05,0.7788749620481319,3.9919470593618664e-07,-2.0492564589948543
178558.02901472372,5.213498852020178e-05,-0.65828363577646,5.950120494917911e-05,0.5373875695378332,4.21413787976761e-07,1.2300255067414627
178560.53026545027,5.2507779887795617e-05,-0.8498524342496279,5.9004652308913116e-05,0.7759602346852412,2.3189465341241292e-07,1.9843185658140199
178563.03151543075,5.323160621983205e-05,-0.7972143334055133,6.145001640810525e-05,0.704003282530005,5.967914293093793e-07,1.6829454444250571
178565.53276615727,5.8121831387072726e-05,-0.8457001653365708,6.805512164167347e-05,0.749802961795554,4.794014970568799e-07,-1.0941803618981334
178568.03401688382,5.218510660981012e-05,-0.8462224887060737,5.9091728707983245e-05,0.7373595124084321,7.738375502659339e-07,-1.3998792730765957
178570.53526761036,5.8651495613274194e-05,-0.9390192906907338,7.05015214671048e-05,0.8683434109142173,2.649052064652941e-07,0.3150050220766078
178573.03651833688,5.340414341753796e-05,-0.7388421334539652,6.0892334932287436e-05,0.6303456204977801,9.24707326434498e-07,-1.3872430712206771
178575.53776906343,5.932358056681679e-05,-0.711427720330011,7.05412421090826e-05,0.6089302161300427,2.7015995537025036e-07,-0.520762300423976
178578.03901978998,5.971387587236895e-05,-0.8066572008468395,7.031792187492382e-05,0.7328200706762785,3.8528197231064073e-07,-1.0291909402867097
178580.54026977043,6.06851568769194e-05,-0.8119396689973367,7.158884505810477e-05,0.7380361452004848,7.082551229904942e-07,0.6758503981549834
178583.04152049698,5.364714122133041e-05,-0.81548451242211,6.052509700264368e-05,0.751345247163687,2.9355866883856625e-07,0.4818271632631238
178585.54277122353,5.6959335257943045e-05,-0.8378893369825412,6.805439021609526e-05,0.7667033920192962,7.979161163950189e-07,1.152682663156699
178588.04402195005,5.903874464528161e-05,-0.6692038276131206,7.155483469789256e-05,0.5423836615430295,3.483627059442508e-07,1.294170937254226
178590.5452726766,5.5165165847683376e-05,-0.8839630441638331,6.443237320139018e-05,0.8023955018554711,3.1371124489789085e-07,1.0609936450726594
178593.04652340314,4.7044149275560716e-05,-0.890336933749952,5.346739856395621e-05,0.7927427328016637,3.261184228668821e-07,0.8984178621154235
178595.54777412966,5.530095450428568e-05,-0.7398624507921233,6.526983282219115e-05,0.6415186435794679,4.3926828409969224e-07,-1.750764428687514
178598.0490248562,4.80206299835778e-05,-0.7242162672531011,5.5408205311811784e-05,0.5732368783346893,4.448659675889651e-07,0.18778942287896258
178600.55027483669,5.2116305964652194e-05,-0.7214781951594769,6.154609971755058e-05,0.6107723694082426,3.563421988867283e-07,-0.36723545652917544
178603.0515255632,5.456885066368916e-05,-0.826723413348498,6.39507096338634e-05,0.7080759938871247,5.584227067612934e-07,1.5458499132315908
178605.55277628975,5.156665678764362e-05,-0.8229445929734583,5.986479922476591e-05,0.7086265347508441,5.085914682590889e-07,0.7583763535702264
178608.0540270163,5.8869221434850865e-05,-0.7808189082536076,7.137389434036619e-05,0.663371376606606,2.9478610322035875e-07,-1.6687047124349832
178610.55527774282,4.9746446106180724e-05,-0.9260322057458585,5.642567069363788e-05,0.8519520008929428,6.487478297898141e-07,-2.077201916612305
178613.05652846937,5.713165393195306e-05,-0.7088256209311565,6.614575821855387e-05,0.5889970734004313,1.2483483784979928e-06,0.7862280359000405
178615.55777919592,5.625075479368667e-05,-0.890949260977653,6.659888365521855e-05,0.8192032772996245,2.8284626757591504e-07,-0.6930246531438925
178618.05902917637,5.938451360199814e-05,-0.7839275616468281,6.844694596548664e-05,0.6883170534742215,6.964878833010219e-07,1.2008007969543697
178620.56027990291,5.376758505976077e-05,-0.9904768766135621,6.297135281593287e-05,0.9483292948388035,8.380486218991301e-07,-1.645054405411573
178623.06153062946,5.3925077257868556e-05,-0.8689359374027208,6.29437574409146e-05,0.7695533717180418,1.4809441628883421e-07,-1.3365357793029888
178625.56278135598,5.986142221140347e-05,-0.7304335336102888,7.28577511042587e-05,0.6304987490780457,4.033963539938904e-07,0.5628455015349121
178628.06403208253,5.326297826335094e-05,-0.8028253139915059,6.273505655788059e-05,0.6848224820172863,2.2752183227826982e-07,-0.6834108585248503
178630.56528280908,5.5929654659760205e-05,-0.6792702650698632,6.447069389076533e-05,0.5231384283891716,6.048955826612558e-07,2.618165818566704
178633.0665335356,4.7825264740037425e-05,-0.8243799204962224,5.2816246631288265e-05,0.7358215683761488,2.3093257191211578e-07,-1.28273132813366
178635.56778426215,4.953573564075404e-05,-0.8625251862008757,5.495720047574107e-05,0.7593165222129681,2.819663972920364e-07,-1.3630150436407018
178638.06903424262,4.878849037752732e-05,-0.8197101363761409,5.6049730318260495e-05,0.6748675117728801,5.22203275532737e-07,1.6211977780748972
178640.57028496914,5.4550627632953847e-05,-0.8730075551555666,6.485909324410236e-05,0.7824560468553619,3.8872150861492026e-07,0.6015382087600291
178643.0715356957,5.3252238347056336e-05,-0.8472487388849976,6.433253914888433e-05,0.7531137193622718,4.5201705009022895e-07,1.7159782091595723
178645.57278642224,4.994194724648599e-05,-0.8626450077937031,5.6932980816205777e-05,0.7860962019111435,6.55816516777823e-07,2.018966149428121
178648.07403714876,5.576993079470748e-05,-0.8773402513944368,6.498456693460487e-05,0.807190914219919,5.626771561445458e-07,0.16338688308540494
178650.5752878753,5.293513068498704e-05,-0.9251969535398498,6.0958976655710076e-05,0.8595609393552709,5.50033975269592e-07,-2.0375605502468535
178653.07653860186,5.710576742433518e-05,-0.8973920841636412,6.779298149582798e-05,0.8189318815457534,1.2597959258262577e-06,1.4750650991160035
178655.57778858233,5.1046659209233e-05,-0.962697540040054,5.762738018556365e-05,0.8479232836255277,3.589249578189767e-07,-0.0020229380585740503
178658.07903930885,4.602835375370174e-05,-0.7353262969723052,4.9865175902798395e-05,0.6245059021718723,8.0093109942449e-07,-1.9018906455870832
178660.5802900354,4.88424825594632e-05,-0.9335382125896419,5.38522427514383e-05,0.8856421332860624,5.692487119253343e-07,-1.0046664410729031
178663.08154076192,5.659535227554933e-05,-0.9084260758518231,6.716043077084856e-05,0.8242015174427847,2.4398795398788806e-07,-0.5338648997875021
178665.58279148847,5.301091605813185e-05,-0.8268737311906873,6.17363764718647e-05,0.7816086260419325,3.9418369491322127e-07,1.3594961004415036
178668.08404221502,6.0991687461965974e-05,-0.7591100864998647,7.226033950097482e-05,0.6469039617454034,6.159394701593871e-07,0.6570390180871317
178670.58529294154,5.84719950781784e-05,-0.8411966650162188,6.9110100138474e-05,0.7558574132330118,2.786830632018761e-07,-0.418553161314874
178673.086542922,5.385707204346227e-05,-0.7703912126194635,6.207281681966983e-05,0.6519463468709501,5.874689373230229e-07,-2.1347870769965307
178675.58779364856,5.903956457360765e-05,-0.7958813908973301,7.041714618062857e-05,0.7266863024480892,4.6890940763398775e-07,1.4313923692552453
178678.0890443751,4.7882174601685025e-05,-0.7185009656951614,5.3678838991078695e-05,0.61405232091631,3.817845393384932e-07,-0.050748879674941155
178680.59029510163,5.991033502788044e-05,-0.9192831027728061,7.143229037072438e-05,0.8757426893962101,3.0299056923397135e-07,-0.35251836159116307
178683.09154582818,5.965052383610332e-05,-0.8846688558206821,6.929901197523779e-05,0.7989870079029118,3.7007407845776075e-07,-0.21436253175154027
178685.5927965547,5.29674768459895e-05,-0.8299190694637985,6.012734314414709e-05,0.7233978778841912,3.388035673375585e-07,0.7487839221687033
178688.09404728125,6.328411477811307e-05,-0.7982022719603149,7.59675358031834e-05,0.7057042898085951,3.1573092585351736e-07,-1.405565914863618
178690.5952980078,4.661493201052852e-05,-0.7146268789572222,5.097742563241673e-05,0.5679058262095238,4.6997415368315764e-07,-0.11678151292678851
178693.09654798827,5.7197736349902956e-05,-0.8140390802670308,6.96395575540146e-05,0.7481586383670304,3.0484359513450363e-07,-1.2378703242713367
178695.5977987148,5.138764064710694e-05,-0.7789909408505751,5.920732630534238e-05,0.680091286408637,3.42977422533013e-07,0.8555485491054658
178698.09904944134,5.279762287120374e-05,-0.7068793269123189,6.102175100905413e-05,0.5822993269739389,5.262892819503471e-07,0.6127983570731458
178700.6003001679,6.771910680810965e-05,-0.6859292698319248,8.253878218427494e-05,0.5769638659411392,8.674497438054479e-07,1.9488517209373948
178703.1015508944,5.321897448868177e-05,-0.7879139541092871,6.200824445794589e-05,0.712351865004718,4.4635456778354224e-07,0.11544707538466797
178705.60280162096,5.8212285968058625e-05,-0.8258077726751594,7.019528911611278e-05,0.7417638310555555,4.619617231254206e-07,1.0698379745195024
178708.10405234748,5.786222696413417e-05,-0.883178518092147,6.82779454183014e-05,0.8120609345176161,1.4987834189620091e-07,-0.45463070109547116
178710.60530232795,5.6069429272538456e-05,-0.8391845217446172,6.68368551159309e-05,0.7250455997292965,3.324089453619531e-07,-2.1136557834024994
178713.1065530545,5.7290706734232614e-05,-0.8121826522217639,6.769915669936989e-05,0.7546373817949693,1.5649903892775806e-07,0.4242433895070623
178715.60780378105,6.969331477723241e-05,-0.7261775484660724,8.723835837433682e-05,0.6160399832569244,4.80500290674326e-07,2.453031539439133
178718.10905450757,5.6330412248434e-05,-0.8300052158176765,6.378454088981926e-05,0.7522721317749242,6.087091451101674e-07,0.9979000644337982
178720.61030523412,5.611980014986242e-05,-0.7168438909572503,6.623249278191738e-05,0.6005084463246879,4.2777217539673094e-07,1.572116676309699
178723.11155596067,4.477999926439473e-05,-0.8142861723008755,5.0199299208597845e-05,0.6875732936801434,2.7297851467419504e-07,0.2743907555614843
178725.6128066872,5.503875722564654e-05,-0.7366847077136542,6.515755640032435e-05,0.5977283212649303,4.279164212012504e-07,0.9605964038430752
178728.11405666766,5.555375428236379e-05,-0.7747243641484876,6.526331902407363e-05,0.653284747296226,3.0484703662054976e-07,-1.1752889559720199
178730.6153073942,5.9133716013315964e-05,-0.7886524728498633,7.183840776748768e-05,0.6911386893037255,3.40509632184386e-07,0.5563544355755616
178733.11655812073,5.6635460625833404e-05,-0.7525396321992682,6.585297394479228e-05,0.6209963108509868,1.788507144157149e-07,0.31504191149548255
178735.61780884728,5.427899298679228e-05,-0.8289795123984373,6.432664809030189e-05,0.7280584141111256,6.000839383043845e-07,1.3104055119129778
178738.11905957383,5.0087351147249776e-05,-0.6730851179665941,5.739508815011382e-05,0.5310068169869259,5.850898621352975e-07,-0.1346239139335299
178740.62031030035,5.269572939154373e-05,-0.8992524385608782,6.053018553303581e-05,0.8099264206309428,4.5528553573096593e-07,0.19709459904676596
178743.1215610269,5.952333282535251e-05,-0.760248385345672,7.108268461452758e-05,0.6789679129082361,2.6806956491431145e-07,-1.0576489186918048
178745.62281175345,5.993887619246693e-05,-0.7435062235114038,7.027229006853935e-05,0.6244671900389721,3.6131744609812523e-07,-1.4400517805250268
178748.1240617339,2.7026497817572428e-05,-0.9964274609810911,2.3794807645339187e-05,1.037435182634269,2.1422133916071845e-07,2.821207971832279
178750.62531246044,5.359660418704136e-05,-0.680253172125619,6.361245105091287e-05,0.577829374928668,1.4615704688421585e-07,-0.43983504607594853
178753.126563187,5.152684607299782e-05,-0.7155771864027973,5.846039328366855e-05,0.6080638843350975,5.29736522093251e-07,0.14446070193753968
178755.6278139135,5.081457822009894e-05,-0.726665452074719,5.804811300715296e-05,0.594563750919913,4.978746245766599e-07,1.777280515547968
178758.12906464006,5.3937796939609135e-05,-0.844755629214962,6.33448728670811e-05,0.7568101992950249,4.7207709985335286e-07,2.1970489658213617
178760.6303153666,4.732427587997127e-05,-0.7709635167070131,5.330949313464474e-05,0.649201306274051,3.2613044408693607e-07,-0.18062334947377498
178763.13156609313,5.533795572884075e-05,-0.8649401091720866,6.484623029541286e-05,0.7913036035919946,8.124661371954337e-07,0.731817039395566
178765.6328160736,5.167926731836428e-05,-0.7508362725992002,5.871082802800044e-05,0.6327979487847047,5.070998290450412e-07,-0.9130494090782917
178768.13406680015,5.2259667002561536e-05,-0.8925789942869511,6.065277937714421e-05,0.8291986850474883,8.705073266528994e-07,-1.4991689037189488
178770.63531752667,5.356415219987773e-05,-0.8774973056157196,6.196019395244503e-05,0.7957172354910196,1.0440268422402955e-06,-0.9963646157444344
178773.13656825322,4.873448495908134e-05,-0.7685300349020232,5.571758539407116e-05,0.6340809667696734,9.334438255691763e-07,-1.999775192176515
178775.63781897977,5.70871376166109e-05,-1.0074669050852938,6.459646339420161e-05,0.9673197758230829,9.230064701400965e-07,-0.6260849668834267
178778.1390697063,5.239197539897517e-05,-0.7845001932228594,6.223530300337893e-05,0.6734134660190028,4.1585947489662145e-07,0.39734326456808844
178780.64032043284,4.710434315156565e-05,-0.8506702139574899,5.4284120110325254e-05,0.7676556477669851,6.678905772479867e-07,-0.14111229175318923
178783.1415704133,5.373148749166116e-05,-0.7409393096551616,6.240254430390744e-05,0.6546982530440387,6.057799043286519e-07,-1.2516444749006754
178785.64282113983,5.4355867977829466e-05,-0.7457901337552696,6.314055328030994e-05,0.6531957448875383,3.662240667608412e-07,0.40244667483868457
178788.14407186638,5.695941100109618e-05,-0.8375835465413252,6.726942046502031e-05,0.7794747460860542,3.839376554160933e-07,0.4994109493356804
178790.64532259293,6.239493724239043e-05,-0.7874917736912234,7.453102114563161e-05,0.7035606179484797,5.650458999099685e-07,1.3771714434919253
178793.14657331945,5.393538146199195e-05,-0.8899546564221964,6.0853127426958256e-05,0.8319484877246031,4.755370871063817e-07,0.2655621310736219
178795.647824046,5.226601051645663e-05,-0.8585360140423354,5.806933377193601e-05,0.7549656738916379,6.009952343241553e-07,1.356006657081421
178798.14907477255,5.5324215915293336e-05,-0.8218108884354882,6.317897202712272e-05,0.749968145659324,9.536098512920263e-07,1.9538106738063277
178800.65032549907,5.691509756679541e-05,-0.9041968848531052,6.913158159525691e-05,0.8466167975546179,3.9882691056021403e-07,-0.16416619112738728
178803.15157547954,5.1253040937016044e-05,-0.8413178964552965,5.907603072662981e-05,0.7462943449598491,6.371075148388494e-07,-1.5759059900151169
178805.6528262061,5.60347485744953e-05,-0.7706275446388998,6.637715157731867e-05,0.6641728474246182,1.7048692920038932e-07,-0.478855819074508
178808.15407693264,5.4188137615363986e-05,-0.7521543318693371,6.341112615924609e-05,0.6132410622802348,6.525843790779536e-07,-0.21364952053091144
178810.65532765916,4.645917099599141e-05,-0.8521749804124009,5.126388733724355e-05,0.7703655503724669,8.983580881932846e-07,-0.3473391595796978
178813.1565783857,5.0730965993737695e-05,-0.7602804689824673,5.7789507890640384e-05,0.6482083773847434,6.699737145681057e-07,-0.5320523347015331
178815.65782911223,5.5511943501622693e-05,-0.7776550888508753,6.464868092360287e-05,0.6557633468401325,7.501935592167409e-07,-0.8001014635853475
178818.15907983878,4.587910949598216e-05,-0.7378352566158047,4.997868019677599e-05,0.6334224005989261,7.03809796097665e-07,1.6332163332540226
178820.66032981925,6.817867734485968e-05,-0.7957410124628829,8.363377093203256e-05,0.7058464801558236,5.51365477273836e-07,-1.4565329480516838
178823.1615805458,5.360781481891928e-05,-0.8232457349323979,5.990968185977778e-05,0.739005532258153,4.977383745113571e-07,-0.010478722366446105
178825.66283127232,5.7471640134384186e-05,-1.0079629297247943,6.695995761480415e-05,0.9665965738071902,3.3524420175114063e-07,1.9596173664041079
178828.16408199887,5.329381817329328e-05,-0.7685526646248804,6.048432830775577e-05,0.6434884670737335,6.48721785274482e-07,-0.5365746035922363
178830.6653327254,5.092847196606706e-05,-0.6870919832779865,6.03052446722427e-05,0.5619596270489866,1.638793327897272e-07,2.154393668129346
178833.16658345194,5.58810278584817e-05,-0.7870216365748707,6.558625534260147e-05,0.6744983227083771,3.142304093751161e-07,0.6222739618171663
178835.6678341785,5.7548892696016655e-05,-1.0662489158042137,6.682624756931322e-05,1.0466816429296024,3.2873808056136017e-07,-0.832577140825957
178838.169084905,5.6940477238724823e-05,-0.799784625889789,6.633530455401475e-05,0.7122288534735093,3.0388059556588533e-07,1.3989919842891574
178840.67033488548,4.7335530351407485e-05,-1.0626424757204196,5.4103847781924015e-05,1.0281675425776335,2.625025192630497e-07,2.256358749365795
178843.17158561203,5.475999031410878e-05,-0.9255253145423448,6.262471560510294e-05,0.8918413098065012,1.3981881177420814e-07,0.10762060510890811
178845.67283633858,5.2893074400914544e-05,-0.736389639055141,6.181122715565452e-05,0.6175070871416373,5.424600992525476e-07,-1.016289680451451
178848.1740870651,5.1804942637916766e-05,-0.6984816520330794,5.9562097068206815e-05,0.5461198038996535,6.808023406484358e-07,-1.0904277410703676
178850.67533779165,5.41952614168812e-05,-0.8480067604938092,6.373683380066436e-05,0.7539167785526387,2.06193424609743e-07,-1.660328464764099
178853.1765885182,4.834989455707157e-05,-0.7398846384252635,5.4000471017770846e-05,0.6352829601948103,7.445129671701962e-07,-1.130868549627543
178855.67783924472,6.001970833756179e-05,-0.8195557222401947,7.170080057301094e-05,0.7439895406323104,3.082816377593113e-07,0.7228616021283559
178858.1790892252,5.813321235109148e-05,-0.7288622139394614,6.963349994651357e-05,0.6027420622811442,5.792962954461422e-07,0.8458437106773559
178860.68033995174,6.0881633152234935e-05,-0.8084410656122569,7.274619304869691e-05,0.7325042059884184,3.099011859328321e-07,-1.5926061202696276
178863.18159067826,5.4011899203506585e-05,-0.837575048727991,6.304871666298224e-05,0.7227533448382581,5.231880351902494e-07,-1.8191637166970076
178865.6828414048,5.5227253486542695e-05,-0.833912189954739,6.520528743659698e-05,0.7429491271380763,7.575292684736052e-07,0.9147627730592038
178868.18409213136,5.5413631221139126e-05,-0.7543173369624562,6.456597875289616e-05,0.6554869616701986,3.5170405602182783e-07,-0.11694384555792693
178870.68534285788,5.596122568285084e-05,-0.8049696720953501,6.522978904433175e-05,0.7149427481061335,6.722303937994005e-07,-0.6935913290193836
178873.18659358443,5.021000377582144e-05,-0.9936227988433214,5.646648059782636e-05,0.9483303498469143,4.6929708136150477e-07,0.6157004326416243
178875.6878435649,5.4035902257822105e-05,-0.7729588403011861,6.338840657175983e-05,0.6772655260332846,3.492103154989378e-07,1.6856732294210495
178878.18909429142,6.049260056330597e-05,-0.7145533931913254,7.403868644238621e-05,0.6409253953509693,3.448030172782438e-07,1.8749569435393196
178880.69034501797,5.7254234959668405e-05,-0.8478916071337212,6.713762489766643e-05,0.7764306561699631,7.921282156815773e-07,-0.7408984880614451
178883.19159574452,5.743036805150388e-05,-1.1113544792403833,6.778935896503734e-05,1.1120209348177448,6.202806254805393e-07,1.4396154006779727
178885.69284647104,4.3975199172163495e-05,-0.9485194510799794,4.830095068116785e-05,0.8722176731072369,6.62873303442524e-07,-0.045539735729297606
178888.1940971976,5.0504605372197076e-05,-0.8227395094033145,5.707623288785901e-05,0.730985082853761,5.961040539193322e-07,-1.7857346490922121
178890.69534792413,5.501931774515458e-05,-0.9572290036134536,6.445502718000654e-05,0.9161283056525367,2.3983978502580043e-07,-0.05346213124574852
178893.19659865065,5.4318530372289195e-05,-0.787122128203189,6.301837576301062e-05,0.6806808594678936,4.892992022133771e-07,1.6499347813579686
178895.69784863113,5.002327599946707e-05,-0.7959603660189724,5.740723136135176e-05,0.7141717308028104,6.81095428842066e-07,-0.22313209894147895
178898.19909935768,5.9312781961383446e-05,-0.820885676453624,6.85326514875227e-05,0.7372619701046481,5.408437843702295e-07,0.3353110214382027
178900.7003500842,5.8434475014952736e-05,-0.750595066795013,6.80816481517921e-05,0.6276625754276253,5.006290285665709e-07,1.3692575107404297
178903.20160081075,5.765120205147126e-05,-0.8005097500307925,6.737967369210047e-05,0.6997132627234782,2.937505584894303e-07,0.9610665461893331
178905.7028515373,5.496385296057267e-05,-0.8032003439020147,6.377931148822394e-05,0.7157059936096412,5.213628988373927e-07,0.8309684652283795
178908.20410226382,5.859457514123878e-05,-0.8053533791947861,7.005537131816698e-05,0.7030088459605521,8.296241307548935e-07,0.11512311772236278
178910.70535299036,5.387803815838908e-05,-0.9098386488640585,6.424452234813702e-05,0.821514010145725,4.1298589320580145e-07,1.13008469483878
178913.20660297084,5.00076423021552e-05,-0.7545136774015712,5.8620003210133464e-05,0.6578554687093833,3.343766103896021e-07,-2.5079209515437078
178915.70785369736,5.097018033430097e-05,-0.8503729616013266,5.915180614638059e-05,0.7698287041864796,6.298109738194099e-07,-2.0354337031979846
178918.2091044239,4.9251022573189066e-05,-0.9010220719286398,5.5292500379414016e-05,0.8255151239851551,3.35337688578754e-07,2.201072537061551
178920.71035515046,4.980868704633945e-05,-0.8389984433817583,5.554539426852259e-05,0.7287893353426051,2.4122699906288814e-07,0.09397900376435547
178923.21160587698,5.299740866141062e-05,-0.7783909632834178,6.179475714007699e-05,0.6689381666700839,3.446313310998293e-07,-0.23532128627840784
178925.71285660352,5.124800984344308e-05,-0.7358801831562065,5.8044559190465303e-05,0.6319459075797511,5.922872886719557e-07,1.2200293154657178
178928.21410733007,4.936375892238783e-05,-0.7848064426949141,5.7074846193271895e-05,0.6958905487677659,5.371676709085929e-07,0.37143820952113854
178930.71535731055,4.56633143544029e-05,-0.967080327370342,4.998461358684052e-05,0.9533785561645257,2.1655130830865123e-07,0.19778491997329015
178933.21660803707,6.295167950815673e-05,-0.7972799969320741,7.526346279764342e-05,0.7260929307550356,7.314458982954103e-07,1.653074583000264
178935.71785876362,6.38190591928964e-05,-0.7587321650044324,7.743701618742694e-05,0.6576195806635422,1.3636453746993504e-06,1.2779290754213428
178938.21910949014,6.641217523570248e-05,-0.9404395795639787,8.067391669808551e-05,0.8663511693612977,9.907798935275663e-07,2.07728740492131
178940.72036021668,5.5441974159222425e-05,-1.2004846564782052,6.615286290147097e-05,1.1960763497146067,3.1471507471254294e-07,0.35922025407349417
178943.22161094323,4.7688471625034146e-05,-0.7480878623758983,5.229586081621054e-05,0.6482661449012987,2.866021411811563e-07,1.5064179923016552
178945.72286166975,5.313010044356806e-05,-0.9525999612597923,6.234183232247893e-05,0.9000261744538315,6.459530341906613e-07,-0.041639160824051315
178948.2241123963,5.81407315110654e-05,-0.8557916084492336,6.897580279390402e-05,0.7617375827150585,3.840765075603726e-07,2.1686464608955855
178950.72536237678,5.613182634894322e-05,-0.8745253482560422,6.790020371409876e-05,0.7764885593018138,4.2840770151870866e-07,1.8813901470956438
178953.22661310332,5.415191085102174e-05,-0.868711052880364,6.39598548166342e-05,0.7883526538553911,1.3055848004147382e-07,-1.099855738158394
178955.72786382984,5.860395507247819e-05,-0.8397588967566206,7.08374253681481e-05,0.7699630326964395,2.1723552904261345e-07,-0.2492502889387342
178958.2291145564,5.479556045894116e-05,-0.8127948063177208,6.502027035328437e-05,0.72704077175854,3.249909520809039e-07,1.668723899054672
178960.7303652829,5.1921762339950315e-05,-0.8038721092721438,5.991288831473711e-05,0.7207605812503749,3.254658443379415e-07,0.7919420270307967
178963.23161600946,5.5779204104830404e-05,-0.7329099144403229,6.515721221958266e-05,0.6454161189548477,6.981575442959376e-07,-0.8957138949227043
178965.732866736,5.245162841304557e-05,-0.6188881599963394,6.156134935183858e-05,0.5200597404082283,7.802359116857956e-07,0.4205528521440176
178968.23411671649,5.296394810854803e-05,-0.8323943468800356,6.003719614900797e-05,0.728746384854779,6.150897494678074e-07,0.2819603272016713
178970.735367443,5.7906861501319336e-05,-0.6955650893815277,6.835130659932413e-05,0.5875084267733878,3.516180191078791e-07,1.0694802181953353
178973.23661816955,5.447319276112976e-05,-0.861281599941338,6.447110216177206e-05,0.7708496622277496,5.60756106192664e-07,2.179752921690412
178975.7378688961,6.000765035693117e-05,-0.8597668321869942,7.168953586797529e-05,0.784057150132036,2.4040930994195797e-07,-1.16242889539467
178978.23911962262,5.127611648690059e-05,-0.8736887566532727,5.72015385624661e-05,0.8009446865757065,1.1072363178569586e-06,-0.7051649977861361
178980.74037034917,5.433731071604918e-05,-0.9150361150473001,6.185478681169595e-05,0.8223621339504932,3.479171067879252e-07,-1.1089262684967862
178983.2416210757,5.077212264528306e-05,-0.8287108398761213,5.8026025869188474e-05,0.7624629410216494,4.1381206018816983e-07,1.394131594150274
178985.74287180224,5.805405154711136e-05,-0.7490676672205113,6.995892535469182e-05,0.6469822959107774,7.354644379298775e-07,2.1885385371091153
178988.2441217827,5.1872665349169186e-05,-0.8230168879079564,6.0414171282628104e-05,0.7399650871107918,3.307475144744868e-07,-0.9208948516110914
178990.74537250926,5.904226069460142e-05,-0.8326945407643486,6.917711380745667e-05,0.7191603372720933,7.513132252157422e-07,-0.9360604482327667
178993.24662323578,4.861323068895608e-05,-0.8567703624601676,5.2434806702839274e-05,0.767253570876251,8.774708281888677e-07,0.44819485042793705
178995.74787396233,6.37140475206508e-05,-0.8372427129388309,7.497100128172775e-05,0.763280967872857,5.093418494009409e-07,1.092899937156177
178998.24912468888,5.27912037147931e-05,-0.7663282497784787,6.146333415330282e-05,0.6526820973211443,8.094711233365932e-07,-0.11932059009512042
179000.7503754154,4.97774099406199e-05,-0.8191179122230572,5.623149684875772e-05,0.7144424476798217,4.489440369823499e-07,-0.8100373472744371
179003.25162614195,5.403997288055278e-05,-0.8053968463194686,6.162765806077567e-05,0.7108833390793111,1.6339520650631749e-07,-0.6099904098377026
179005.75287612242,5.545161758663615e-05,-0.8865950518632054,6.509302595800541e-05,0.8085150585340051,4.802359446047125e-07,-0.5854632592627607
179008.25412684894,5.6139479970765104e-05,-0.8973646021329172,6.550049187541538e-05,0.8006208997917353,5.647488279008749e-07,-0.2674412867677167
179010.7553775755,5.7442273956373195e-05,-0.8151607892991408,6.86655390412774e-05,0.7369370826705399,3.1500658580023847e-07,0.004217983192950817
179013.25662830204,5.1751122876740006e-05,-0.7924442368890708,5.8915921822860924e-05,0.6946125608220656,3.397816337883381e-07,1.1650881928027519
179015.75787902856,5.63142804112771e-05,-0.8244452032022573,6.854378309575489e-05,0.7358967879371874,4.128676729404735e-07,-1.7185861518815038
179018.2591297551,5.11466787040721e-05,-0.9064248355019465,5.882111478922275e-05,0.841428649442406,5.144143812531422e-07,-1.2725871930105088
179020.76038048166,6.137687807319887e-05,-0.7749182913011334,7.45746848272814e-05,0.6742051795704755,7.69113327911585e-07,0.7210745182124314
179023.2616304621,5.9232338569090574e-05,-0.7230921597839525,7.02370463222852e-05,0.6236421264155202,3.927228132268178e-07,-0.1842730962044036
179025.76288118865,6.075386760930975e-05,-0.7768387450005781,7.183474569724731e-05,0.6834872768003549,2.422783505717514e-07,-1.7610789660546058
179028.2641319152,5.04070797739376e-05,-0.8438249136674382,5.834505349713912e-05,0.7688047767141412,4.6338265845512485e-07,2.7438545029716197
179030.76538264172,5.978771796171447e-05,-0.7964562708536446,7.132941382377598e-05,0.7112215199078892,7.56823973681674e-07,2.1261776075899017
179033.26663336827,5.6077571297142614e-05,-0.7888399467531233,6.283073071731927e-05,0.7074786593386354,1.1717338184720034e-06,-0.44734857119980026
179035.76788409482,5.689695093191751e-05,-0.6679520324993135,6.632833894928476e-05,0.5531531254471366,2.8958531582006166e-07,0.7900032092871654
179038.26913482134,5.767179390251092e-05,-0.7987183198720228,6.742274737211873e-05,0.7229297861225964,2.9103874588811065e-07,-0.5562882340364973
179040.7703855479,5.8097097777088715e-05,-0.7466547525379645,6.953377311225117e-05,0.6448886598302418,3.882186520926079e-07,-2.081338837247378
179043.27163552836,5.5574672450627035e-05,-0.7458266463709111,6.32662177919881e-05,0.6479510469595181,6.035476924433035e-07,1.7436533820330449
179045.77288625488,5.673493390234687e-05,-0.7864255923739614,6.80513690629429e-05,0.7075849528175524,4.543676935438973e-07,-0.7777614577073493
179048.27413698143,4.644511866164665e-05,-0.7754836723586924,5.078176896746662e-05,0.6581155377153323,2.3609487705237562e-07,0.3406452697701444
179050.77538770798,5.079188550417616e-05,-0.770009825064795,5.709401982560385e-05,0.6613425964517959,9.038054909692269e-07,-2.537614797180758
179053.2766384345,5.018307080340304e-05,-0.9040860325372273,5.6001785020512274e-05,0.8189261703953705,6.074153849939419e-07,1.305537678508592
179055.77788916105,5.380166698907953e-05,-0.9100255346892224,6.161060020067048e-05,0.8308087084243,4.213999077817875e-07,-0.2715905975220688
179058.2791398876,5.3380637647977924e-05,-0.7653142904548847,6.257464822425478e-05,0.6755978644806031,2.87854341571725e-07,-2.034627820920932
179060.78038986804,5.34185965961871e-05,-0.8411447914869817,6.118749079945001e-05,0.777693047439728,9.102848270952107e-07,-0.3214799819058159
179063.2816405946,4.65328344988399e-05,-0.7046182594193959,5.2882923448838454e-05,0.5618758792409034,4.92858426789959e-07,0.18053716101394304
179065.78289132114,5.421381216462545e-05,-0.8681704742095117,6.152923080368519e-05,0.7450557657420485,6.743048779934577e-07,0.2025977478059765
179068.28414204766,5.470749040311841e-05,-0.7935534497473566,6.334256298071626e-05,0.6995311130348854,5.039311042748267e-07,-1.6479870833257955
179070.7853927742,5.8507261540480585e-05,-0.9068688631904115,6.84253955034298e-05,0.8226252334254783,2.998774169676482e-07,0.31885797466786314
179073.28664350076,5.707508715718613e-05,-0.7970155313072237,6.593336955777953e-05,0.69094387801236,6.760485037578655e-07,2.231665965547956
179075.78789422728,5.9053040944492234e-05,-0.7809805410446674,7.129464958563491e-05,0.666154457638868,7.786161547919663e-07,0.4081675380761416
179078.28914420775,5.7797866148842715e-05,-0.7931317067084042,6.81261406149873e-05,0.7033311604867171,4.158646083599119e-07,-0.0060432659784067115
179080.7903949343,5.5219638589371474e-05,-0.752687318158028,6.201939714141175e-05,0.6595672496444516,4.5673213148422935e-07,-1.807780376439572
179083.29164566082,4.876581874226178e-05,-0.6713836290792681,5.666857744955078e-05,0.5338375926820601,5.378310483989652e-07,-1.25929477882662
179085.79289638737,5.802107220260379e-05,-0.765797973707877,6.968671285067941e-05,0.6570975236690245,3.1149543466714164e-07,0.547500265803077
179088.29414711392,5.6280363108546706e-05,-0.9141180256677282,6.592097849677869e-05,0.8447722785270368,3.3572344390743094e-07,-1.6147549695176024
179090.79539784044,5.566608147608543e-05,-0.8137090648459988,6.588608426832477e-05,0.6978600689884994,5.690276488680865e-07,-1.7213340826642924
179093.296648567,5.087939582794806e-05,-0.9179748992383302,5.8539460076573914e-05,0.8548248555956282,1.3537516979625656e-06,0.5542266759918643
179095.79789929354,5.7791566643821894e-05,-0.9290071227011869,6.964021771607548e-05,0.8666703064683486,4.7139529364267526e-07,-1.959225673454475
179098.299149274,5.9362010010909214e-05,-0.7726393921391833,7.167376529599826e-05,0.6753638747200176,9.3933780707789e-07,0.45353671572208587
179100.80040000053,5.9491023725325744e-05,-0.923045536897172,7.266076063387962e-05,0.8427550990103858,3.099311359536428e-07,0.6056970179055594
179103.30165072708,4.963923487105548e-05,-0.8364030719886044,5.598319754602954e-05,0.7463649207716332,3.9708661075406785e-07,-0.5090407400162118
179105.8029014536,5.4666884601213686e-05,-0.8834033142555869,6.400475317956476e-05,0.7923731237036639,3.323277724940109e-07,-1.963565267368079
179108.30415218015,5.868831192265656e-05,-0.8590907845055913,6.884187205905655e-05,0.7823719423530746,2.3815001904203347e-07,-1.4507379962304476
179110.8054029067,6.315145014163701e-05,-0.7950397525529335,7.634225142963668e-05,0.6848578467741854,1.951889733645186e-07,0.8208689346395679
179113.30665363322,5.554998395158255e-05,-0.8626711321863589,6.597359219008842e-05,0.7914516515962623,5.158279773567555e-07,-0.3612425296341927
179115.8079036137,5.290499142199999e-05,-0.8368813882457354,6.24571969765552e-05,0.7712658085024235,4.6414049558281343e-07,1.7555719956211688
179118.30915434024,5.6053451681835184e-05,-0.7635755348076836,6.689678308826753e-05,0.6391345720281209,8.163989224684769e-07,-1.1037695105798493
179120.8104050668,5.458652101502245e-05,-0.9152437944437795,6.482048832632597e-05,0.844369934175444,4.286205524927749e-07,-0.5769407875037599
179123.3116557933,5.5575483981910134e-05,-0.6165035124405355,6.357943946143223e-05,0.4925918966120311,3.1182635763076376e-07,0.6962315039139227
179125.81290651986,5.501132817100322e-05,-0.9138437828843128,6.21272555730534e-05,0.8370432632306726,1.574367558083694e-07,-1.2923282279167871
179128.31415724638,4.684483515632707e-05,-0.7151196023903422,5.4449898552844123e-05,0.5982202369445755,5.730487628519515e-07,-1.2814153497553233
179130.81540797293,5.947692318913596e-05,-0.8080846155290857,7.262740803816515e-05,0.7240708368997079,2.826870510156638e-07,0.703658511047306
179133.31665869948,4.514947298554244e-05,-0.7023606344385626,4.96944065546406e-05,0.5532912505189048,4.293004184852029e-07,-2.298439801756478
179135.81790867995,5.6512470800864904e-05,-0.8332610558878991,6.55503477943847e-05,0.7221981105081161,2.119623240117572e-07,0.6948664445682452
179138.31915940647,5.183057508695428e-05,-0.9502626732149327,5.7714665655490875e-05,0.87626537153281,4.855392516174368e-07,1.660056550170553
179140.82041013302,5.2845425527772e-05,-0.9128394885760089,5.8616342698167616e-05,0.8272978610675581,3.022344613718671e-07,0.3170516845121086
179143.32166085957,5.8286088637974914e-05,-0.8210654514907769,6.93850148670718e-05,0.7490757884780826,2.5223158388303063e-07,-1.6875072548563228
179145.8229115861,5.539087331151408e-05,-0.9904973379583211,6.488802826864595e-05,0.9350740444275591,3.3796764725986705e-07,1.270433760389517
179148.32416231264,5.142271068674238e-05,-0.6665444651291194,5.8314463517240463e-05,0.5480898760613155,5.04894269956223e-07,0.7536880755966092
179150.82541303916,5.240025373633569e-05,-0.8483464626336102,6.114772620164771e-05,0.7664002839417735,7.384424231527239e-07,2.908144889813925
179153.32666301963,5.04241427379882e-05,-0.8479009946911246,5.771105753681296e-05,0.7688743521740792,2.4480311734284855e-07,-0.32928136544648673
179155.82791374618,6.038604850425713e-05,-0.933412539373352,7.083269024139719e-05,0.861962534704898,9.157651761630074e-07,-0.4447206372766213
179158.32916447273,5.9018635276684776e-05,-0.7623576681302661,7.054314134001134e-05,0.6658240307562082,3.5254899727728384e-07,-0.9255993198475181
179160.83041519925,5.6292331281487224e-05,-0.8256683864358884,6.484850531107267e-05,0.739580472552294,5.98939501726125e-07,-0.31269322233304186
179163.3316659258,5.2457457075877855e-05,-0.9180095271319758,6.134534191627759e-05,0.8452223330513637,2.746454612648428e-07,0.4273507520647899
179165.83291665235,5.2234754135889303e-05,-0.7726896982995377,6.187342039764495e-05,0.669369546831321,7.472934561213682e-07,0.8013100856845385
179168.33416737887,4.696003635122673e-05,-0.8200175024707408,5.28923519712458e-05,0.7209981896319041,7.627118577643641e-07,1.2416682998790722
179170.83541735934,6.321656388783326e-05,-0.882175894405096,7.726123991396317e-05,0.8356345021596886,5.215738665369092e-07,0.14846309944327526
179173.3366680859,5.773839421867832e-05,-0.8713521473297596,6.68525580878077e-05,0.8104259514111312,4.4807313882748757e-07,1.7959256232966223
179175.8379188124,5.3977742235703904e-05,-0.7471057968730548,6.33572944156846e-05,0.6471901495720469,3.704052789928955e-07,-0.4835734564706842
179178.33916953896,5.530649247751972e-05,-0.8969142844421284,6.260916749991976e-05,0.8267724786706099,1.4810590849427263e-07,-2.06676737843663
179180.8404202655,6.662520100980997e-05,-0.9004584086953723,7.837521746687988e-05,0.8401566929730974,3.480456337344284e-07,1.0486210662394952
179183.34167099203,5.889601055513258e-05,-0.8901812299543376,6.915356591312408e-05,0.7908658472809312,8.530411874981161e-07,-1.9624850546260335
179185.84292171858,5.626412576327174e-05,-0.8455709386186061,6.663375125222479e-05,0.7337814676480006,2.4514331391335513e-07,-0.6866569540779497
179188.34417244513,4.978612360010378e-05,-0.8472447583297934,5.6223255843607164e-05,0.7326777183369495,4.5754864688880954e-07,-2.3560435589058146
179190.84542242557,5.5992596567907956e-05,-0.7785530294115435,6.516581137896104e-05,0.6500309750425473,5.298515178244888e-07,0.3207714193758107
179193.34667315212,5.281116035497687e-05,-0.6788990878579901,6.401452649716485e-05,0.57089651727303,9.172207909054938e-07,2.04584951520049
179195.84792387867,5.629947900581449e-05,-0.7217841952210985,6.495874637052666e-05,0.6244498130736538,3.269719664525178e-07,-0.21020964343659446
179198.3491746052,5.577846971456021e-05,-0.8525400734402387,6.452983394934902e-05,0.7572053930551947,6.476384846743825e-07,-0.6275398437366939
179200.85042533174,5.7926130030513606e-05,-0.7563070472409767,6.987970414736463e-05,0.6393356499727452,4.3083708298606077e-07,-2.0354958428231624
179203.3516760583,5.461051166392725e-05,-0.8629341373484485,6.234750704592283e-05,0.8004001197540972,2.2317698405106474e-07,-0.6270797042460293
179205.8529267848,5.47499366744814e-05,-0.7653115700989493,6.579922494617693e-05,0.6972498427748395,5.578524451675332e-07,-1.0174760491087975
179208.35417676528,4.5813912280884235e-05,-0.9106703873635754,5.127161408515966e-05,0.8537349961391982,7.034165700121332e-07,0.24233617782658226
179210.85542749183,5.932661985129151e-05,-0.9158247203337395,7.207884268328246e-05,0.8516460820060757,6.172932063935581e-07,1.5020919814407305
179213.35667821835,5.443048348841886e-05,-0.8926170298559333,6.422996004575605e-05,0.8324536766918805,3.389151289148718e-07,-0.99262381950176
179215.8579289449,4.382851085015467e-05,-0.9095527046649307,4.7120954999556834e-05,0.8318436539253771,7.039018249545045e-07,-0.12489524213586163
179218.35917967145,4.541184108325874e-05,-0.8365370734020219,5.003551550133541e-05,0.7645252526591351,1.0347119388972827e-06,2.0515589608130975
179220.86043039797,5.541629299585101e-05,-0.9522390411995231,6.584831660372221e-05,0.9110776672997504,1.0752598512665625e-07,0.08700711751613542
179223.36168112452,4.774943074079939e-05,-0.805889519998801,5.434736073567474e-05,0.701835844200709,7.340038175860957e-07,0.20496553946358706
179225.862931105,5.72092340691088e-05,-0.8853154547914316,6.703450292307708e-05,0.8071388712265629,3.7422517200103666e-07,-1.4508829953701696
179228.36418183154,5.341649088579128e-05,-0.7776576296678939,6.242034993489846e-05,0.6757955490217957,5.591994100052146e-07,-0.8932405466027575
179230.86543255806,5.591355926265335e-05,-0.7850510011873945,6.322374748488713e-05,0.6746765715816595,6.822149282920543e-07,1.0892919212085812
179233.3666832846,5.7443710764103246e-05,-0.8198854199714389,6.827763792647621e-05,0.7299980646932057,8.947573033682511e-07,0.25749428668768054
179235.86793401113,5.3276657934333645e-05,-0.919495240476367,6.093757102273488e-05,0.8631974744876303,3.6897313330189756e-07,-1.0100490902591617
179238.36918473768,5.980836358128898e-05,-0.67520576658849,7.171690197296366e-05,0.5526872472628022,4.6685028649677387e-07,1.2521317785696846
179240.87043546423,4.465228669213521e-05,-0.77229531575134,5.0869179671283606e-05,0.6519618273892913,7.052229185902383e-08,-0.6371866155054068
179243.37168619075,5.8243824168728006e-05,-0.8194172842776645,7.162624293676463e-05,0.7242738991544688,1.797579510721833e-07,-0.617640772655242
179245.87293617122,5.935297424865199e-05,-0.7980820841466192,7.203785710235411e-05,0.7020058627520362,3.149806917579063e-07,-0.7372208657481911
179248.37418689777,5.776845067518727e-05,-0.6856855136350603,6.813117507779643e-05,0.5788185623678426,3.726242792540071e-07,0.7075085988445347
179250.87543762432,5.1713800915754403e-05,-0.773837969134511,5.900647158819167e-05,0.6527459651174121,4.4852976928331983e-07,-0.9350479967448987
179253.37668835084,5.81616552220568e-05,-0.8394724050010529,6.936435864072791e-05,0.7425207513748455,5.397368386098871e-07,2.6100236461202355
179255.87793907739,5.156396793451006e-05,-0.8525132480166643,6.0659796082528027e-05,0.7803785316624643,2.7164527190266446e-07,0.20374951383095702
179258.3791898039,5.0910321814392475e-05,-0.8479381597769645,5.884955242149368e-05,0.7558760987438993,2.4946467478123244e-07,1.3179122602924445
179260.88044053045,5.919244864007819e-05,-0.6953028894183417,7.144140753345334e-05,0.5679736152768551,2.4266800489389393e-07,-0.623177074583651
179263.38169051093,6.207530873098997e-05,-0.7929881412916033,7.499501770918679e-05,0.7429611266935182,3.6497737635566123e-07,1.6763130196961407
179265.88294123748,4.2207421975392526e-05,-0.9108940198007225,4.519142642627084e-05,0.813756795743818,3.292357044150349e-07,-0.662344283343593
179268.384191964,3.82684554765487e-05,-0.8380840966057232,3.94418875557889e-05,0.8050597119765914,4.845065158064686e-07,0.4901198578554896
179270.88544269055,5.18381669660144e-05,-0.964335784838567,6.118107638327318e-05,0.8816411617474954,1.024509395942217e-06,1.1956880861096097
179273.3866934171,5.8195936192988435e-05,-0.8439725952897662,6.867661277682042e-05,0.7593183328267838,2.707378769560679e-07,1.6081665791716757
179275.88794414361,4.832913172807239e-05,-0.8957052240367569,5.572339765455987e-05,0.8257393625849042,3.417253904290626e-07,-1.0437604606828912
179278.38919487016,6.153231129782558e-05,-0.8776916051155393,7.308460503829549e-05,0.8061098693784771,6.089921120299325e-07,-1.3723825507023857
179280.89044485064,5.1282077140156934e-05,-0.7872449363334423,5.974787851607485e-05,0.687835265904389,4.7278276199918223e-07,1.8125864627052737
179283.39169557716,4.848816342438737e-05,-0.8473360733735981,5.492810123155287e-05,0.7470873752184697,4.714614812035232e-07,0.9589415861044882
179285.8929463037,5.72688179660924e-05,-0.82340932645195,6.579463854447159e-05,0.7270126368760792,4.4634142122821204e-07,1.1346530007848679
179288.39419703025,6.352929246819863e-05,-0.7738881853672755,7.61824399521689e-05,0.6908229750075907,7.407346627555385e-07,-0.9852616567405578
179290.89544775677,5.611575487328825e-05,-0.9229577692266754,6.481191236056127e-05,0.8568373492689673,5.895038753445301e-07,2.5204220706533738
179293.39669848332,5.117461661029922e-05,-0.8919949364652875,5.822371717008447e-05,0.83235524757396,1.8271779906261833e-07,-0.596000378673136
179295.89794920987,4.917930696881054e-05,-0.9227522496283347,5.477287489432908e-05,0.882658087863696,4.495462936975737e-07,1.2667322472126854
179298.3991999364,5.452613735779099e-05,-0.8681457051212272,6.328230451927757e-05,0.7945557946855519,8.535545653292104e-07,1.6867236310763474
179300.90044991687,5.564493915238315e-05,-0.8869697806800523,6.329309455592879e-05,0.7894109878082921,5.400284201001747e-07,1.57466190668255
179303.40170064342,4.132219196607426e-05,-0.7834867880667878,4.5927664571808916e-05,0.7413677648677177,4.321168257588979e-07,0.808450968649552
179305.90295136994,5.219985203914437e-05,-0.7911334269477428,5.9113974646938394e-05,0.7032815537759456,3.3339049065225357e-07,1.1186967483990025
179308.40420209648,6.350631190769357e-05,-0.7187957501178501,7.65488467878627e-05,0.6269151919615242,2.3245610935683772e-07,0.9363265526431479
179310.90545282303,4.5607870455749444e-05,-0.9052311353524175,5.026326252568807e-05,0.7956770348597617,5.021172412605953e-07,2.537687259619415
179313.40670354955,4.981959661379986e-05,-0.8482326298224028,5.861344996785587e-05,0.764964039218053,1.1104883058294655e-06,1.6056572270620204
179315.9079542761,5.096143110280842e-05,-0.7256414104518494,5.936324289976695e-05,0.6207056450181104,8.656728538003912e-07,0.6865584087933816
179318.40920425658,6.0449242037808554e-05,-0.9358166992509469,7.151746039881282e-05,0.8941364600538899,6.230743491972835e-07,-1.8273785042323971
179320.9104549831,5.7027847792117394e-05,-0.734447057353621,6.783800953146169e-05,0.6338969047570092,5.896334626748546e-07,-2.2031224529141533
179323.41170570964,5.845947647502628e-05,-0.8181376913966745,6.908112416418486e-05,0.7282797949055454,2.911961872960144e-07,2.2016908273563818
179325.9129564362,5.495371653360584e-05,-0.8743858350545821,6.609337937780268e-05,0.8081274135446737,4.848034488250665e-07,1.5373603520005268
179328.4142071627,4.794311020083583e-05,-0.782283735174341,5.4207200217307616e-05,0.6648169302205921,5.374443704394454e-07,-0.7206092599418518
179330.91545788926,4.874109257353722e-05,-0.6902814678861453,5.696023747980743e-05,0.5236743759437104,5.136347462817435e-07,-1.2234425769192616
179333.4167086158,5.8180523641848986e-05,-0.8614340308049606,6.830914461967648e-05,0.7891122885974449,6.04077209605894e-07,-1.9396590939234193
179335.91795934233,5.564141301780184e-05,-0.9281620124769586,6.416084639544487e-05,0.8293949474161223,3.634377142964971e-07,-2.2225483231571026
179338.4192093228,5.1857701671932974e-05,-0.8777330085379358,6.149387553521398e-05,0.789540799849875,2.784818608021468e-07,1.1975600597405731
179340.92046004935,5.615477441411859e-05,-0.91113335009415,6.600524483609614e-05,0.8223597872864654,6.218785791009248e-07,0.38279832610429376
179343.42171077587,4.914905575245307e-05,-0.8202367449248511,5.653585688919937e-05,0.7213004934035384,4.370292666928694e-07,-0.7172492461228239
179345.92296150242,5.3131795621206575e-05,-1.0031899252885104,6.251122625967278e-05,0.9623758844397355,4.954758042931659e-07,2.0401955144383273
179348.42421222897,5.048914192443597e-05,-0.8447237281549488,5.848411420379735e-05,0.6976320334878313,5.424786486928387e-07,-2.30919572494988
179350.9254629555,5.032718450281028e-05,-0.9657717057450724,6.0361827166161094e-05,0.9349740714960142,4.963590550838605e-07,1.5423840095807246
179353.42671368204,5.262350231154474e-05,-0.7828221826264936,6.259252742936277e-05,0.6757208358886142,1.4885881867019356e-07,0.7502986559344235
179355.9279636625,5.220063408299786e-05,-0.9457509347048388,6.172186018503907e-05,0.8201310792509063,4.6066835301279074e-07,0.7687097117256781
179358.42921438903,5.111225494940878e-05,-0.7458861085505653,5.968790177572793e-05,0.6473494243358089,4.7543109402510067e-07,-1.971881823619307
179360.93046511558,5.710238820441394e-05,-0.59196253143798,6.789546883086256e-05,0.4747856045712034,3.331380328348665e-07,1.1929904323133378
179363.43171584213,5.3532529223820185e-05,-0.8349814631785905,6.106012157521662e-05,0.7444181865064715,2.088801238572435e-07,0.18194138647707783
179365.93296656865,4.570814116320281e-05,-0.8859962755642554,4.946327198257693e-05,0.8122951125435358,5.30929188012794e-07,0.19918554309401143
179368.4342172952,4.772494341882125e-05,-0.90546137680178,5.278525817069149e-05,0.8339965037414971,2.9713954487323757e-07,-0.33956474555427174
179370.93546802175,6.055367557426972e-05,-0.7824461040670387,7.202023039523123e-05,0.6933323434787024,2.629691947709083e-07,-2.234658021960059
179373.43671800222,5.748222065385342e-05,-0.8824270353418164,6.659895606031234e-05,0.8137684448511527,5.653521978693126e-07,0.4945918554788371
179375.93796872874,5.3504203833556114e-05,-0.8811292411166769,5.9642882613488334e-05,0.7842124729980564,7.703177357046346e-07,1.5148924050030539
179378.4392194553,4.84252852511596e-05,-0.909558002315515,5.797081815744188e-05,0.8153943628872269,1.3385518255025737e-06,-0.48435534711181905
179380.9404701818,6.022590705274063e-05,-0.7893950291625327,7.26422388158689e-05,0.7117164687702476,5.711754215049845e-07,-2.7280604500749797
179383.44172090836,5.031151267944739e-05,-0.7963035096130591,5.768227237755434e-05,0.6973020536794156,5.556751962644148e-07,-1.8517778193419334
179385.9429716349,6.106933785731874e-05,-0.8539042524177686,7.203568123727046e-05,0.783723109391878,1.1434453571320474e-06,0.19380468892910677
179388.44422236143,5.220302096857158e-05,-0.7151545145233233,6.011296925804979e-05,0.594607855644874,6.015737903294143e-07,-2.3668088496484847
179390.94547308798,5.8115721533680705e-05,-0.8918541429206195,6.747531240995446e-05,0.8303598651753064,4.5008415290578383e-07,0.7217129648132278
179393.44672306845,5.9011057740604285e-05,-0.757934167344104,6.884955410097276e-05,0.647920770382665,7.291246833491851e-07,0.3905006698927087
179395.947973795,5.672803888025699e-05,-0.8112960543180974,6.806540390839109e-05,0.7192067476716052,1.6243695714328882e-07,-0.8914316610457206
179398.44922452152,5.039271045665253e-05,-0.8758209497918188,5.7901574026380025e-05,0.7743593854170979,2.765654829177132e-07,2.000361076908234
179400.95047524807,4.897874181321554e-05,-0.8056925409780933,5.553269684524448e-05,0.70539152525384,1.026912035773075e-06,1.1286354667210554
179403.4517259746,4.9277505495335466e-05,-0.7239257930935808,5.797726850624382e-05,0.6121110586141336,5.442450774908242e-07,-0.6573583359298317
179405.95297670114,5.635148620441619e-05,-0.8958845544855831,6.847417011593843e-05,0.7980774525480339,2.0334035637305971e-07,1.7219287002229406
179408.4542274277,5.427892486280294e-05,-0.7827608928073072,6.499822915014517e-05,0.6839184721294608,1.1903543380088689e-07,0.5906238701954873
179410.95547740816,5.511537906651901e-05,-0.9003378360290749,6.600217313038772e-05,0.8412016380084819,1.391042702584903e-07,-0.15326461394834684
179413.45672813468,5.1645328444025e-05,-0.6674556825917507,6.109505981312308e-05,0.5127360852408723,4.6807451513331155e-07,0.811021474565871
179415.95797886123,5.462716304031459e-05,-0.8929357119126475,6.483418469633494e-05,0.8309793143585896,5.086680416812102e-07,1.82276668727114
179418.45922958778,5.581516724909214e-05,-0.7884278005368816,6.683006214570356e-05,0.6893816561239611,1.653396217108719e-07,-0.49339303714003546
179420.9604803143,5.4793666707034715e-05,-0.8602236377951678,6.463764644742209e-05,0.7779312880481402,5.306133545096391e-07,-0.6305511893467318
179423.46173104085,4.6380951653832824e-05,-0.7963813954495825,5.180142364308993e-05,0.7009576979425117,4.506646739904536e-07,-2.7845014659453917
179425.96298176737,4.7337752729183364e-05,-0.7117981250016632,5.601298575017543e-05,0.562033042202601,2.9143273504861236e-07,0.3009981468569468
179428.46423174784,5.022089659241575e-05,-0.838004840534906,5.891989746552837e-05,0.7429962194794061,2.0522743993959522e-07,0.040247690938831696
179430.9654824744,5.489575067055827e-05,-0.8849990957541084,6.232856611370685e-05,0.7765644110394365,2.894928933316606e-07,0.4571940932181692
179433.46673320094,5.328208468834813e-05,-0.7173811433679202,6.18877795627868e-05,0.5916925604889585,6.740969179169682e-07,2.3493761119895074
179435.96798392746,4.9445758728019524e-05,-0.8927689033481304,5.449068432160943e-05,0.8144158688920005,8.385483060009782e-07,-0.7723907623034874
179438.469234654,6.545662147544671e-05,-0.861083847358331,7.896715879492535e-05,0.8007022708804404,5.064768220716042e-07,1.8565562679513214
179440.97048538056,5.081543776332272e-05,-0.6947324472964802,5.8471193953808516e-05,0.5277011065187577,3.2560307909194215e-07,1.914170252208367
179443.47173610708,5.624223069377487e-05,-0.8149009073912473,6.580593142700713e-05,0.7308365558179466,8.063015889721383e-07,1.2724681337556973
179445.97298683363,5.254345189794023e-05,-0.8322045913409832,6.269197374681639e-05,0.7487597012771122,5.896286103657066e-07,0.7325246639140766
179448.4742368141,5.778264764691839e-05,-0.7680403048451183,7.008624321708248e-05,0.667553745260305,5.795601724470568e-07,-1.9888113022257796
179450.97548754062,5.687810425622074e-05,-0.8500619595129044,6.688600053346663e-05,0.7492090553422908,1.6315893951360664e-07,0.22259814579203147
179453.47673826717,5.977083226894567e-05,-0.7952053040658608,7.011239157855399e-05,0.6916331284412234,5.442259399016972e-07,1.7169077151251624
179455.97798899372,5.5504510286339756e-05,-0.8025256194503941,6.390642365594616e-05,0.7288527359129089,8.361255341855704e-07,-0.7071407213833201
179458.47923972024,5.488478375765518e-05,-0.722444794089363,6.480753617455604e-05,0.5909471918274836,1.2287871442432806e-07,-0.45489889053535887
179460.9804904468,6.009520920917977e-05,-0.8181555575892583,7.233361528420796e-05,0.7367906376696044,5.340350991238947e-07,-1.7700859771235682
179463.48174117334,6.081196347297248e-05,-0.8336181561120651,7.15959497209632e-05,0.7441844159504323,1.9938057018599335e-07,-0.9629320770961894
179465.98299115378,5.4159182287313093e-05,-0.8632474148988806,6.150578812537413e-05,0.7761429759905676,4.867017212006355e-07,-2.6551263379084356
179468.48424188033,5.339384029807481e-05,-0.8197295025242658,6.441370370380204e-05,0.7347182660969401,8.222688764675175e-07,1.3376124492186607
179470.98549260688,5.851151429157408e-05,-0.9092952856900552,6.93508657387011e-05,0.8438194484772166,4.71993732045765e-07,1.303690819519621
179473.4867433334,5.24389454553791e-05,-0.9438239731795482,5.9429710058033736e-05,0.8984829657122754,5.235858411776271e-07,-1.8429593683148846
179475.98799405995,5.362516852796539e-05,-0.8712075770886903,6.269954226291856e-05,0.8159555100145992,5.781628131732713e-07,0.10913068519320764
179478.4892447865,5.835397666186118e-05,-0.9176994546868434,6.928402831008241e-05,0.8556550609031282,3.794894724170609e-07,0.7914874588635068
179480.99049551302,5.462383298331529e-05,-0.8479709359972014,6.253767777648571e-05,0.7804096329178812,4.827618139892716e-07,0.35372685884319754
179483.49174623957,6.227569256405737e-05,-0.7629029222764658,7.656492878804862e-05,0.6694463211084699,5.990529095080007e-07,-0.5370191554507353
179485.99299622004,5.971185738198421e-05,-0.656024354632793,7.119089626970171e-05,0.5546801976453626,9.81427538808684e-07,0.13590289851191859
179488.49424694656,5.4123017541632396e-05,-0.9176172864435251,6.372577579787882e-05,0.8176004258294849,2.2305165177447596e-07,0.8870157223869088
179490.9954976731,5.8449945102748214e-05,-0.7896725054835875,7.203652280672228e-05,0.7003018417744254,4.880996645084215e-07,-0.42291918824065866
179493.49674839966,5.5383883445859445e-05,-0.8417045316305083,6.58066861320579e-05,0.731322538433183,7.891422938085986e-07,-1.2141280898433784
179495.99799912618,5.074285781282922e-05,-0.9379753488851421,5.831025055444095e-05,0.847937976693945,1.6467772330175886e-07,-0.37541948216053145
179498.49924985273,5.0158846297906635e-05,-0.7881647802421158,5.7959086749570836e-05,0.7063559361980416,5.20028482949688e-07,0.11610862293697671
179501.00050057928,5.330712966422873e-05,-0.7589057429371436,6.244375899277424e-05,0.6304347945152068,3.992712663241243e-07,0.8542022598879216
179503.50175055972,5.1265448764062665e-05,-0.7942462205385065,5.99604038447188e-05,0.6914140095009296,2.9831145731718135e-07,-2.590799232807356
179506.00300128627,5.240183912744303e-05,-0.7873950799163721,5.91317688562881e-05,0.6762431143704046,7.0756432153861e-07,2.246870736904631
179508.50425201282,4.804499527557366e-05,-0.9207421776462313,5.3041191399778075e-05,0.8942786519964455,1.0474292942957723e-06,-0.23790660051807386
179511.00550273934,5.569483366669371e-05,-0.8463576347790734,6.395836752403426e-05,0.76989578519442,2.9738827574345155e-07,-0.2570586732668227
179513.5067534659,5.930086696436955e-05,-0.9284848646830147,7.004032622101163e-05,0.8726571709966237,4.5567130456616224e-07,0.3890569459124809
179516.00800419244,4.7947425632594233e-05,-0.8030054691826591,5.3993844546690844e-05,0.6627639286231791,6.39318342220547e-07,-1.2226334420213396
179518.50925491896,6.038021037765384e-05,-0.7412149991086898,7.252051404429457e-05,0.6543527565756471,8.227893664459832e-07,2.983182746738181
179521.01050489943,5.7877630129823607e-05,-0.7882109860827612,6.797864314671148e-05,0.6760260171272202,4.46058306819368e-07,1.759752900596811
179523.51175562598,5.961939806569039e-05,-0.8716133596621001,7.00308599344919e-05,0.8162675417109467,5.337844746170054e-07,0.4168554275561257
179526.01300635253,5.8908088431259297e-05,-0.8459214808741709,7.021764076642266e-05,0.7612310399789357,7.376815282990788e-07,0.8933347166645745
179528.51425707905,5.374096934486849e-05,-0.9852314022115206,6.27910261126184e-05,0.940359592982707,3.55408451643688e-07,-1.418736697430488
179531.0155078056,5.723083367930921e-05,-0.7845098147258961,6.634270395379549e-05,0.69371842320942,5.360881278062818e-07,-1.8015292126272437
179533.51675853212,5.451969294412388e-05,-0.9348443683589232,6.0896099387246515e-05,0.9088512682115452,8.421967274347923e-07,-2.531104779249621
179536.01800925867,5.317613903805834e-05,-0.8450847873666661,5.970510463838353e-05,0.7827258852457337,5.398410426597472e-07,1.2377911311671264
179538.51925998522,5.5339954289285044e-05,-0.7850917392855625,6.526082618908699e-05,0.7019766577400599,6.370115650210355e-07,-1.485185408204176
179541.0205099657,6.208474845090936e-05,-0.730330027870669,7.451169010286764e-05,0.6025063051463057,4.052476848647997e-07,0.6264364950655749
179543.5217606922,5.4810478759643026e-05,-0.6468862515485543,6.48712249665698e-05,0.47152179267846844,3.6176953639048844e-07,2.734349898422966
179546.02301141876,5.3377496201649235e-05,-0.7931927409947882,6.166531220148183e-05,0.6744111936047106,6.265201770932113e-07,-0.16315412036786833
179548.52426214528,5.343821042464069e-05,-0.8330503701949454,6.062810520629191e-05,0.7624639623454411,7.149293140064057e-07,0.10270275981089819
179551.02551287183,5.077683443744905e-05,-0.9867632213728543,5.733649735680512e-05,0.9773157345335689,4.938820102612e-07,1.375341113920462
179553.52676359838,5.7704271614133523e-05,-0.9004681395734013,6.882913333728165e-05,0.8318243013999704,3.3170580727717235e-07,2.3840451478226097
179556.0280143249,5.8560763279630745e-05,-0.8567494106131011,6.721062948802501e-05,0.7820247332373623,4.634445409297526e-07,0.14466728577998506
179558.52926430537,5.9691325108738895e-05,-0.6749188403188229,7.170528556941106e-05,0.5430503654223264,4.119272579959467e-07,-1.4950816334990353
179561.03051503192,5.855846887449552e-05,-0.85054774155298,6.876964343172812e-05,0.747501982927112,3.753173804470772e-07,0.7082566793860496
179563.53176575847,4.788565681364365e-05,-0.813251701726897,5.3511333171386655e-05,0.7283805034142414,5.757973786365855e-07,0.31055852344736773
179566.033016485,5.242718031071613e-05,-0.9725845907443845,6.0757323135218176e-05,0.9429446400614273,5.179016109409657e-07,2.2409842877838493
179568.53426721154,4.6753664797882194e-05,-0.8340957983370236,5.088739602041186e-05,0.7532024122860989,2.569453328780754e-07,-0.6249429432090431
179571.0355179381,5.521415994776969e-05,-0.826304147080565,6.481183023903135e-05,0.7507778787690103,4.4677584101633983e-07,1.1825477399579347
179573.5367686646,5.3034148872240044e-05,-0.8137363973342057,6.030297382064943e-05,0.7249372921106281,5.345239181804031e-07,1.435257253293109
179576.03801864508,5.12023929879071e-05,-0.8862150457659177,5.903489526105406e-05,0.8222490170575105,9.530843585056896e-08,1.1908408561727417
179578.53926937163,5.535616763090932e-05,-0.8228543337764491,6.455666207979982e-05,0.7034525122938144,4.915362547889573e-07,-2.2800548488884904
179581.04052009815,5.5550377696392725e-05,-0.7768731854117507,6.660894589774992e-05,0.672465617279687,4.092499867204843e-07,-0.3211318789178073
179583.5417708247,5.5333139899666837e-05,-0.7770526326807439,6.429093852966507e-05,0.6627156989586239,7.187844063012359e-07,1.9608332799961459
179586.04302155125,5.4498641958601294e-05,-0.7759389670295043,6.529919394365379e-05,0.6793116105784481,2.883126798477284e-07,-0.32173909987548927
179588.54427227777,4.968919953331274e-05,-0.8446523327398214,5.782859793825226e-05,0.7557388179844301,5.240905014589745e-07,1.4897042087167531
179591.04552300432,5.348049588064477e-05,-0.9328508677340631,6.0813430106085976e-05,0.8833352879614501,7.34841655316183e-07,0.6616780718657816
179593.54677373084,5.289037617705469e-05,-0.8022830578508302,5.955910634940133e-05,0.7077500639891591,3.317502779487639e-07,1.75791038726192
179596.0480237113,5.62567051506839e-05,-0.9507700946875417,6.477683027071658e-05,0.8918223363503139,3.355396433686383e-07,2.5796526060963667
179598.54927443786,5.4207583714844646e-05,-0.8192387385244513,6.20293002485067e-05,0.7152241791215652,1.1191416428103978e-06,0.4640082527758914
179601.0505251644,5.503213881576816e-05,-0.8753459867442946,6.458957361991039e-05,0.7946836638576781,3.436451503078472e-07,0.9603478266635727
179603.55177589093,5.960187580159136e-05,-0.835837899483103,7.216576478082924e-05,0.741775026890528,6.263749089975869e-07,0.6209769544918136
179606.05302661748,5.250657509983548e-05,-0.8349263935160349,6.054690067594697e-05,0.7124553623056713,1.0435033682379887e-06,1.772140533291882
179608.55427734402,4.336418963490705e-05,-0.7123527214620347,4.953736418283722e-05,0.5906486565786895,4.551365453661478e-07,0.2638334059672695
179611.05552807054,5.644536921066194e-05,-0.6690334652974823,6.68557304972432e-05,0.5423826615078443,2.5404256627240654e-07,-0.49231533829805046
179613.55677805102,4.830401851177646e-05,-0.752423147895902,5.763604908059685e-05,0.6356649356945852,2.909186281204322e-07,1.2359253559898609
179616.05802877757,5.465439312318096e-05,-0.8049153424543932,6.204107404827477e-05,0.7151346865784808,4.2520981608940735e-07,0.49838821619810464
179618.5592795041,5.8092671190129414e-05,-0.9034398884876068,6.790346033453688e-05,0.8433243199522152,5.427791169338086e-07,2.5884709092199567
179621.06053023064,4.958020145365351e-05,-0.9088370011106385,5.53037139130446e-05,0.8227482992280556,2.3889265586248334e-07,1.8567383047404946
179623.56178095718,5.749079570529083e-05,-0.7844415998872792,6.76078336015177e-05,0.6737659865472292,3.8084178748978964e-07,1.3643443210520458
179626.0630316837,5.398646148948993e-05,-0.9876752983884333,6.170497043788454e-05,0.9502171069729505,3.9299921018217665e-07,-0.7064975972795546
179628.56428241025,5.228017457411154e-05,-0.8533987111124758,5.947797100580976e-05,0.8066346152856859,2.683174176892783e-07,-0.2027410390472347
179631.0655331368,5.6991672450734395e-05,-0.7840730506622978,6.75710049097387e-05,0.6958103587563063,3.036249180779775e-07,2.009496538531564
179633.56678311725,5.794417992730397e-05,-0.7834088327703153,7.080141496743184e-05,0.6534182606923365,5.466345889088953e-07,-0.7940801781601696
179636.0680338438,5.972139900667338e-05,-0.8640561890411004,6.958480117291302e-05,0.7698279759518404,2.4753452373484263e-07,2.026303388874149
179638.56928457035,5.22525950130475e-05,-0.8769390407397288,6.105933990366566e-05,0.7680953656848778,2.572541486463189e-07,1.1635979196612984
179641.07053529687,5.9140557862789925e-05,-0.8805289669682671,7.002254979008198e-05,0.8124143814842341,2.353831948219616e-07,0.36383354804151835
179643.5717860234,5.9942603564478015e-05,-0.7863071945562784,7.1299632925816e-05,0.6980396098444753,2.0983391837130983e-07,-1.6730219724807716
179646.07303674996,5.1207461980922877e-05,-0.8067958786182581,6.014517604316264e-05,0.7208854659553671,9.761500586583561e-07,-0.6720297399784326
179648.57428747648,4.7257446939032074e-05,-0.7769250614380153,5.233785238368465e-05,0.6409818418449901,6.656220247213094e-07,-1.5032005906407224
179651.07553745696,5.681883143706777e-05,-0.9237682252690907,6.682485971306805e-05,0.8625354786423853,3.614077863515307e-07,1.8737393616026208
179653.5767881835,5.9880732324006235e-05,-0.7824261422257696,6.963490723302195e-05,0.6575992617061635,5.421182430322307e-07,-1.4703280671955299
179656.07803891003,4.8297406385521224e-05,-1.0377006274475398,5.141935174120832e-05,0.9864780711905717,4.021051689300681e-07,-0.3222235613511523
179658.57928963657,5.8657203978635954e-05,-0.9035750651512446,6.980182550017128e-05,0.8242086247496561,5.775347778945346e-07,-0.07588445675609161
179661.08054036312,4.7177251737769335e-05,-0.8182314260034245,5.260239070932984e-05,0.6987055078664125,6.310446582072498e-07,0.10606653082415567
179663.58179108964,5.518131416703644e-05,-0.9987082492355678,6.727062816093383e-05,0.9401897568028144,6.947268717211492e-07,0.5233206888476125
179666.0830418162,4.9875643526991894e-05,-0.7840389835780402,5.614800695027853e-05,0.7047933531075408,7.772926114756949e-07,1.3815028923857218
179668.58429179667,5.486927042146644e-05,-0.8372015517206933,6.179098652651143e-05,0.7590600114619985,2.7484838094532355e-07,-1.143919109653049
179671.08554252321,5.610422735851764e-05,-0.6743765473176857,6.540403843742104e-05,0.5503089328501959,9.069462254661795e-07,1.1728472970405706
179673.58679324973,6.126092606930409e-05,-0.9201917492370747,7.182031007820225e-05,0.8716037152975133,8.144866101672046e-07,2.6867656340928496
179676.08804397628,6.213166597147943e-05,-0.9475298208525532,7.25467492576283e-05,0.8994758059963046,8.329528135266285e-07,0.12540787274749088
179678.5892947028,5.593070203496245e-05,-0.9110260095807646,6.607437415142796e-05,0.844543020353343,3.8386538099443794e-07,1.7578375942669775
179681.09054542935,5.72710269615594e-05,-0.8056699088648518,6.872596619524864e-05,0.7297409896008678,7.716822149157406e-07,0.7013267204475166
179683.5917961559,5.571217377626625e-05,-0.9357453178021307,6.332144123071829e-05,0.8550416915940116,4.2494642418832947e-07,2.564036706344179
179686.09304688242,6.0726002826809216e-05,-0.7291201256687149,7.170891245394851e-05,0.6283579375318594,2.365562620136019e-07,-0.3993897926871196
179688.5942968629,5.310473729243913e-05,-0.6626943712726093,6.168196120326846e-05,0.5269016430126079,1.0281864438551484e-06,1.677777593260478
179691.09554758944,5.3593454042559654e-05,-0.6593765762119804,6.24372067275917e-05,0.5579762487009309,6.206205906608118e-07,0.6835234252620261
179693.596798316,5.381495000058079e-05,-0.8364595842179413,6.001970644246329e-05,0.7409937617906089,1.0034380835652392e-06,-0.1391581603089538
179696.0980490425,5.409518013692558e-05,-0.6380786092234098,6.32107186593647e-05,0.534582299854649,3.6059831806076347e-07,-0.017645645382363646
179698.59929976906,6.117078839537806e-05,-0.8695925918572202,7.33221664723865e-05,0.7782173686002068,8.554516480685837e-07,2.3489819545449393
179701.10055049558,5.795080136329216e-05,-0.7128843514886471,6.761162136808391e-05,0.611030550945161,3.067554228475195e-07,1.1533334949864813
179703.60180122213,5.4538141833944944e-05,-0.6629529002308066,6.58724267843853e-05,0.5439909223995075,2.2016646206326822e-07,0.6553486734205378
179706.1030512026,5.28796235330584e-05,-0.8309902771276257,6.122419849072094e-05,0.7250141250369215,4.21547801431878e-07,1.6590634203432735
179708.60430192915,5.8125424899179016e-05,-0.7353814204991863,6.883371696691948e-05,0.6316855098592371,3.226335528300414e-07,-1.1349657774011472
179711.10555265567,5.642264736257449e-05,-0.7507363314396572,6.684229222996505e-05,0.6313191255637466,2.089086414165336e-07,-1.7224038392606316
179713.60680338222,6.0506468927518e-05,-0.7852016021917498,7.031120222366094e-05,0.6654328009131757,5.38536151452324e-07,-1.4713227908892437
179716.10805410877,4.95827760731187e-05,-0.9050405924862899,5.6182775696435184e-05,0.8290916223240117,2.770117198831648e-07,1.502153527394015
179718.6093048353,5.684510647014062e-05,-0.70555116165703,6.868054263528721e-05,0.5759053268416859,1.6701089905438808e-07,1.782496773875592
179721.11055556184,5.237952201262931e-05,-0.7560462751576619,6.0521579895572735e-05,0.608042725176232,7.224803676622561e-07,1.3655612723389283
179723.6118055423,4.578764203383922e-05,-0.7994444245244362,5.1118154366394613e-05,0.667546452990803,3.1236661168044504e-07,0.11541711688668148
179726.11305626883,5.4937113165816134e-05,-0.8354525049658397,6.305198491013108e-05,0.7186630220989061,7.824909139741799e-07,1.0208550035250405
179728.61430699538,5.4893926307109926e-05,-0.867044071178251,6.49002767616973e-05,0.780279690544641,4.866773548233248e-07,2.2054887901563647
179731.11555772193,4.856546608878097e-05,-0.7797108941241366,5.535789991666469e-05,0.6744308756799524,4.4570304589360113e-07,-2.5828600975118357
179733.61680844845,4.5201738412426836e-05,-0.8443754919067675,5.0359885891687966e-05,0.7508794921695737,7.62143448340291e-07,2.6651135363164435
179736.118059175,5.8847429978741754e-05,-0.8272182858103196,6.907072055486893e-05,0.7825531762631616,9.724892481977515e-07,-1.6965031653408424
179738.61930990155,5.389781528824397e-05,-0.828582983950912,6.105923282529847e-05,0.749548550366963,6.40327904031496e-07,-0.4935902029936914
179741.12056062807,5.3828853548579615e-05,-0.9706487483359687,6.331503499638143e-05,0.9548892039325382,5.208186733204702e-07,-0.25239057982256097
179743.62181060854,6.539730765414527e-05,-0.8933723734156175,7.750740381497656e-05,0.8034561888561239,1.850834701500652e-07,-0.9696801229350442
179746.1230613351,5.149417906357566e-05,-0.9648925330096746,5.935483963117676e-05,0.8916714895942489,8.856861632368095e-07,2.9582583457764198
179748.6243120616,5.407293225729032e-05,-0.7127254876141441,5.9900326081765735e-05,0.6066359455909728,4.3357387780888176e-07,2.4510346236702247
179751.12556278816,4.8449101138944906e-05,-0.7575938298243348,5.5623351211275183e-05,0.6063904510409924,2.3225191294354712e-07,0.048646491577247424
179753.6268135147,3.978063334218833e-05,-0.8230683505242196,3.972796050749881e-05,0.7098874899988584,7.653283505099657e-07,-0.7638733690081133
179756.12806424123,5.939937775406701e-05,-0.7597665588712141,6.884783503139162e-05,0.6521694165060797,4.217924353962973e-07,-2.026298417509183
179758.62931496778,5.0801495086710395e-05,-0.822695037602965,5.8392435195779654e-05,0.7303090588402897,2.660663611383882e-07,-0.09026495911877798
179761.13056494825,5.339221086884022e-05,-0.8121197605180954,6.208950355692961e-05,0.708024564954012,2.741670015672058e-07,1.1923173612484101
179763.63181567477,4.386337196035043e-05,-0.7196421427910067,4.7106631637992885e-05,0.6063132937647299,4.481292070843641e-07,-0.9752450770861011
179766.13306640132,5.045473993041184e-05,-0.8216334280431772,5.820500673129461e-05,0.7238090657328333,4.70561128560563e-07,2.5709065108026388
179768.63431712787,4.8410848850854406e-05,-0.6538812926750215,5.551948172022231e-05,0.4915288270438314,3.3718844560140884e-07,-0.2241131831797003
179771.1355678544,5.647082897463525e-05,-0.7983086961280608,6.687738460591922e-05,0.7450266932225469,6.814479713737174e-07,-2.202070289157109
179773.63681858094,5.3947094452949975e-05,-0.8466435964661043,6.189203082342565e-05,0.774265481297149,2.241432687569953e-07,0.6390138490237841
179776.1380693075,5.218149150751491e-05,-0.8119071494135216,5.728674629670469e-05,0.7177850388600863,1.9183994546959474e-07,1.1622048824665752
179778.63931928793,4.99032953634711e-05,-0.944900233581693,5.489238314269719e-05,0.8704797683854502,6.081213692627883e-07,-1.889423237335283
179781.14057001448,5.257931696820106e-05,-0.6233058215391749,5.992538286759005e-05,0.5039540492353206,6.390007325510137e-07,2.5495214520004787
179783.64182074103,5.9061147162734285e-05,-0.8510129366372349,7.337436206753046e-05,0.7500842017963829,6.446359938205445e-07,1.643706280351863
179786.14307146755,6.0061518326588925e-05,-0.9605678946574415,7.022212915122202e-05,0.9105963581128089,5.799109588881696e-07,1.2125543659255604
179788.6443221941,5.2462161221722536e-05,-0.8243301885104422,6.161117975471913e-05,0.7215288345448917,5.748957692044298e-07,0.7429941395894394
179791.14557292065,4.957369830257202e-05,-0.6721930634616186,5.737542358101002e-05,0.532246927846991,3.9518879344813167e-07,-0.10605258985877748
179793.64682364717,5.079046980334521e-05,-0.8531332246077377,5.680040646830363e-05,0.7644838511057345,4.453230615764442e-07,-0.5046097751715561
179796.14807437372,5.6903605091590434e-05,-0.8583755027835878,6.745838201626865e-05,0.8014765625220744,6.280381945232825e-07,-2.846379312237672
179798.6493243542,6.387133229111483e-05,-0.8333354448293706,7.779106812843405e-05,0.7713090208639095,7.594241087357278e-07,-0.13945648179763465
179801.1505750807,5.32926303619122e-05,-0.9112316644778168,6.108280752806647e-05,0.8371982991539788,5.293251091746642e-07,0.8382756807743315
179803.65182580726,5.242300567176706e-05,-0.8806616588377232,6.0451599691358964e-05,0.8289996517143314,5.961221298991117e-07,0.3105893309065859
179806.1530765338,5.7559874230271836e-05,-0.8144081519045253,6.978992061646478e-05,0.7620123399384116,1.5930394690302746e-07,0.7972324344465875
179808.65432726033,5.011790929555631e-05,-0.8679080681082203,5.768910973329924e-05,0.7993280247955487,1.900604567316758e-07,1.2434317925001785
179811.15557798688,5.965158752650674e-05,-0.9033647510822475,7.155000173016487e-05,0.8322808810023751,2.0585345529449313e-07,0.6188651911017544
179813.65682871343,5.336458637053927e-05,-0.8838210226175691,6.214879559238013e-05,0.778085670270022,4.2021758019964e-07,-1.9329889630014465
179816.1580786939,5.130372853212806e-05,-0.9831167589384374,5.7623785571910576e-05,0.9534532410580154,1.873692273979268e-07,0.8637903472931411
179818.65932942042,5.307942256018552e-05,-0.7922182545149207,6.352363751290791e-05,0.6820269538064114,5.068290734378018e-07,-0.2305129554253881
179821.16058014697,6.300127250819348e-05,-0.6483922027081779,7.608214988417484e-05,0.5418883208618887,4.724439563271708e-07,1.4596740300540056
179823.6618308735,5.346600856665877e-05,-0.7396138063172218,5.9843703271506334e-05,0.6277133303507868,5.807186593501199e-07,-1.3248945236042828
179826.16308160004,5.0434753364669136e-05,-0.7949072119504166,5.918651621341864e-05,0.6838880472452279,5.9239388551907e-07,-1.6175936950164986
179828.6643323266,7.142774589892768e-05,-0.6321204052573379,8.973254327752814e-05,0.5137267602701306,2.0428888564588636e-07,-1.6583352951128796
179831.1655830531,5.3315949591291525e-05,-0.6676159113130806,6.279181167093079e-05,0.531331720120337,3.7821170891987407e-07,-1.1289262546145642
179833.66683377966,5.885520244370963e-05,-0.8515425013714315,6.947599072629917e-05,0.7441994753322234,2.5645901901556e-07,1.4169150296748318
179836.16808376013,5.2881375328304404e-05,-0.8394645228688699,6.10353074608709e-05,0.7752210806660091,6.703713247925784e-07,1.1945539546296875
179838.66933448668,5.2849863507058956e-05,-0.9267526077471102,6.161397910853776e-05,0.8607466056630864,1.8188520006011242e-07,0.15346469966999238
179841.1705852132,6.0021040273831165e-05,-0.8235150604318878,7.208502134392458e-05,0.7427813525606123,2.3593499854592623e-07,0.7357851740532517
179843.67183593975,5.971493645432853e-05,-0.8003995939036491,7.088920785231983e-05,0.6882635205100586,7.205654859925116e-07,0.25694835707387903
179846.17308666627,6.087586343210165e-05,-0.7558389192750814,7.316739905537761e-05,0.6539869911553341,6.951633897042345e-07,0.3371490718726388
179848.67433739282,5.813957253230939e-05,-0.8789250382966722,6.708798466427541e-05,0.8272444024004839,1.0192851065117304e-06,0.3462343818891698
179851.17558811937,5.1647639254388155e-05,-0.7855475234918694,5.7824111790602776e-05,0.6789226577787459,3.4364786670898127e-07,1.604461001410561
179853.67683809984,6.061584301935479e-05,-0.9180430995621547,7.440041104820759e-05,0.85320242974034,6.044285386499968e-07,0.12031871734721335
179856.17808882636,5.263345973075179e-05,-0.8554272105894758,6.0481789774870725e-05,0.7559674395461115,6.323660266542296e-07,2.9794865557214103
179858.6793395529,4.8070962955789935e-05,-0.878267038883598,5.389099745455888e-05,0.8041988164315367,9.386786714276153e-07,-1.8697564118986176
179861.18059027946,6.331637338319699e-05,-0.9630572706164104,7.643253411569568e-05,0.9089452633627235,1.505132651710064e-07,-0.1250089429823642
179863.68184100598,5.077096207449585e-05,-0.7625881894244069,5.836929280618977e-05,0.6439835264038358,6.354038117088418e-07,1.100589326419111
179866.18309173253,5.5352376351708744e-05,-0.8908364424083609,6.244163021713151e-05,0.8196110276387457,1.2283938654736291e-06,1.5585639760171468
179868.68434245905,5.295676702336363e-05,-0.7821982141164767,6.172859347435054e-05,0.643242610850227,2.717686667173358e-07,1.244235309643016
179871.18559243952,5.6794276944496746e-05,-0.814138070322548,6.776348694562337e-05,0.7324051936848569,7.546907709205402e-07,1.6052457704728464
179873.68684316607,4.3276694589387496e-05,-0.9438656472601497,4.518294072323785e-05,0.9080278566968887,4.132562247973278e-07,-0.009021123451732938
179876.18809389262,5.262181361974897e-05,-0.7194899589267423,5.9984846042058053e-05,0.6065777970941824,3.204841362318007e-07,0.6690223696787403
179878.68934461914,5.373824129439012e-05,-0.8038425463360745,6.467538529865454e-05,0.7139767757816324,9.472815506059882e-07,-0.6215136152333327
179881.1905953457,5.157336910065003e-05,-0.806084314907744,5.9069828201790046e-05,0.668149066826995,2.884554433929172e-07,-1.655969490176296
179883.69184607224,5.464047818992041e-05,-0.8111491173754702,6.363312220948227e-05,0.7209918454590942,8.163312608493386e-07,1.1213214592044534
179886.19309679876,4.5709770157504765e-05,-0.8774927865858296,5.249117187685693e-05,0.7908199890333446,2.829267205448592e-07,0.7359955448387229
179888.6943475253,5.435875621613627e-05,-0.8671348753611029,6.515936489032571e-05,0.7770681723894668,2.7903417256646887e-07,-1.0786764878409432
179891.19559750578,5.6369348864077704e-05,-0.752448858853526,6.770358381140562e-05,0.6441507446689113,2.64732904631753e-07,1.568953379687261
179893.6968482323,5.929570617613187e-05,-0.7699191702108523,7.09133006768848e-05,0.6891218838652446,7.655789240274954e-07,-1.2884112856009258
179896.19809895885,5.464460073354499e-05,-0.9188260554754467,6.48113562849977e-05,0.847796387269854,2.3593021861035097e-07,-1.4360923130350332
179898.6993496854,5.787215114927887e-05,-0.7569943614272164,6.92407949395947e-05,0.6605640704402312,2.9228262607066125e-07,-1.529129311744527
179901.20060041192,5.400669185220498e-05,-0.7754533457046632,6.382686100298074e-05,0.6779449028175412,1.7344283560775158e-07,-1.5389417072065295
179903.70185113847,5.3710789286449335e-05,-0.8885755776435657,6.184911082586075e-05,0.8262417695053621,1.004434773897503e-06,0.9920035613310931
179906.20310186502,5.7752987640828074e-05,-0.8561495000281367,6.799301148487917e-05,0.7661210164288972,3.847801085888798e-07,0.7520259194394521
179908.70435184546,5.501536380402652e-05,-0.8358487593859035,6.543340927943177e-05,0.7850995867496174,5.052231198400496e-07,2.1567570305776465
179911.205602572,4.5629024890285064e-05,-0.7252053230679787,5.084488560214087e-05,0.5815023368775533,8.647439221471492e-07,0.9551378755744262
179913.70685329856,4.5216809961229924e-05,-0.7435746138421243,4.993488002939408e-05,0.5867223383849508,2.5673793733908687e-07,1.140843124786394
179916.20810402508,5.846258134547442e-05,-0.7437741419475441,6.85379023835118e-05,0.6325067765643376,2.944485018577508e-07,-0.6471250591667327
179918.70935475163,5.733470159325483e-05,-0.7933254742466067,6.737475441465359e-05,0.6639597625556305,4.128658713894108e-07,0.21935060677730403
179921.21060547818,5.4773981932768717e-05,-0.8113452870140003,6.427773759189192e-05,0.7499874842002983,5.442466100355414e-07,-1.2076285394741357
179923.7118562047,5.460574188466342e-05,-0.905981262681151,6.332126892268181e-05,0.832069607814033,7.537880490630503e-07,1.1102775928616768
179926.21310618517,5.2055875339885965e-05,-0.7682283125124385,5.9459664031041776e-05,0.6843591183281426,4.618411667553553e-07,-1.2170003498478599
179928.71435691172,6.27250694678102e-05,-0.7989973392680195,7.412832593992957e-05,0.6948906151064752,6.434446322966658e-07,0.990465004965386
179931.21560763824,5.217567229813914e-05,-0.7591683306811986,6.0760304888818905e-05,0.6754327836123853,4.4022468482791664e-07,-0.7162833837588827
179933.7168583648,5.595589815563486e-05,-0.9933129041642462,6.276511459441921e-05,0.9292674105381227,3.784152628931671e-07,-1.7647489108024899
179936.21810909134,4.439822286541395e-05,-0.826143560210127,5.103478427585874e-05,0.7231900742687289,1.0138195485047945e-06,-0.5734041816349897
179938.71935981786,4.725966206482044e-05,-0.8096352139969547,5.2823043386186176e-05,0.7103806956472483,9.811729637080464e-07,2.621742363337159
179941.2206105444,5.405962508182254e-05,-0.8936609544069325,6.29496616723453e-05,0.8426794441552184,3.6040614994393986e-07,1.021816413074004
179943.72186127095,5.2533632751199743e-05,-0.987285888096361,6.029629380004452e-05,0.9426916808762636,8.883374936675826e-07,2.345015739878663
179946.22311125143,5.4537773897469135e-05,-0.667102510825551,6.490275405499951e-05,0.5439131663867736,6.715338023116362e-07,-1.8773705041497568
179948.72436197795,5.717353533467406e-05,-0.7897060650482205,6.733144081281417e-05,0.722405216874907,5.186007958765474e-07,-0.5918695768689173
179951.2256127045,5.4886755023456e-05,-0.7541473344903427,6.21873468491793e-05,0.6693017213806209,3.180011661956962e-07,1.1832991248339801
179953.72686343102,5.567046260140771e-05,-0.7443480470325109,6.529438118440498e-05,0.6497257755128955,5.720447704115041e-07,0.621254646694654
179956.22811415757,5.6654746204899605e-05,-0.7976444167636982,6.901895689169499e-05,0.7109062288149754,3.4594441516989026e-07,-1.8524706954018626
179958.72936488412,5.716342534714244e-05,-0.6557705600139119,6.703854454038149e-05,0.5252304702816913,3.57822520246585e-07,2.765020475858141
179961.23061561064,5.503759287955284e-05,-0.7918195572722294,6.60189521686551e-05,0.7099338901056111,6.573465198624755e-07,-0.06907604563428826
179963.7318655911,5.291271173565776e-05,-0.8093975751479288,6.0599620436790527e-05,0.7119949287387299,4.423803883514644e-07,-2.1045188594806516
179966.23311631766,6.150840066582366e-05,-0.7545621789032295,7.434474329386852e-05,0.6687276674397542,3.61163696705406e-07,1.2206016581912948
179968.7343670442,5.393225655666602e-05,-0.7347737510764024,6.41085864782909e-05,0.6182652215697367,4.278311556481707e-07,1.9674202801339655
179971.23561777073,5.646803535867716e-05,-0.7706333325189948,6.619992380295332e-05,0.6610086146694123,1.3247796258566638e-06,1.1084128505313595
179973.73686849728,6.009433884047293e-05,-0.7717514895896606,7.501085396936129e-05,0.683216709474003,3.5793566304365076e-07,-1.5032534311233
179976.2381192238,5.3038521746524554e-05,-0.6747867798117375,6.135694744402482e-05,0.5731310869934815,5.488307920992011e-07,2.3527679714633605
179978.73936995034,5.1774858336104635e-05,-0.847798058451235,5.785101210867733e-05,0.7657102338338844,1.8067347331792102e-07,0.96186717660119
179981.2406206769,4.929255076519168e-05,-0.6728439185060383,5.640454326047236e-05,0.5285164451235733,7.342582405481583e-07,0.6044055228656521
179983.74187065737,6.158469812031613e-05,-0.7530680328226538,7.328606044128826e-05,0.6603606474835868,3.7990177790797956e-07,2.7148157145064067
179986.2431213839,5.486155164292793e-05,-0.7524005559222446,6.223813091742598e-05,0.6227121784893656,2.505355503041045e-07,-1.5425303237244858
179988.74437211044,5.059500180844377e-05,-0.8765823124758765,5.572405187767933e-05,0.8580943684873913,6.964770935701237e-07,0.5099892381600303
179991.24562283698,5.5969739382774955e-05,-0.7444114657479055,6.520275265731161e-05,0.6614999272546521,4.7410129578304287e-07,0.6539899983338303
179993.7468735635,6.14120989262105e-05,-0.8888847119125535,7.505770334424513e-05,0.8153095509264062,2.1240744034756267e-07,0.4093703517399722
179996.24812429005,6.447824081158964e-05,-0.5969376660595499,7.867311913453604e-05,0.4733958431765806,6.391331328959456e-07,-0.22943209824010563
179998.74937501657,5.420901283263849e-05,-0.7159209117391279,6.311068522513138e-05,0.5854674525477976,5.198301762440219e-07,-0.023262354599854734
180001.25062499705,6.008680969304018e-05,-0.8498519823135298,7.104482711763512e-05,0.793617101618155,2.9846535629107423e-07,1.086703449036121
180003.7518757236,5.796019461336567e-05,-0.9029040776306582,6.984036759606609e-05,0.8238427835649142,5.462813311638785e-07,1.135179444568042
180006.25312645014,5.654315285990105e-05,-0.9071788894312292,6.592962719322966e-05,0.8622586288774449,7.327176811654713e-07,0.6199239259126483
180008.75437717667,5.651900572349521e-05,-0.7054434183797677,6.748263733737138e-05,0.5945650406739049,6.116918986686449e-07,0.5854989004508553
180011.2556279032,4.9157679840058486e-05,-0.8581767585018831,5.668766667378992e-05,0.7972252498871134,3.730345044213101e-07,-0.5675318776761544
180013.75687862976,5.03613968878683e-05,-0.7284138925089311,5.876128002761234e-05,0.602623040358459,1.5735727696352787e-07,-2.7494223551344703
180016.25812935628,6.094464161920563e-05,-0.7656109551201835,7.31001896482383e-05,0.6997390650901952,6.881991570160629e-07,0.9266300326778191
180018.75937933676,5.026051640582889e-05,-0.7747114516520819,5.734204411148751e-05,0.65143253301563,4.424155599680336e-07,0.258331899016256
180021.2606300633,0.0001119927209463226,-0.6836136511482277,0.0001468394221596207,0.6005853097005365,8.147506441068995e-08,0.5891950648503909
180023.76188078983,7.393438022853702e-05,-1.0960463450261086,9.340328281293163e-05,1.0758333389592984,9.16419612677423e-07,-0.5460367587847509
180026.26313151637,4.9574552566815366e-05,-0.9131075541237511,5.8595049745286236e-05,0.8423471153021369,1.9391019690221957e-07,-0.49987204554686454
180028.76438224292,5.6521637884216635e-05,-0.8907876481344528,6.640345015579359e-05,0.7987610111489957,6.684313483960389e-07,0.9156725533416845
180031.26563296944,5.784870023760037e-05,-0.8350027938467838,6.51887549721865e-05,0.7155918221685746,6.07531320076144e-07,0.051879038724821705
180033.766883696,4.781407397482768e-05,-0.7783847497700475,5.5377647444305554e-05,0.6726455463295983,5.716241840348372e-07,1.434596576789349
180036.26813442254,6.076501606853104e-05,-0.9145407015029805,7.170673062685992e-05,0.8385897993033893,3.1906678664577924e-07,0.7062239610882354
180038.769384403,5.1548179472764295e-05,-0.6644720595984029,5.8003834548540923e-05,0.5395456848554422,4.1632144299624103e-07,-1.3705301278489581
180041.27063512953,5.265228017856963e-05,-0.7491576393529135,6.326908145434778e-05,0.6028916079400131,3.558570639549374e-07,-0.6302782388732397
180043.77188585608,4.9592508051413814e-05,-0.7878762915888026,5.706548809995604e-05,0.6716023510293773,8.71702249128957e-07,1.7185659263867645
180046.2731365826,5.2399043345720396e-05,-0.636416770453259,6.0946751015610556e-05,0.4813032281810031,3.702112416749003e-07,-0.03911435036329615
180048.77438730915,5.2745854872742796e-05,-0.5406293696669268,6.30717981749831e-05,0.36687163156377284,3.639452238929764e-07,1.3773194585800217
180051.2756380357,5.850633640204485e-05,-0.8081234112567776,6.881433008993512e-05,0.6969848312832249,1.7653189695075322e-07,0.07911415245251546
180053.77688876222,6.292970156979039e-05,-0.801754423630628,7.693525585111627e-05,0.7365373191983073,2.0250560401410968e-07,0.5401001543408859
180056.2781387427,5.5419423279803785e-05,-0.6904705371099953,6.555313429280989e-05,0.5705053461179247,5.843161600915709e-07,-1.4886141714662278
180058.77938946924,5.79391079099764e-05,-0.8798568395245941,6.8216464800691e-05,0.8368825232149947,1.7082986399841722e-07,0.7559573799767144
180061.28064019576,5.722782760283852e-05,-0.8749265233355094,6.795152053055444e-05,0.7874589575445192,5.057137975978396e-07,-2.7740416456071633
180063.7818909223,5.8888930439125495e-05,-0.7240938007153921,7.106639865609361e-05,0.597898211516175,4.870885588951675e-07,-1.4271936088367896
180066.28314164886,5.207495761988923e-05,-0.7891302622024263,5.8226314292804857e-05,0.6898937262769796,6.38435887026522e-07,-0.6518744089471372
180068.78439237538,5.758238569340689e-05,-0.8358407190714624,6.83219584577291e-05,0.7478669083836974,2.3269533699022965e-07,-1.0342971243896524
180071.28564310193,5.6733754032348835e-05,-0.8051134782427533,6.7166268123545e-05,0.7543273476134016,8.08752221478626e-07,1.3071713010102741
180073.7868930824,5.902691979889474e-05,-0.795686404430318,6.983933058338436e-05,0.7050579061489827,1.341987371685364e-07,1.2058243149513945
180076.28814380892,5.7592280012228445e-05,-0.7425789067077871,6.55614373433904e-05,0.6247798811467415,4.332763403431738e-07,-0.1748530283580189
180078.78939453547,4.858467925659423e-05,-0.8769911404490853,5.300824715461965e-05,0.742520229273455,4.596429001903862e-07,2.4661758644230884
180081.29064526202,5.613176413082975e-05,-0.8121589620735422,6.552064264560131e-05,0.7286091838104602,5.966805648391743e-07,-0.7650790721975024
180083.79189598854,5.444211226846616e-05,-0.7155064520420269,6.28715866887428e-05,0.5581969767575755,5.440010923007066e-07,-0.5334299660568766
180086.2931467151,5.5067789067075724e-05,-0.5418360577106452,6.492978179050729e-05,0.3437339065454259,7.068808566504784e-07,-1.759740748016956
180088.79439744164,7.634911770301001e-05,-0.8592343443235887,9.723692839231184e-05,0.7949604143968756,4.779517585144815e-07,-1.6494478665024406
180091.29564816816,5.081339064160133e-05,-0.7703303945567974,5.756886525966948e-05,0.6552167385063825,6.253583562519257e-07,1.0186397283156816
180093.79689814863,3.861616142154641e-05,-0.7549138254705685,3.751725070379492e-05,0.7821779232312253,3.1950438261006736e-07,-1.150488884022464
180096.29814887518,5.1905495211604056e-05,-0.8235782932480992,5.5656369099301155e-05,0.7910251389597339,2.95829417094331e-07,0.737845203572412
180098.7993996017,6.387477095570533e-05,-0.7661420237678325,7.952613004244241e-05,0.6169472781991351,3.095596349667709e-07,0.7781880623205096
180101.30065032825,6.538039472702269e-05,-1.040463246474415,8.039619444294789e-05,0.8789662364316966,5.167787543277112e-07,0.5500684463602852
180103.8019010548,4.318368757626709e-05,-0.7145562204439698,4.1799263770206114e-05,0.6022989610016419,1.601694452510444e-07,-0.5504225829960895
180106.30315178132,4.763424794430753e-05,-0.7406077939863767,5.0536952783876385e-05,0.7074115833434377,2.6624335838297937e-07,-1.0638231695236546
180108.80440250787,6.798373778347514e-05,-1.0416661187947147,8.915294596059939e-05,0.9185266776226056,5.683443043141689e-07,-0.08315157685863629
180111.30565248834,7.042723741819046e-05,-1.1343783263825533,9.52701162906841e-05,0.9554356423088205,5.995791890128796e-07,-0.10390351420079875
180113.8069032149,5.284863713906185e-05,-0.7827614532336403,6.36337122311469e-05,0.6594439169012163,7.655221068866365e-07,1.5919921319481645
180116.3081539414,4.538970062293353e-05,-0.9298842882996426,5.0115985376796344e-05,0.836259151521049,9.54318987558007e-07,1.1677905946693985
180118.80940466796,4.986723153084314e-05,-0.8479705282486149,5.882378791364614e-05,0.7384141895723715,2.423632731283996e-07,-0.9397337141174982
180121.31065539448,5.977538264057941e-05,-0.8053586058871501,6.872104306082881e-05,0.7378968186693298,5.943265513867795e-07,-0.9365205885089916
180123.81190612103,5.650229297793086e-05,-0.8166853597566441,6.47793868172935e-05,0.7190794359506243,2.536968812137779e-07,-0.46554174882861127
180126.31315684758,5.807667533948205e-05,-0.7567904850556361,6.970784667237624e-05,0.6508194586872167,2.779546410581788e-07,-1.0200655000131171
180128.8144075741,4.4833137128877476e-05,-0.913219532551733,4.962045223389357e-05,0.8607397748844484,5.665465763052713e-07,-0.31963437993012944
180131.31565755457,3.643233189666749e-05,0.4464832361248753,3.844368440290207e-05,-1.2071733624173426,3.818575332476258e-07,-0.6206877086649314
180133.81690828112,5.491010826016752e-05,-0.9828595037334489,6.887847802009858e-05,0.8274557712740537,7.099446005050972e-07,1.8235058065695477
180136.31815900767,6.17815325737288e-05,-0.7845300475830158,7.494701689633528e-05,0.7239104887530535,6.115964432745814e-07,0.5668823478589837
180138.8194097342,5.588217819371443e-05,-0.6299842441974484,6.6555356067963e-05,0.5093447385080261,3.3399506837996855e-07,0.43246633293770215
180141.32066046074,5.3270307701477596e-05,-0.809982271090638,6.220039904727356e-05,0.6889453310730457,7.499183149987676e-07,-2.3644620021218135
180143.82191118726,5.484401970279635e-05,-0.8053859196202761,6.2264489979809e-05,0.7287611448074877,4.683109713205402e-07,1.6935567871455146
180146.3231619138,5.976660858836198e-05,-0.7309414325870262,7.332509811871573e-05,0.6307851530095253,8.668307506669867e-07,0.35461972497501815
180148.82441189428,5.30514399729886e-05,-0.8054773235414942,6.078688963087563e-05,0.710472756705227,8.0904271605784e-07,-0.011709541190749384
180151.32566262083,5.9394563355765785e-05,-0.7445497999331199,7.090189799051734e-05,0.6256250254523721,3.7144965054296745e-07,2.39913038217297
180153.82691334735,5.7452852284835844e-05,-0.5992571030693129,7.079587931127095e-05,0.48420931546355195,6.014271771524036e-07,-0.8292703406436677
180156.3281640739,6.080134312545575e-05,-0.938232650477299,7.472979349988491e-05,0.8635577454029167,7.457939371494493e-07,0.7658738758677943
180158.82941480045,5.8157076943125786e-05,-0.8831969831776973,6.830616523820809e-05,0.8199230667302948,2.3134606876557826e-07,-1.1498134657443337
180161.33066552697,5.619440933250226e-05,-0.7647005356260977,6.900645642903783e-05,0.711508517355319,2.596938222228026e-07,1.2532666533702568
180163.83191625352,6.0842065214513536e-05,-0.7698154402247227,7.22524801175422e-05,0.6764344256301206,7.073937778633783e-07,0.2087114825058147
180166.333166234,6.260777130962353e-05,-0.9085707271183074,7.449563174070541e-05,0.8337334426130377,3.481947267029934e-07,0.18892258309421192
180168.8344169605,6.0487990378861615e-05,-0.6773703943983312,7.385329522754646e-05,0.5240998542575953,3.5446124135198286e-07,-0.9080573763424579
180171.33566768706,5.805227468095205e-05,-0.8648637843027057,6.940181979998045e-05,0.7755453918270648,2.6895009021063607e-07,0.387692548194867
180173.8369184136,5.72275739062189e-05,-0.7529935891460741,6.921624065665553e-05,0.6246468610453991,4.6637946760633355e-07,-0.13342572958026
180176.33816914013,5.25483323272416e-05,-0.7116259766898477,6.182736112208145e-05,0.6086531039195111,3.821254899525967e-07,2.1815496471917464
180178.83941986668,5.0856349408575704e-05,-0.7462251753616417,5.810101091417541e-05,0.6432621088348448,3.49317199310883e-07,-0.1451659036615015
180181.34067059323,5.9176921767344254e-05,-0.8590529625700862,6.792828108151834e-05,0.801584612016668,3.2994283044885207e-07,1.176953862844943
180183.84192131975,5.6376154577184105e-05,-0.7623740867969725,6.844614467378694e-05,0.6632651577060446,5.315557941441248e-07,2.2085403947963824
180186.34317130022,5.2029630802969585e-05,-0.9228887147303181,6.067152692808814e-05,0.8550600992002009,6.770090569754482e-07,-0.9760205796264897
180188.84442202677,5.397904163356534e-05,-0.7863601584332791,6.330863595448829e-05,0.7022111571096905,4.117035404106279e-07,1.379267561384365
180191.3456727533,6.10717639610502e-05,-0.8557621470328848,7.273029559296913e-05,0.7638367312770004,4.084495316958189e-07,-0.47066832278918597
180193.84692347984,5.825725688031469e-05,-0.8064777542500194,6.890443492849e-05,0.7147159774872054,1.9221003666277665e-07,0.3992057475142274
180196.3481742064,5.434736594615908e-05,-0.8045771232135273,6.37934374139407e-05,0.7365970740204525,6.400320562512162e-07,-0.511005674177425
180198.8494249329,5.475351095386732e-05,-0.9048312085293072,6.366911467649847e-05,0.8238604151675206,2.1735341516787756e-07,-0.7420669304134154
180201.35067565946,5.703101192585468e-05,-0.8193213089459259,6.655834445827765e-05,0.7113217375011109,9.134025979507524e-07,-2.093676663393167
180203.85192563993,5.113826473920359e-05,-0.861006667817294,5.849711046515146e-05,0.7986578941259094,3.5707212442273464e-07,1.0460266315594604
180206.35317636645,5.957898618315779e-05,-0.8598707674644731,7.01868491552516e-05,0.8183854869196684,3.282859199368676e-07,-0.6034021816164508
180208.854427093,5.342525169987926e-05,-0.7947893782277186,5.872032583543233e-05,0.7088843161721111,5.207611796149259e-07,1.7855690300500853
180211.35567781955,5.609514750840933e-05,-0.8917404212601372,6.402917286655857e-05,0.8255480804934391,9.113121614821452e-07,-0.387949336280166
180213.85692854607,6.0773088429814885e-05,-0.8005911950991335,6.992651412260119e-05,0.7335465904397439,3.7344292959358324e-07,0.2704371335877573
180216.35817927262,5.252411804729562e-05,-0.7900530881671781,6.053616799578535e-05,0.6782756982070121,5.322370506814895e-07,-0.19131103187373116
180218.85942999917,5.474712452037882e-05,-0.9034805565021957,6.63168072936228e-05,0.8446390967565466,4.862710196257988e-07,-0.5454904423132627
180221.3606799796,5.070035971776675e-05,-0.8443540386556257,5.79817844241346e-05,0.7592988244119635,5.223861971033168e-07,0.5125913935605496
180223.86193070616,5.391978697177119e-05,-0.8767423774721794,6.455950583272577e-05,0.789761690652971,5.029570248068289e-07,1.5243096907453575
180226.3631814327,5.162744516015168e-05,-0.7895677886118363,5.9524381799834974e-05,0.6990022932834733,4.242716670092631e-07,0.39861560843166255
180228.86443215923,5.2240502058125435e-05,-0.8097303734128282,5.790379377149898e-05,0.7167535294513102,3.0197682595061505e-07,0.5194261005806957
180231.36568288578,5.6244049711324886e-05,-0.8330772033609994,6.511041614002955e-05,0.712461770943008,4.6206837202031776e-07,-2.0415087596187864
180233.86693361233,5.309473227173377e-05,-0.8650307806646286,6.047102721569035e-05,0.7447326471465181,1.1141342629647517e-06,-0.3794056752943268
180236.36818433885,5.077687434173175e-05,-0.6589140834469811,5.990640087610509e-05,0.5604055120599568,7.910224818589365e-07,0.93874955310253
180238.8694350654,5.510317252991479e-05,-0.8868995914653944,6.477630147612654e-05,0.7980440966783244,6.457699987405635e-07,0.7041157131442403
180241.37068504587,5.34927067205171e-05,-0.8941751827938045,6.035395417501902e-05,0.8333768032721516,1.7191629147729776e-07,1.0245869675581638
180243.87193577242,5.407382154498104e-05,-0.8410081583345911,6.237426469187004e-05,0.774907755963573,2.9306914748075276e-07,1.2127630744853521
180246.37318649894,6.148289006533879e-05,-0.7238180030167695,7.572678718520863e-05,0.6197016917233452,2.7032326593200977e-07,0.2628943850288329
180248.8744372255,6.0459189779329145e-05,-0.8368354178649533,7.205793115478727e-05,0.7378862301170509,7.869148291724556e-07,-0.736766121243842
180251.375687952,6.445406152425329e-05,-0.9645192686345969,7.990625324222902e-05,0.8745559215638993,7.685181845329458e-07,-0.9825504274764053
180253.87693867856,5.703053339101071e-05,-0.7696445485012565,6.835117688866783e-05,0.6910347169306857,4.5370821624465545e-07,-0.1679900938563473
180256.3781894051,5.116381446114629e-05,-0.8763796412821274,5.8412119594062954e-05,0.7594191288210987,7.359131343154265e-07,1.433325504757411
180258.87943938558,5.509198738611416e-05,-0.8782421034915173,6.227983575896359e-05,0.8034600294604938,5.719181354283429e-07,-0.8321276586462156
180261.3806901121,5.186011447357405e-05,-0.8879466946559336,5.8606790618365455e-05,0.8751757319287414,3.1711380956629104e-07,-0.09027516668212585
180263.88194083865,5.1943035690310835e-05,-0.8553783385381754,6.031646943683773e-05,0.7996566751383875,4.6574912717285593e-07,1.3874525525663735
180266.38319156517,5.238136334674821e-05,-0.7638152905815365,5.69504302077433e-05,0.6471785020014894,7.272704454755169e-07,0.24717756453454365
180268.88444229172,5.7961779660741224e-05,-0.8459792969596636,7.059267373691603e-05,0.7527518362132318,8.81026570401232e-07,1.8011481957559266
180271.38569301827,5.872473222403372e-05,-0.9618256374372978,7.022520105291261e-05,0.8569262904837595,6.2621029942577e-07,-1.6897378051564076
180273.8869437448,5.4840122418750725e-05,-0.8945938624786798,6.570051993896457e-05,0.825842255050168,5.623023470374967e-07,2.191366773539418
180276.38819372526,6.318538030785153e-05,-0.8496759399061715,7.546378537889002e-05,0.7714195421253536,3.5230668209348305e-07,2.277749636321665
180278.8894444518,5.668444776986807e-05,-0.7210839639395199,7.025582062170534e-05,0.6047672104031238,2.135015559849239e-07,1.2285268381670518
180281.39069517836,5.542547167387215e-05,-0.7567417907380625,6.456925362205748e-05,0.6181560243712153,9.309500228452217e-07,1.20223801524968
180283.89194590488,5.141782339405364e-05,-0.7927162984080515,5.980686524832598e-05,0.6646011548030727,5.317039574207266e-07,1.7418951642929237
180286.39319663143,5.563813951503644e-05,-0.82385480464743,6.598678930005408e-05,0.783804546184579,2.2294613069203538e-07,0.01448463590871709
180288.89444735798,4.981194014738274e-05,-0.862539860245048,5.705521667411976e-05,0.8010428971701296,5.442450332342507e-07,-0.9204590885670789
180291.3956980845,5.5094719910829434e-05,-0.7391841656137332,6.708340856014036e-05,0.6396021062895776,4.4586880302535287e-07,1.7083192330865669
180293.89694881105,5.0689787421892076e-05,-0.7477563961351066,5.972584712311723e-05,0.6396034345252638,4.0705702231582035e-07,1.2589400280064984
180296.39819879152,5.920928770216425e-05,-0.803156470514593,6.972076173407633e-05,0.6933135755903836,2.950154177256931e-07,0.42993024744848657
180298.89944951804,5.138810705455368e-05,-0.8427156861123751,5.783288559582815e-05,0.7007912429636873,9.647955770421621e-07,0.2959433221436291
180301.4007002446,5.129132877513223e-05,-1.1374301832156575,6.281542205622585e-05,1.133212252774542,4.502043252878258e-07,-2.0868849424981026
180303.90195097114,5.198955076199007e-05,-0.8217024992315308,5.9826299591235866e-05,0.7449274081656427,8.974556366710275e-07,1.6641530720038213
180306.40320169766,5.1231880109372e-05,-0.8655569200164255,6.009167652061365e-05,0.8082692435291822,4.827688489809121e-07,-2.2976121014743605
180308.9044524242,6.0556939175506415e-05,-0.7719192658331505,7.404066896424484e-05,0.6843473732161135,7.643389621722738e-07,-0.9292647624865097
180311.40570315073,5.1993413504179365e-05,-0.8324234093203973,6.251478483748484e-05,0.75200755308977,3.9387204616067683e-07,0.6788615677094924
180313.9069531312,4.8383663373273245e-05,-0.9042445976478684,5.579310017440206e-05,0.8166685882611612,5.492990659253154e-07,0.20004539778361655
180316.40820385775,5.939412702440984e-05,-0.7732957972805533,6.750704670881981e-05,0.6793441224829633,2.6764989102195405e-07,2.46031466820412
180318.9094545843,5.752987210164535e-05,-0.6866310971134151,6.925255112737518e-05,0.5962433820096026,7.547473025432138e-07,0.5505070226909891
180321.41070531082,5.534155053328249e-05,-0.7990913100585094,6.547729718202595e-05,0.7120729123897238,3.390342040126879e-07,0.7071254963312155
180323.91195603737,4.8722757389057895e-05,-0.8359634051414466,5.521695701315582e-05,0.7529692699337169,5.790959541275868e-07,0.9019362890025862
180326.41320676391,6.463020016907021e-05,-0.8511503132396436,7.77309511660917e-05,0.7755393453960968,7.188692675844755e-07,1.7958434368874423
180328.91445749043,5.77240811352808e-05,-0.9065965090050405,6.727170523993535e-05,0.8401165547727186,3.4995541224548304e-07,-0.5969057133766459
180331.41570821698,5.372424924468244e-05,-0.6850983743837926,6.596896365954104e-05,0.5763683965396701,4.797415999469228e-07,2.4376099026079605
180333.91695819746,5.528561068377659e-05,-0.9308733768149011,6.312869484594342e-05,0.8785075237019075,3.3271176864549377e-07,1.1999659505677998
180336.41820892398,5.1257869436168575e-05,-0.882290773473417,5.8465216095834074e-05,0.8017161675208847,7.613390536497471e-07,1.6173389980057984
180338.91945965053,5.846774102109405e-05,-0.8427314772238134,6.806089185055738e-05,0.7641377695106154,4.894578279039425e-07,0.12562844383324318
180341.42071037708,4.944030821713649e-05,-0.8249807604900793,5.594169310276904e-05,0.7472713996633736,2.483365807803948e-07,0.6738279386196139
180343.9219611036,5.3003872988106074e-05,-0.9427748920125376,5.973880791387948e-05,0.8568317819143363,3.863445858776209e-07,-0.06954566336111917
180346.42321183014,5.392470853417044e-05,-0.9524668559685409,6.200044368989838e-05,0.9056071117441472,4.36412504776519e-07,-1.8147795645822256
180348.9244625567,5.39487351440714e-05,-0.7862152415056178,6.379365432909879e-05,0.6457492576696428,5.909997750235222e-07,1.2324306157386307
180351.42571253714,5.761061418826844e-05,-0.7772569278293107,6.952986190800309e-05,0.6739776612694353,4.3045834472281825e-07,-0.6073478070269126
180353.9269632637,5.32976030274313e-05,-0.8519971210533199,6.228588000620613e-05,0.7840868214510288,4.437232024737322e-07,-1.722590957671281
180356.42821399024,4.9643509851422006e-05,-0.753364515861454,5.711842716617544e-05,0.6149244032256729,2.7758420469686314e-07,-0.1693782290432405
180358.92946471676,5.2389417483977635e-05,-0.8533727205236482,6.45859996620772e-05,0.7777648212724954,9.396674000385432e-07,0.70076450861431
180361.4307154433,5.1003766934340795e-05,-0.7567546110890305,6.060305490627501e-05,0.648148438171987,5.488149322318736e-07,1.8300404579129932
180363.93196616985,5.5966356598414486e-05,-0.6749899958210904,6.604798420415516e-05,0.5756666905775817,7.279870394512388e-07,0.23369944154722594
180366.43321689637,5.049217103522943e-05,-0.7786819410266788,5.7471942405918845e-05,0.6780300877815632,5.720064798517911e-07,1.4974705658419987
180368.93446687685,5.435389286128199e-05,-0.6733957835695703,6.391252034648714e-05,0.5319788706526276,9.85264053007878e-07,0.4447172058037357
180371.4357176034,5.830268265834032e-05,-0.7245790317787357,6.934094617237515e-05,0.6321532348332842,2.759789199328944e-07,0.17086127777027663
180373.93696832992,5.002332653018562e-05,-0.8053714668410225,5.614641838543815e-05,0.7269172438320307,4.4977270444324715e-07,0.16840027336110663
180376.43821905646,6.24186384377166e-05,-0.8207508931643255,7.380362603416267e-05,0.749223284819102,2.4942114761151554e-07,-0.5607334641702155
180378.939469783,5.1619794876221506e-05,-0.940976417739376,5.909613258612132e-05,0.923969566628302,3.0631677812537085e-07,-1.2916598873469773
180381.44072050953,5.41673116201745e-05,-0.9090073540200382,6.30175635508331e-05,0.8518620711693003,3.216170957609283e-07,-0.936309346548525
180383.94197123608,5.3305385080386536e-05,-0.8501732058691326,6.16621667956415e-05,0.7738560021352772,4.765015791828091e-07,2.414707691619867
180386.44322196263,5.126244588196826e-05,-0.774713919093111,5.886072821862336e-05,0.6783352457958882,3.7170130991534447e-07,-2.9885684316899424
180388.9444719431,5.188804255036562e-05,-0.8220441410620972,6.0256827706973735e-05,0.7350312527136071,6.083041211529383e-07,-2.0671336571242653
180391.44572266962,5.616265366016149e-05,-0.850459841605569,6.62841039034909e-05,0.7771709927032936,1.0474782466145736e-06,0.77005062489617
180393.94697339617,5.678911820171728e-05,-0.8685854101018706,6.541022763871929e-05,0.7908733394306497,2.578842671217998e-07,2.1317974357446534
180396.4482241227,5.673946874038692e-05,-0.642166597661258,6.74751574115301e-05,0.5355774730984076,2.2870477247087867e-07,0.614253514298561
180398.94947484924,5.1607956784615703e-05,-0.7389860906629285,6.115298017057556e-05,0.6699129812272333,1.7203203060900458e-07,-1.8740923909467826
180401.4507255758,6.233041284435844e-05,-0.8532203248383536,7.533457789871148e-05,0.8012592956780971,1.1987232515149189e-07,-0.5930934053860283
180403.9519763023,5.689101067091402e-05,-0.8988790411416685,6.505188395221276e-05,0.8338524743612638,5.176475578784649e-07,0.609496563284724
180406.45322628279,5.8094336547490624e-05,-0.7735358896063156,7.085333080369563e-05,0.6396848858015877,3.448769399296862e-07,0.5429675448163906
180408.95447700933,5.410443774771003e-05,-0.7803082772637329,6.067198958030992e-05,0.6642129588119072,3.990739348826223e-07,0.03373249953189906
180411.45572773588,6.0173320511020097e-05,-0.7056666278968566,7.376822718185772e-05,0.6080936972444616,3.260967178818694e-07,-1.721324653777047
180413.9569784624,5.454787849065108e-05,-0.8616726833520066,6.37774733288648e-05,0.759074711374475,7.820527937509209e-07,1.9785822585977528
180416.45822918895,5.910712050481619e-05,-0.9025478885306992,7.062740799888111e-05,0.8602459706403722,4.525157948485549e-07,0.7427353767533946
180418.95947991547,5.742511874696121e-05,-0.8919429531072244,6.785123139983926e-05,0.840142918136238,3.941560841520488e-07,1.3382044982211605
180421.46073064202,4.628402562133852e-05,-0.9239807389386642,5.222964933389531e-05,0.8471642742321187,4.2591660280891557e-07,-0.4750243120635726
180423.9619806225,6.234935418121106e-05,-0.9044203447654258,7.333859636946046e-05,0.840546856641618,2.398278654242016e-07,-0.47202661620747
180426.46323134904,4.9126802909098735e-05,-0.8718631980593451,5.7218623344101555e-05,0.7606083586194393,1.0021486461331832e-06,1.5579855264884521
180428.96448207556,5.232133015508126e-05,-0.8969546239924328,5.9505975701211794e-05,0.8173517371394687,6.578734872939808e-07,0.4695492210783751
180431.4657328021,5.76348686468648e-05,-0.7021463191646767,6.908133718290769e-05,0.5824017722917699,7.039355555816585e-07,0.8818640311798313
180433.96698352866,5.36195146175072e-05,-0.8291917651260664,6.267083496042938e-05,0.772021080190389,4.857101088294673e-07,0.4339147127176557
180436.46823425518,5.9119891405484916e-05,-0.7489441564187318,6.860801305358683e-05,0.6487324200946928,6.828228071143426e-07,0.1981680952682269
180438.96948498173,5.4957970038041276e-05,-0.8949505753710871,6.243830237557488e-05,0.8343566963483586,7.627438511358554e-07,0.14960129864384872
180441.47073570825,6.02825908771434e-05,-0.7458067868830274,7.378942613610265e-05,0.6307125987300378,2.5050354024163574e-07,0.8260736306533903
180443.97198568872,5.158367431517142e-05,-0.8832579881688835,6.109421874158185e-05,0.8155591692747038,2.372991904871788e-07,2.766721430215394
180446.47323641527,5.527071778196425e-05,-0.8786995420289739,6.520502504327556e-05,0.8224938280905789,9.227934602062909e-07,-2.2067990024645487
180448.97448714182,5.5918926416093696e-05,-1.0125078935922989,6.450776227253522e-05,0.97124347757869,6.002649846550336e-07,0.8761584011906788
180451.47573786834,6.110104428998284e-05,-0.8955806967864312,7.227532184119243e-05,0.818124974771103,5.998046791621368e-07,-2.08685525804068
180453.9769885949,6.0825788231149e-05,-0.8054083456174169,7.192394016422112e-05,0.7089966781174339,6.10300824917072e-07,0.9303906024505925
180456.47823932144,5.52495933316217e-05,-0.8665714346818343,6.498626028684625e-05,0.8038694581221911,4.1022493219320215e-07,0.914690864141138
180458.97949004796,5.386141808619684e-05,-0.782820398750184,6.0529037081771054e-05,0.6951168496083926,2.410447959153647e-07,-1.2767368286423586
180461.48074002843,5.307082825341548e-05,-0.8725811131064808,6.173189444868215e-05,0.8012169981409893,3.501325822461466e-07,0.40098871878919806
180463.98199075498,4.831897639276617e-05,-0.7460384390292264,5.561609284298249e-05,0.6499551692328425,3.963971853550147e-07,1.5055104738081035
180466.4832414815,5.831969901465221e-05,-0.8051847050715616,6.98598158132849e-05,0.7059750851903649,5.952312418625672e-07,0.471540219928758
180468.98449220805,5.471722934642516e-05,-0.7451686957390442,6.528078413917366e-05,0.5818037390811865,3.618689392857192e-07,-0.5043281766413799
180471.4857429346,5.41298362395699e-05,-0.8701077907062091,6.246914417018481e-05,0.795207134382209,7.404323142457173e-07,-1.038207507337836
180473.98699366112,5.5428586665619234e-05,-0.703082056636167,6.527086937085677e-05,0.5750795803169017,4.390305608086211e-07,0.5328896220157092
180476.48824438767,5.601928446932518e-05,-0.8250792900558774,6.45327502580301e-05,0.7508321806778528,9.268184811664316e-07,2.1883373357508646
180478.98949511422,5.711531743920399e-05,-0.8839648649724879,6.367092905504145e-05,0.8073573096201296,5.160373550346712e-07,-1.4975416533896893
180481.49074509466,6.330697952176355e-05,-0.8638690444461664,7.654754435483205e-05,0.7919880534048579,6.367039865683644e-07,0.1228513547844386
180483.9919958212,5.922491470069791e-05,-0.8026838851170546,7.072824261146615e-05,0.7184884209776521,4.328181006793227e-07,0.5077501458547373
180486.49324654776,5.913478534631058e-05,-0.760008849113989,7.033396686746541e-05,0.6627854623457773,3.970021695314185e-07,-2.234745427890362
180488.99449727428,5.864445531842875e-05,-0.7470113252124594,7.074235174942544e-05,0.6192689099409463,6.078016733175156e-07,0.30925391637652744
180491.49574800083,5.4716137802389714e-05,-0.8203041071775127,6.490685725732421e-05,0.7321405664917485,2.5145546727529346e-07,-1.6188243343449193
180493.99699872738,6.290785724431977e-05,-0.867009438142822,7.31399152277223e-05,0.7775906620276025,5.933837743137875e-07,1.4212025362971084
180496.4982494539,5.745235958233173e-05,-0.9103893616808434,6.837026038927115e-05,0.8316178345185019,5.32448216420631e-07,-0.6929803326361256
180498.99949943437,5.6444924655372943e-05,-0.7097714697754226,6.686386939967599e-05,0.5905377217903574,6.374596661058276e-07,2.1665449801583514
180501.50075016092,5.7163191202143766e-05,-0.7280961953867475,6.583115224259874e-05,0.6117762860321161,6.995413563952159e-07,1.0319104378331243
180504.00200088744,5.452256813736703e-05,-0.7383662569028179,6.528099836809155e-05,0.6271046864319682,4.944922727274168e-07,-1.1635805935637877
180506.503251614,5.6640464422705235e-05,-0.8082092636713019,6.689141734338788e-05,0.6832279769185886,5.996048767249925e-07,-1.959280748738447
180509.00450234054,6.369673177875239e-05,-0.9500151937584149,7.657121857643558e-05,0.9000754527668554,3.087145882898561e-07,-1.338440084929495
180511.50575306706,5.709605304620559e-05,-0.7757831067409642,6.732677576429762e-05,0.6897107649458047,4.262236309927895e-07,0.2607663761670434
180514.0070037936,5.0183092780525366e-05,-0.7977785450911505,5.712398585437853e-05,0.7113387552393506,4.0168180671012227e-07,-0.27326768547796426
180516.50825377408,5.907121679200759e-05,-0.7688764600841225,7.151333012658513e-05,0.6779318589796292,7.629371204684245e-07,-1.6985738751797619
180519.0095045006,5.695905572447787e-05,-0.8530905153828768,6.533268311623272e-05,0.7797525317946669,2.6987111831385334e-07,-1.6075664959250744
180521.51075522715,4.9931323859808004e-05,-0.7878950212692266,5.726160622874563e-05,0.6973868095933446,3.917421685956468e-07,0.2877484607968889
180524.0120059537,5.894763268931134e-05,-0.8005926686612229,6.945666184031416e-05,0.7304713701187233,4.620526931192924e-07,-1.406973937007639
180526.51325668022,5.658808696143016e-05,-0.7334320253103428,6.653050937353946e-05,0.6355849887942845,7.89329927075351e-07,-1.4619521655356278
180529.01450740677,5.942955616899445e-05,-0.8292154333783875,6.90202748884401e-05,0.7113793099357418,9.053347334562723e-07,1.5167721246163939
180531.51575813332,6.0678335425876145e-05,-0.7631555056188336,7.403676941195022e-05,0.6541100149144567,3.6247885059258776e-07,-1.2165981587312393
180534.01700885984,5.447861052968132e-05,-0.7977392989283947,6.045401964935012e-05,0.7019868658965565,8.597721387816109e-07,0.12806340140414182
180536.5182588403,5.5911986928396314e-05,-0.8718026889651375,6.495848577600628e-05,0.8026544579829757,4.6291680616293777e-07,-1.2020501893338567
180539.01950956686,5.431498048921761e-05,-0.7243542876816692,6.368396989671853e-05,0.5895790188356879,6.972194858840997e-07,-0.32792562490178806
180541.52076029338,5.7705948175985044e-05,-0.8339491723188259,6.77690941453113e-05,0.7698576520157239,7.955041841900596e-07,2.1730653296797353
180544.02201101993,4.682700673239864e-05,-0.7107884306826403,5.336328139345853e-05,0.6000366451881594,8.119893044088942e-07,-0.22973424123064368
180546.52326174648,5.306363098148079e-05,-0.7619599857314421,6.0688130297363535e-05,0.6525731143219781,6.582847627004378e-07,2.113951195651835
180549.024512473,4.9784781263514524e-05,-0.7734574475192086,5.754555185670918e-05,0.6243593212695834,7.136809310488698e-07,-0.7655112043102451
180551.52576319955,6.180592049203216e-05,-0.7388306393638089,7.624137066951798e-05,0.6586580253166535,4.088429994043983e-07,0.8741057060787051
180554.02701318002,5.855514678187822e-05,-0.9414101315185404,6.790806245154894e-05,0.8688568378553493,4.2909344581963735e-07,0.13663251472711604
180556.52826390657,4.627027065084617e-05,-0.7371129154330042,5.1214008189454196e-05,0.5785917821060064,3.089482338314565e-07,1.076462692172309
180559.0295146331,6.010677486834668e-05,-0.8524878887327283,7.159200864102365e-05,0.7791304846664329,6.016061379739673e-07,-2.7309641225451866
180561.53076535964,5.3438896891870965e-05,-0.6205142446527442,6.245428168611101e-05,0.43813659602156785,4.40308330500874e-07,-1.9889812547593573
180564.03201608616,5.465102622291525e-05,-0.7334322324415391,6.292308556471541e-05,0.5944686048739216,5.371620758520662e-07,2.37793659326687
180566.5332668127,5.753999823267968e-05,-0.8969100827196879,6.619676087417385e-05,0.8113289586150296,4.4951603387709947e-07,0.13315573839019174
180569.03451753926,5.328269469630112e-05,-0.900765705942222,6.13976555185508e-05,0.7978442032274113,3.860753268162468e-07,-0.38542867215174254
180571.53576751973,5.910649510209065e-05,-0.7895231282822773,6.851750626531719e-05,0.6964237126864328,5.061021425445607e-07,0.6697834355324503
180574.03701824625,5.368789697381545e-05,-0.707153397747658,6.368825134685761e-05,0.5532439370853717,1.0260461440750123e-06,0.23022640428195562
180576.5382689728,5.374951548404178e-05,-0.8625279116075136,6.34716200327638e-05,0.7723852151057278,1.8882730465939635e-07,-0.5867391002314752
180579.03951969935,5.441381692975104e-05,-0.7759591985282951,6.432717468672331e-05,0.6921743534259881,6.887955997633254e-07,0.2987729728585009
180581.54077042587,5.322188168797916e-05,-0.7471982196828493,6.234040126174524e-05,0.638881023131952,2.3209102718026103e-07,0.544648367963467
180584.04202115242,5.6684525953657506e-05,-0.7118075666317051,6.589022997091145e-05,0.5921272167803249,2.9892596405629054e-07,0.2640477185780036
180586.54327187894,5.492179200783391e-05,-0.9325484929292751,6.212630584690067e-05,0.8534807696790411,5.732724844203779e-07,1.4650232954919036
180589.0445226055,6.273578349245631e-05,-0.9147089638523237,7.589855313444276e-05,0.8576542254142409,3.645527420515538e-07,-1.103115660573498
180591.54577258596,5.205288228462026e-05,-0.8208986780375538,6.255606765565684e-05,0.7101741472285206,5.245889316813033e-07,1.2747664012178763
180594.0470233125,5.2729458398457684e-05,-0.7942249588712549,6.187081389493149e-05,0.7364980620968022,6.417297039855848e-07,1.7218692130174555
180596.54827403903,5.125179789837685e-05,-0.8866760132641464,5.850026762573958e-05,0.7878932495360986,7.573869990366275e-07,-1.8314396558803894
180599.04952476558,5.050332048150833e-05,-0.7817215421977423,5.800046787647187e-05,0.6801618295091904,3.2430020637208883e-07,1.3748935492813599
180601.55077549213,6.548349703926551e-05,-0.9846960144867413,8.022649723698698e-05,0.9522321829277991,2.603966368727989e-07,0.4137262676305688
180604.05202621865,5.3121519521266544e-05,-0.8043945747065061,6.155784078337026e-05,0.6851050397573554,6.560875154823456e-07,1.3110547019260637
180606.5532769452,4.906437261996239e-05,-0.9085652197349653,5.7436769670528344e-05,0.7918827582841707,8.532173324429608e-07,1.4473801987335961
180609.05452692567,5.5284379099120085e-05,-0.915105777020223,6.553203405639858e-05,0.8393626173938145,4.7356590712217804e-07,1.1828243841142108
180611.5557776522,5.642205601128544e-05,-0.7945053367903568,6.671922900004925e-05,0.657053518169402,5.007400718565924e-07,0.16956969720801454
180614.05702837874,5.315633917102216e-05,-0.8348312159522348,6.324256098356311e-05,0.7592252540232336,5.551451185917784e-07,0.09922194334182234
180616.5582791053,5.2559715476875624e-05,-0.6745591110934962,5.9916384374078736e-05,0.5414784831847869,5.130876637313009e-07,0.6694500399145095
180619.0595298318,4.7256978006295825e-05,-0.7612607031685895,5.313761846061616e-05,0.5915439493328621,2.0250211870512176e-07,1.1410266938473737
180621.56078055836,5.3899707028675156e-05,-0.782280046108846,6.183185430863237e-05,0.6780133759672632,3.1799014347152005e-07,-1.8901274219967936
180624.0620312849,5.123663038511756e-05,-0.9907804516244962,5.7795360783483145e-05,0.9448237512134411,3.8600781814661005e-07,-0.33158401215930355
180626.56328201143,5.88210775369193e-05,-0.7219334639192468,7.08186228024522e-05,0.6030318013393785,5.70563898021276e-07,-0.9222250885188499
180629.0645319919,5.1127548968083414e-05,-0.848929919310345,6.0253914376027735e-05,0.7804172962982572,7.749108837913056e-07,-0.5991113848832316
180631.56578271845,5.956166214446137e-05,-0.8596117085739279,7.210770160566563e-05,0.7630996181640008,7.082099740230986e-07,0.07195795950980316
180634.06703344497,5.427361795308415e-05,-0.8554975861024962,6.294720199512167e-05,0.7979546038951295,2.966369559414534e-07,-0.15415283470940272
180636.56828417152,5.465808056180276e-05,-0.9002987199316133,6.404416003367148e-05,0.805534009338011,3.2452207351722135e-07,0.8976223261680947
180639.06953489807,5.1172830696135926e-05,-0.6711844001074055,5.894320453459855e-05,0.5565918043868562,3.2269580879141537e-07,2.1346297573099218
180641.5707856246,5.956700488526191e-05,-0.716298839414093,6.987901376985521e-05,0.6108498714119115,3.526602139469143e-07,0.8090940976189797
180644.07203635114,5.5711649067814384e-05,-0.8757746937640516,6.366950860344884e-05,0.8393097801663324,7.01236660221688e-07,-2.2379508875945655
180646.5732863316,5.2371905534325994e-05,-0.8806689893788866,6.11212686882777e-05,0.8113934883500629,3.468064513918863e-07,-0.5431101114840119
180649.07453705813,5.424007709596146e-05,-0.8313884241134218,6.492093582578975e-05,0.7293984397368535,5.216466974822792e-07,-0.326481869844714
180651.57578778468,4.7720545810943084e-05,-0.9330307618196348,5.200662993518951e-05,0.8258213856159368,4.96341878294504e-07,-1.9019712791012997
180654.07703851123,5.565466262727956e-05,-0.7885938923270834,6.412241096464267e-05,0.6660464746422522,3.93685125714765e-07,-1.168181444997567
180656.57828923775,4.939957722513865e-05,-0.7971123378446996,5.594593498091679e-05,0.6932611465397376,7.223677875637006e-07,0.4769921669960789
180659.0795399643,5.004115630336575e-05,-0.8165137837009769,5.756105298113729e-05,0.7352701023724776,1.2338663419936907e-06,-0.547337526032468
180661.58079069084,4.9440690728793275e-05,-0.6746029947052837,5.617602352780456e-05,0.5507450402542632,4.337803679333478e-07,-0.9075327447748538
180664.08204067132,4.632373269459909e-05,-0.895885167377433,5.1659659480110984e-05,0.8221798991395124,8.191985784735603e-07,0.5385078919853002
180666.58329139784,6.87838768220165e-05,-0.7754562453743199,8.470389093657063e-05,0.681104958938361,7.223592259038772e-07,0.4646050074099741
180669.0845421244,6.169033799359291e-05,-0.8627941185992059,7.04012247729226e-05,0.813424340856877,3.0279922108055015e-07,2.3263169012804576
180671.5857928509,5.239690400404292e-05,-0.7319498036141222,6.16687363867911e-05,0.6002772641432623,1.8011849927480082e-07,-2.004323556235207
180674.08704357746,6.111311996743587e-05,-0.856379841741213,7.552409331873373e-05,0.8012232401600545,3.201031087761427e-07,1.8772333096905351
180676.588294304,5.308300522703444e-05,-0.8803492872938246,6.208627927140363e-05,0.7889339953895067,6.176990952295614e-07,0.5732124374140068
180679.08954503053,6.075310578342878e-05,-0.8803683471395847,7.189297390172363e-05,0.7778863302977713,9.28082068096397e-07,1.3420821250581823
180681.59079575707,4.8571085866800926e-05,-0.7479330722172564,5.533854238287607e-05,0.6147739344046463,7.336127998114058e-07,0.7637771035041535
180684.09204573755,5.122553756709281e-05,-0.8552024538114534,5.812927764466505e-05,0.7634808342591353,2.977221281518009e-07,-0.31085673180533047
180686.5932964641,6.283249384864706e-05,-0.827829589025925,7.606508676838043e-05,0.6913738386312028,4.4665920123852285e-07,1.7729979648791274
180689.09454719062,5.425507379568142e-05,-0.9613875994220319,6.249701839999161e-05,0.917593929065359,1.011245442467739e-07,1.3312881898448372
180691.59579791717,5.6066095667009946e-05,-0.6742550424256729,6.392816335019963e-05,0.5439933822220646,4.281785009393466e-07,0.5081256092264272
180694.09704864369,5.030729197201241e-05,-0.833243186447894,5.5302357686833196e-05,0.7408256502595552,2.0703246378745552e-07,-1.6678514098136417
180696.59829937023,5.299084437807117e-05,-0.8531503911287077,5.960444334928293e-05,0.7826120755767626,6.255684646839766e-07,-0.8487334315904311
180699.09955009678,6.107080913238049e-05,-0.7747530278567757,7.158922017236514e-05,0.6571124679141503,2.611311335935902e-07,0.3177121059776227
180701.60080007726,5.2040776523378764e-05,-0.840229889427095,6.267952262023565e-05,0.7482397752251699,1.0623698444935647e-06,1.062421332769517
180704.10205080378,6.171393486550094e-05,-0.7294714047157385,7.55583031018008e-05,0.6257169364986153,8.087063593965697e-07,-1.0360987687124943
180706.60330153033,5.8220602514826424e-05,-0.8464416746352126,6.819745143561346e-05,0.7564385336282601,4.5398973675297507e-07,0.44732851630901194
180709.10455225687,5.5491908354451025e-05,-0.9707598051675522,6.508095674687216e-05,0.9314589119563174,7.593502449069807e-07,2.205300684450331
180711.6058029834,5.594916327345953e-05,-0.7622788576393956,6.712467198364382e-05,0.6346151654191041,2.2352428614353269e-07,-0.3163249729324307
180714.10705370994,5.643271274330616e-05,-0.8027545359291922,6.45299486538461e-05,0.7339770867894926,3.730701952455861e-07,0.6091727651239048
180716.60830443646,5.1757080977640635e-05,-0.7850531238382511,5.945311410040179e-05,0.6896638139707342,2.9607420287950504e-07,-1.0094841140380042
180719.10955441694,5.523070081653156e-05,-0.8632236437851607,6.467081788838976e-05,0.7938170159120679,2.8274654986530354e-07,0.6310041083638948
180721.6108051435,5.365677550818775e-05,-0.8305598089743615,6.0426381671240674e-05,0.7158013154819071,2.1902525403535932e-07,1.8309236064591945
180724.11205587003,5.602697148639541e-05,-0.7910846936582983,6.647616099983725e-05,0.7062972272698872,4.780316997329978e-07,0.3974051164890368
180726.61330659656,4.8985680459925995e-05,-0.7829637199218722,5.461916498896592e-05,0.6879216490419876,9.169298966650769e-07,1.6298667270641873
180729.1145573231,5.6768400501913354e-05,-0.9616450809500059,6.397025527518741e-05,0.9272512328514615,3.518210612116631e-07,1.8619893255987527
180731.61580804965,6.099969821649014e-05,-0.8550622637139399,7.190910932821161e-05,0.7455359050685625,3.850520646976204e-07,2.435498673518506
180734.11705877617,4.725051162658478e-05,-0.7357262651511297,5.2185305614831676e-05,0.6045550759899505,3.81709259955467e-07,-0.3195071371561624
180736.61830950272,5.258774118750216e-05,-0.6935574176037977,6.006645219787749e-05,0.573203934281699,2.0947819398413198e-07,-1.7203206534514242
180739.1195594832,5.222448816019749e-05,-0.9124059277542197,6.223710312719071e-05,0.8377588003696156,3.949471308972673e-07,-0.9841836440984679
180741.62081020972,5.791079449853639e-05,-0.9613343755110098,6.742225278997569e-05,0.9166217116455883,1.719036715247949e-07,0.9589674623347689
180744.12206093626,5.6056397651526514e-05,-0.8474345320149395,6.49291511422677e-05,0.7954400701494564,4.1579932925202603e-07,1.606022356121458
180746.6233116628,5.6955366816912754e-05,-0.8166272954365065,6.884444131792332e-05,0.7283006187082995,7.059219247146394e-07,0.8893283855758187
180749.12456238933,5.2837494124938505e-05,-0.8321123598570666,6.296514185531244e-05,0.7360856610759559,5.49000945977402e-07,1.1899005145909936
180751.62581311588,5.817102351957471e-05,-0.717753386834091,6.711205109201573e-05,0.6066341066550107,5.165709405667132e-07,-0.9296297605312805
180754.12706384243,6.253132548837502e-05,-0.8349774045309144,7.579641951779641e-05,0.7380566706762219,3.9254088957657664e-07,1.8937359613138847
180756.62831382288,5.5216900533519284e-05,-0.8766052157464024,6.502189688142605e-05,0.7991298841017754,5.333215111425116e-07,-1.170682916238398
180759.12956454942,4.801277375211953e-05,-0.7589723433454441,5.560723643465237e-05,0.5844665805287429,6.489500503883449e-07,1.1166312869129267
180761.63081527597,6.140579920027254e-05,-0.8107657117335159,7.092344239806627e-05,0.7013376174992219,5.820137297430105e-07,1.2315875421891163
180764.1320660025,5.730772608230756e-05,-0.8798707396115547,6.983394944192082e-05,0.8061522050624778,4.845966146577293e-07,1.714054708835287
180766.63331672904,5.612020598318197e-05,-0.7588043850934345,6.65367991667798e-05,0.666915567928606,4.798026797154589e-07,-1.7146743507251263
180769.1345674556,4.811274825137679e-05,-0.8615681046031751,5.1621156458432174e-05,0.7902953320029475,6.680376344155536e-07,-2.649839604254508
180771.6358181821,5.195573782959192e-05,-0.8776528673840478,5.900765013436821e-05,0.7832148238181335,1.9225971105373417e-07,-0.6374973533577183
180774.13706816258,5.832143983501384e-05,-0.6383755823223577,6.884867575236447e-05,0.5249908442958175,4.544457344164828e-07,2.662880723634225
180776.63831888913,5.222338934598383e-05,-0.87085974416499,6.164772429268025e-05,0.7810957983393292,3.397546176241367e-07,0.2406129179534523
180779.13956961565,5.4871283104387186e-05,-0.8270930437265984,6.386641164205291e-05,0.7570566442738325,5.447946016716523e-07,1.0316498729381822
180781.6408203422,5.9763918176252935e-05,-0.7206908763052343,7.340406475551752e-05,0.5997945245938398,4.275424048468008e-07,-2.0497448628639376
180784.14207106875,5.7036444000760766e-05,-0.8658608745999525,6.580816207473031e-05,0.8102764821437658,4.546915859351268e-07,-2.0975844834507313
180786.64332179527,5.595968698426829e-05,-0.8480680648206238,6.548261112325668e-05,0.7680467205962441,6.691833699518223e-07,-0.9849272642922993
180789.14457252182,5.504528741257336e-05,-0.9935006837338218,6.561707110137375e-05,0.9341589876912404,6.490622351308294e-07,-0.7770405349895758
180791.64582324837,6.462213798615789e-05,-0.8456314203713636,7.455370721945688e-05,0.7945432909869653,6.429210735152615e-07,-0.9146542970024623
180794.1470732288,4.978769762863627e-05,-0.6485528484557559,5.606292452987339e-05,0.5485145882043337,3.2490407638472635e-07,1.2486881160970134
180796.64832395536,5.6370391375318205e-05,-0.8057781572556915,6.684170495079143e-05,0.7108040701890754,3.9296599079546544e-07,1.214194794344258
180799.1495746819,5.4473024857432524e-05,-0.8824994312784639,6.38853120353982e-05,0.8087454199787727,5.609698632116862e-07,-1.647694476860988
180801.65082540843,5.3185294461581075e-05,-0.8509690786073338,6.084521364383146e-05,0.8143806599701076,3.20493102200822e-07,-0.18577230298806804
180804.15207613498,4.61255146854699e-05,-0.9651585910865579,5.1278203635780905e-05,0.8813521393109653,3.947028227412192e-07,1.0446636408816548
180806.65332686153,5.670168204408156e-05,-0.8565168296227438,6.662551212831617e-05,0.7904702067811801,4.026553161241803e-07,-1.3254644468296422
180809.15457758805,6.099019512601964e-05,-0.9264472445442397,7.248210679296282e-05,0.8905612434937451,3.3561045654528454e-07,-0.6289233714322474
180811.65582756852,4.927363470492716e-05,-0.8530582569911834,5.607850307950411e-05,0.7536345182881344,3.045084474240756e-07,-0.34433291458339876
180814.15707829507,5.2640034966841926e-05,-0.631075024884231,6.273483081813854e-05,0.4927422988549683,4.808621460766413e-07,-0.06713680988652251
180816.6583290216,5.5666114999827436e-05,-0.9848322036088372,6.588966866628846e-05,0.9051237015125638,6.213807353218953e-07,-0.5349650408759712
180819.15957974814,6.038582241361718e-05,-0.8857161164181431,7.220867945611634e-05,0.7952995862259287,1.8910694995329193e-07,-0.5508564439834742
180821.6608304747,6.273199592410876e-05,-0.9554165719129823,7.427637316356693e-05,0.890608331986,6.309661684149762e-07,-1.5193496285199437
180824.1620812012,4.9000680465280055e-05,-0.7816114447015685,5.527944817079085e-05,0.7027970725663609,4.799465585949024e-07,0.6306020422439483
180826.66333192776,6.342893479303965e-05,-0.8532550497021112,7.60223079587205e-05,0.7986262005072892,5.983849150669291e-07,-0.2481603993207776
180829.1645826543,5.6849450205309634e-05,-0.8419299888031824,6.738179184891121e-05,0.7552907540027054,6.485385520187196e-07,-1.3051724006238654
180831.66583263478,6.019574352115394e-05,-0.7243592519663018,7.206565399522947e-05,0.630187489509143,6.795904483521564e-07,0.9405200109648113
180834.1670833613,5.487162862710184e-05,-0.906878745205725,6.500848817612572e-05,0.8481947918352879,2.891161934872037e-07,0.6580904523355103
180836.66833408785,5.831757036732917e-05,-0.8085541533573392,6.93541176774427e-05,0.7335483225256675,7.388353385054966e-07,2.3630110550355274
180839.16958481437,5.382080241166891e-05,-0.7245356686823125,6.193705775504546e-05,0.6185506143979654,7.240061026649933e-07,1.6071908349824813
180841.67083554092,5.031717135082411e-05,-0.7382250826995918,5.7051293366103775e-05,0.6252786269222684,4.074300731767384e-07,-0.4879061854427196
180844.17208626747,4.9197395563949675e-05,-0.7949187199132667,5.520295047230027e-05,0.6909096434631419,4.1712434117926535e-07,0.9460856602958687
180846.673336994,4.814174026559833e-05,-0.964609378606227,5.394800486460783e-05,0.9135930297215604,2.1653890971486443e-07,0.7189893699080901
180849.17458697446,4.562914446191658e-05,-0.6948059104720471,5.144001861841842e-05,0.5409973791751014,1.815603767167397e-07,1.1120881585794735
180851.675837701,6.105615615871335e-05,-0.9694544905673874,7.065291193279275e-05,0.8902052128262613,3.472968800251138e-07,1.0055274022914125
180854.17708842756,5.4869260539194364e-05,-0.8345432548962181,6.30210454029171e-05,0.7535124841279249,2.6561841259054446e-07,0.12083503263213433
180856.67833915408,5.2647552425695926e-05,-0.7009432076564034,6.179069391684329e-05,0.5995091444707104,6.873704937868e-07,0.7284250768713333
180859.17958988063,5.1081737430804844e-05,-0.7770576983658438,6.046685059820248e-05,0.6627324173956326,4.421048476638096e-07,0.9586382458154512
180861.68084060715,5.180020432130111e-05,-0.9227887598324799,5.803036927957647e-05,0.859239082625544,3.029306269470171e-07,0.6176684445087667
180864.1820913337,5.971933122034738e-05,-0.8498938730216957,7.001596822631081e-05,0.7999781839406838,1.86638082305067e-07,-0.582546519414745
180866.68334131417,5.481682521105398e-05,-0.9129268502296644,6.268487009832832e-05,0.8662340280620662,4.690950949827954e-07,0.48689475396068876
180869.18459204072,5.800499293024456e-05,-0.9030907722284576,6.933512954920273e-05,0.806374463670027,3.867045665080365e-07,-2.913209291275256
180871.68584276724,5.691458226118262e-05,-0.7070266993887775,6.658688144126093e-05,0.5531356717205494,4.885703654923065e-07,1.9521510995091667
180874.1870934938,4.993197829093681e-05,-0.902967633929867,5.5863571275147796e-05,0.824832262942363,3.4968766450596343e-07,0.6706942326229679
180876.68834422034,6.04514246915266e-05,-0.7690035690052117,7.198152645909927e-05,0.6589724709000822,8.775971716112058e-07,0.7683855524215444
180879.18959494686,5.5533687221237516e-05,-0.9486894179080644,6.47470063054941e-05,0.8992254153965906,6.418300323286725e-07,0.27050450688235184
180881.6908456734,5.338585226485981e-05,-0.7461038569071962,6.411201471992053e-05,0.6495168074287885,3.2299928833288276e-07,2.140006202359988
180884.19209639993,5.7182991295852433e-05,-0.6680421394966864,6.838389219906749e-05,0.5158593751789824,2.475253302087642e-07,1.125726864936397
180886.6933463804,5.360698372439849e-05,-0.9129614765915656,6.048367169356831e-05,0.8116430948811234,2.1858394156446857e-07,0.8132119858725633
180889.19459710695,5.329112961015226e-05,-0.8645966951857402,6.260210703828749e-05,0.758442813315803,3.72574486950919e-07,-1.1657641951932949
180891.6958478335,6.164808461111227e-05,-0.8305433282388329,7.509926420413523e-05,0.734462479073909,2.2417125528436341e-07,1.1347939907415334
180894.19709856002,5.251748246827941e-05,-0.8738301749370746,6.0014332042389195e-05,0.7981389941878065,1.6606786139499552e-07,-0.6664390242811549
180896.69834928657,6.232390364851977e-05,-0.7948156684635722,7.513676986287566e-05,0.6921644934336233,6.988254655885999e-07,0.803683605572219
180899.19960001312,5.6909197442359805e-05,-0.7984195462235926,6.695138955853642e-05,0.7282357925111258,4.359503652687185e-07,-0.734761255552383
180901.70085073964,5.34657887817312e-05,-0.7811310763428282,6.162051274165546e-05,0.6472157679675795,3.4176865037538223e-07,1.5015510028652075
180904.2021007201,5.2863408465327e-05,-0.8215474213738451,5.996137905468555e-05,0.7040038245779864,7.268416352945455e-07,0.1666414485035662
180906.70335144666,5.252206209553629e-05,-0.8453955857202915,6.153584694916148e-05,0.7735614256937229,4.22700944550632e-07,-0.9316358886676269
180909.20460217318,4.875688818917208e-05,-0.832725833614989,5.337325143740958e-05,0.7499101663949299,9.02131441070932e-07,-1.1071244202571369
180911.70585289973,4.931392329504785e-05,-0.7458661760702556,5.681437651930262e-05,0.6032467234727187,3.9755572462424726e-07,1.0023036286721883
180914.20710362628,4.7237012694899685e-05,-0.9263929911270531,5.2849839219647675e-05,0.8684394445617968,8.342064584601452e-07,-1.8029345072921912
180916.7083543528,6.0369759674927786e-05,-0.8050722326543603,7.220307659353598e-05,0.7180605985146198,6.32462488780163e-07,-1.1315521605250376
180919.20960507935,5.720428227403916e-05,-0.6760850336954328,6.810333580775779e-05,0.5593017045770216,4.4539202508295754e-07,1.003824100630103
180921.71085505982,5.6966628498025924e-05,-0.8489069041745229,6.71472033588721e-05,0.7707671290470517,5.141248290428406e-07,-2.1586947611141794
180924.21210578634,6.215585784172919e-05,-0.7941440662370216,7.610881108039898e-05,0.6981932412408234,5.953131168230198e-07,0.4808898182614797
180926.7133565129,5.45475663153193e-05,-0.8482102629966811,6.321797415808883e-05,0.7567743790049631,6.445395837356895e-07,2.0342783463221457
180929.21460723944,5.9978671487577944e-05,-0.8312318093286568,7.275096661465218e-05,0.7294030911767211,3.347406090973671e-07,0.8138225131327862
180931.71585796596,5.450883191328472e-05,-0.9713078225493383,6.20302172549857e-05,0.9027833078358644,1.29893465275221e-07,0.03120594451181124
180934.2171086925,5.226183596558152e-05,-0.8182715546959409,6.073566496792767e-05,0.7465942428893004,8.951161104536748e-07,0.9987359890384897
180936.71835941906,5.480181084488692e-05,-0.8875056725920544,6.19174701977364e-05,0.8360587185745165,2.462495846601867e-07,-1.147727032283053
180939.21961014558,6.156744555061585e-05,-0.8080881127427257,7.502283216459773e-05,0.7198911963189112,3.3129234165201115e-07,1.5213994527256576
180941.72086012605,5.670954957724485e-05,-0.7259768996557238,6.834477928988013e-05,0.6145550221682293,5.523287462339147e-07,-2.7770405114073915
180944.2221108526,5.4695125596399794e-05,-0.8155519329321081,6.363138127257132e-05,0.7493286269244013,1.6534421967559936e-07,0.3631120001574471
180946.72336157912,5.4438000499172646e-05,-0.8814307792408564,6.337119146058889e-05,0.8493974621889496,6.445253449163777e-07,1.8521169196119618
180949.22461230567,5.784045110900802e-05,-0.8885338772989194,6.905486079170963e-05,0.8207156773812462,5.543682829645801e-07,0.18930467629610206
180951.72586303222,5.3850635049962785e-05,-0.7850380636818888,6.32233380477967e-05,0.6559723597035413,6.595575121065876e-07,0.71540002575613
180954.22711375874,5.648367880637351e-05,-0.7396322017682913,6.885671163659784e-05,0.6255700452898212,6.084320857708005e-07,1.5794808230580082
180956.7283644853,5.1117640396010606e-05,-0.8643367763215383,5.900567384597972e-05,0.7773251675192598,5.434751585235199e-07,0.48210610325110537
180959.22961446576,5.333386935382617e-05,-0.8741020234220894,6.308964633039427e-05,0.769691838345578,5.344466561276488e-07,-0.08951201096268463
180961.7308651923,5.380653928036087e-05,-0.8355066797777819,6.327097648069387e-05,0.7586668082933664,2.0321361429603885e-07,-0.9539603173024869
180964.23211591883,5.900071243468409e-05,-0.8769093250957594,7.015197104391478e-05,0.8152421731941589,6.14050673974009e-07,-2.385580053987914
180966.73336664538,5.599208315259517e-05,-0.8353643570186541,6.59193205378886e-05,0.7402021796017265,6.942373899371487e-07,0.9275190786713107
180969.2346173719,5.738354168077217e-05,-0.7898489304385127,6.743121390659933e-05,0.6897528674098287,4.751345253806669e-07,1.3751420632097484
180971.73586809845,5.143104048575942e-05,-0.8908085687322136,5.7964892327779175e-05,0.827536471255644,5.0241288013917e-07,0.2876188334793367
180974.237118825,6.063218340996917e-05,-0.8026476423881316,6.96800387623093e-05,0.7134249032491282,4.5707934957145595e-07,-0.10840675045372375
180976.73836955152,5.8974564541092234e-05,-0.7515625890548355,6.948107452052154e-05,0.6478340287047334,5.54910531771782e-07,0.6551960605889028
180979.239619532,6.182549535095596e-05,-0.8441891966228566,7.315974644700221e-05,0.7612151120443756,5.385373721085441e-07,1.2000624832508189
180981.74087025854,5.8405500902521766e-05,-0.7639258946434788,6.636271899459067e-05,0.659118390483571,4.961796416742755e-07,-1.7115135927217233
180984.24212098506,6.585725065590044e-05,-0.679061681972942,8.08691339287107e-05,0.5745022533791125,4.2334406999889496e-07,-0.502874413198826
180986.7433717116,5.461002458697165e-05,-0.889169303056001,6.362759067681068e-05,0.8136905845367572,5.283202805487492e-07,-1.1555513231601697
180989.24462243816,6.257978498099847e-05,-0.8001782269127397,7.363870822251971e-05,0.7201515181762213,4.6844087656109133e-07,0.6927114812120015
180991.74587316468,6.382600010780682e-05,-0.7504827025702687,7.657515312098179e-05,0.6610973766552051,4.0596840025094033e-07,0.43162722510478735
180994.24712389123,5.434848557144307e-05,-0.8711586061547957,6.252098480616583e-05,0.7880340611734501,3.635089962721317e-07,1.234382899558047
180996.7483738717,5.80777850775185e-05,-0.7728906296604319,6.967650279616988e-05,0.6771936918080367,9.699337805653627e-07,0.26204785007274606
180999.24962459825,5.370387606753396e-05,-0.8547327742991554,6.0748126101761806e-05,0.7565489211922014,5.352041677711418e-07,-0.4470239783422031
181001.75087532477,5.4657401217614296e-05,-0.8274000460236582,6.642281349340409e-05,0.7445754231726038,3.486629488851538e-07,-1.3098617026034935
181004.25212605132,5.3900890147988965e-05,-0.7925235037989762,6.39773584344421e-05,0.7117167715834855,2.0474112494616187e-07,0.11935300502523286
181006.75337677787,6.275629249701079e-05,-0.8370237547208359,7.648739675538399e-05,0.743655658841769,8.652836739449871e-07,0.5125086581553355
181009.2546275044,5.8420435113449583e-05,-0.8974202947107924,6.878033548512261e-05,0.8352488746745025,6.741170435189583e-07,-0.5761732255467129
181011.75587823094,5.384006246652858e-05,-0.9010253184888225,6.169241716091068e-05,0.8362853756463942,5.195988436498116e-07,2.8996992868799736
181014.2571282114,5.106687854968326e-05,-0.721412685020566,5.9781446018880184e-05,0.6328452929328272,3.072482234934658e-07,-1.417782630962803
181016.75837893793,5.497903207050255e-05,-0.8842041377772333,6.24508263711768e-05,0.8225018674119764,9.840336282083593e-07,-0.7785811131417671
181019.25962966448,6.335315329223557e-05,-0.9268481134790137,7.636841442636421e-05,0.9110892416066529,2.334326809667905e-07,0.42993508879069176
181021.76088039103,5.393731928470297e-05,-0.9621212067795742,6.252875234564667e-05,0.9163519821359148,3.89687696738889e-07,0.17879003532753232
181024.26213111755,5.836003969788517e-05,-0.8617417196734035,7.223597964927989e-05,0.7966760463531115,7.918339932123004e-07,1.072948324495125
181026.7633818441,5.335405303826017e-05,-0.8245912912155995,6.156313085587309e-05,0.7340499669011182,5.920583913755656e-07,-0.7273311358110549
181029.26463257062,5.5135854720731135e-05,-0.8689936384536888,6.502973675507839e-05,0.7748420216299203,6.6977817701817e-07,1.7945602113515233
181031.76588329716,5.76501386961363e-05,-0.6705804859431814,6.894981769490848e-05,0.5481738247851748,2.9860503581863864e-07,2.229646958131703
181034.26713327764,5.603993385132852e-05,-0.7748746844718071,6.493833286290917e-05,0.6588451860498774,2.1091964348307987e-07,0.7510678316666792
181036.7683840042,5.422526129126568e-05,-0.8487894423513583,6.55975952553363e-05,0.7897279034772818,2.546068403292401e-07,1.7444147684773732
181039.2696347307,6.161255413914778e-05,-0.7753186600558254,7.401290607320009e-05,0.6640191726723902,8.714951740745372e-07,0.4580792079791223
181041.77088545726,6.191488598586214e-05,-0.8201881461571185,7.53233515375991e-05,0.7381136703072754,5.535816642270085e-07,-2.6361804491424485
181044.2721361838,5.301533253731673e-05,-0.8809294709335761,6.104035963053317e-05,0.8120293640328629,7.291501173145628e-07,2.8471502498562073
181046.77338691032,5.9568076416167444e-05,-0.8108195624317209,6.964542027788262e-05,0.7341783291577986,3.724845634156094e-07,-0.5717273369040694
181049.27463763687,5.447258739329434e-05,-0.7567648938056014,6.522691033521947e-05,0.6332327676644796,2.83370344541164e-07,1.0524716672178411
181051.77588761735,6.112404590304647e-05,-0.9149708622735017,7.208200960814575e-05,0.9072018432843756,5.996241788757912e-07,-2.081603974224725
181054.27713834387,5.4429745336791726e-05,-0.79377975263034,6.508517848132476e-05,0.6375412735610393,6.505045834705431e-07,0.9985452368711615
181056.77838907042,5.774779332667877e-05,-0.7509338360934243,6.947007461355573e-05,0.6421478836840622,3.19471813370517e-07,2.656671170422691
181059.27963979697,5.359718373706826e-05,-0.7026018408629083,6.475657390715563e-05,0.5671832867833679,8.595260542146724e-07,0.4805241266072317
181061.78089052349,5.063895377991637e-05,-0.8110257893194941,5.562683938742841e-05,0.6852358583859908,2.840691997683259e-07,0.21026126223255243
181064.28214125003,5.3170896872795365e-05,-1.0181143878716628,6.063961166887979e-05,0.9835885119916399,7.126166995284568e-07,1.1030948343500853
181066.78339197658,5.3121192041945844e-05,-0.7093603525286026,6.137900846563357e-05,0.6292532853937745,2.0693325431476807e-07,-0.3445037209879963
181069.28464195703,5.3877049520865774e-05,-0.8449531347042378,6.365362851903767e-05,0.7894206526284456,5.357807794275961e-07,-0.735428509712288
181071.78589268358,5.432444666822746e-05,-0.8022375055178793,6.211853816966441e-05,0.699184707313007,4.3261017942686206e-07,-0.2263480167051715
181074.28714341013,5.683154878888191e-05,-0.7598796401972729,6.721078881321871e-05,0.6821049020668144,6.330372161865761e-07,-1.6395677570633593
181076.78839413665,5.24758883756205e-05,-0.7770359904228544,6.114388853500053e-05,0.6705168134243944,2.809356702383172e-07,1.2384074366445568
181079.2896448632,5.9958408904830613e-05,-0.7773395907447911,7.161099021585704e-05,0.7006487115592204,4.576798994338342e-07,-0.03810730012430859
181081.79089558974,5.9155607565092406e-05,-0.9244439109416603,6.990680252547651e-05,0.8954839052983394,6.316503455792901e-07,-2.413942352661707
181084.29214631626,5.670806505502344e-05,-0.8921870115356462,6.6457048003593e-05,0.8141777352197461,7.724179875075627e-07,-0.3971727237755266
181086.7933970428,5.520514858215771e-05,-0.674226624108087,6.63465404546183e-05,0.5702070388764459,3.220158893255443e-07,-0.09030419677474055
181089.2946470233,6.0882613569046046e-05,-0.7554422586574087,7.294178496398005e-05,0.6738074883655762,1.266549725628132e-07,1.0171297818802922
181091.7958977498,5.228964607001336e-05,-0.8268551680269989,6.0466203633044136e-05,0.7349701040219868,4.853816058005668e-07,1.5214822577651623
181094.29714847635,5.219748687467518e-05,-0.8456542984392196,6.108171126430399e-05,0.7612897253192678,4.4675344854190946e-07,-1.9876914204396072
181096.7983992029,5.3173385450907704e-05,-0.7682771616788315,6.130375463632112e-05,0.69912830445302,4.846507317008526e-07,-0.7634813090906613
181099.29964992942,6.564499417846668e-05,-0.6742940664842976,8.080381092808496e-05,0.5666652803965274,7.361297134030649e-07,1.0143284771041017
181101.80090065597,5.0008050572470575e-05,-0.6880900961457435,5.8097532846181955e-05,0.5296857928270817,2.223163506294854e-07,-1.8340633542007592
181104.30215138252,2.84817620702517e-05,-0.008706952921010919,3.5379441326784736e-05,-0.4463855764282461,8.425184170173422e-07,2.0940488102029367
181106.803401363,5.450089692088928e-05,-0.9004860559988006,6.29570948429463e-05,0.8167404083276408,3.176786971023902e-07,2.0742739917066433
181109.30465208952,5.5669996738070564e-05,-0.7949650165623343,6.469569592917714e-05,0.7130386538777209,6.377055737605034e-07,1.8350177947025887
181111.80590281606,5.409667507930107e-05,-0.8161770536213535,6.109054698985812e-05,0.7545924454902708,3.640622648531316e-07,-1.0905870478325008
181114.30715354258,5.015157027477789e-05,-0.8025105115889468,5.7160608524121556e-05,0.7228015961483036,4.1869645830474363e-07,-0.9340868127919346
181116.80840426913,5.128160054095753e-05,-0.8101287487520088,5.9669291487222835e-05,0.7054926199219881,6.528396311670578e-07,0.5778810185241335
181119.30965499568,5.004877299684099e-05,-0.8091251303776321,5.887798741004653e-05,0.7376894734908479,3.6078562633571866e-07,1.3841814068870553
181121.8109057222,5.6799275858962554e-05,-0.8894088728870034,6.633980909120476e-05,0.8123610260345262,6.280697961025578e-07,1.6565211041318446
181124.31215644875,5.479073518999218e-05,-0.8332690785326452,6.351539088524342e-05,0.7524319969880583,3.001097494402139e-07,-0.22530222143205744
181126.81340642922,6.047290409474198e-05,-0.7398727142061526,7.184968449520755e-05,0.6303908200638967,8.891960664971643e-07,-0.48846243856209653
181129.31465715577,5.803771586038317e-05,-0.7791622029444206,7.001259137955524e-05,0.7016133764625244,4.1361269179398023e-07,0.7155318944461994
181131.8159078823,5.677348824201392e-05,-0.8172425267419829,6.801731448622695e-05,0.7356573403619434,4.2253586805063247e-07,1.0549954984691132
181134.31715860884,5.858532406053802e-05,-0.6931440155561546,7.143889062382366e-05,0.5698127887867745,4.548985093297687e-07,-0.3885013547376237
181136.81840933536,5.1477858910252467e-05,-0.9115577212523502,6.040976797529754e-05,0.8374111201064421,3.7018796344626564e-07,-0.02344477253895413
181139.3196600619,5.196479794545198e-05,-0.750252442651207,6.0108444680753626e-05,0.65210527365744,4.751652907250124e-07,-0.6405983022326398
181141.82091078846,6.129091456830018e-05,-0.8253326361623324,7.313970734427379e-05,0.7480287146472183,3.7711005514460044e-07,0.8513813957668477
181144.32216076893,5.365834995582863e-05,-0.8398629103586129,6.104475805652714e-05,0.7469737322802064,3.7992705349945964e-07,-1.1463239750219143
181146.82341149545,5.518437787931722e-05,-0.8507655095719013,6.474060295494061e-05,0.7609140569649567,4.42489927369406e-07,1.0478221292160061
181149.324662222,5.772521026673636e-05,-0.7469684880308429,6.71904038223799e-05,0.5871535449293915,1.166859379459568e-07,-0.09987183484200017
181151.82591294855,5.6758581107792393e-05,-0.7718520572746439,6.599482433309092e-05,0.6721827727072409,2.0540942620150942e-07,-0.1909010616659599
181154.32716367507,5.811435867993097e-05,-0.8354677565156285,6.868571796485002e-05,0.7589846962642242,6.805756601788729e-07,-0.33509193507852697
181156.82841440162,4.4289154110044606e-05,-0.9833449008505801,4.91133944947973e-05,0.8973326455957551,5.921424691268485e-07,-0.29153550157904107
181159.32966512814,5.1324090153874104e-05,-0.7701502842667948,5.817960032887269e-05,0.6556043659447724,7.638578156339452e-07,0.35985929914276543
181161.8309151086,5.281485955588052e-05,-0.7882448966106171,6.154784579801513e-05,0.6843497430099794,2.610478440979428e-07,2.483858483504924
181164.33216583516,5.5646016968816925e-05,-0.8168129400047238,6.539703314370643e-05,0.7417323453854032,4.012879798025164e-07,-2.79526114512211
181166.8334165617,5.39896757205712e-05,-0.8538316607546262,6.167266646867161e-05,0.807539957264595,6.753751178413939e-07,-0.3803726004667756
181169.33466728823,5.232187212879354e-05,-0.8419240973911336,5.973809481629832e-05,0.756662600092747,3.6998584268832057e-07,0.07955212830323903
181171.83591801478,5.743654123343629e-05,-0.8328410377928601,6.645221636554972e-05,0.737058556938204,3.488016538772953e-07,2.0064790116814533
181174.33716874133,6.26096028074862e-05,-0.8107643651002274,7.605518723056368e-05,0.6862037622452037,1.4970597750709848e-07,-0.21512759565845047
181176.83841946785,5.3334201324847216e-05,-0.9098438714913321,6.182812313064461e-05,0.8238891614859892,6.416128123423234e-07,1.7122886837767723
181179.3396701944,5.5373984324583396e-05,-0.7215190326505411,6.385974186514442e-05,0.6003420461833153,4.3672707667634326e-07,-1.216824309079299
181181.84092017487,5.63871366985898e-05,-0.7823280137673491,6.692440726252602e-05,0.719030743525003,3.430412491008753e-07,1.0334339554418448
181184.3421709014,5.550577674260681e-05,-0.8394196595388752,6.432292019176529e-05,0.7595610557253127,9.803172598957598e-07,1.290881094301499
181186.84342162794,5.987014251467493e-05,-0.8168433948833475,7.219384050890104e-05,0.7664086389132887,5.785672456971709e-07,-1.9288887983343215
181189.3446723545,5.729872837146344e-05,-0.8211423542485728,6.98059300455159e-05,0.7180788107172508,4.95225582315442e-07,0.009167982009038657
181191.845923081,5.609770270645944e-05,-0.8786417812784927,6.56629631121008e-05,0.8227521612489236,4.2198808128293045e-07,0.7652858217370553
181194.34717380756,5.556242702114604e-05,-0.8537226395253745,6.235825286189713e-05,0.78792568996332,6.265487624034096e-07,0.1079258893290235
181196.8484245341,5.9032568550306546e-05,-0.7817335484045576,6.86354633869808e-05,0.6943111092415343,4.909054888209563e-07,-1.3848033524840817
181199.34967451455,6.351617987562575e-05,-0.7105854573486351,7.451485701068888e-05,0.5541289541288151,1.315528829854421e-07,-2.5133681607324814
181201.8509252411,5.7686617544316624e-05,-0.690797835171786,6.963862364984555e-05,0.5602987355919173,7.479215492303491e-07,0.7580836604409975
181204.35217596765,5.3713473464510754e-05,-0.9304109547329471,6.026902879953522e-05,0.8685147051361514,1.8903534602707534e-07,0.7604354599448935
181206.85342669417,5.9588975164701226e-05,-0.873179576345091,7.181473291715656e-05,0.8146640468672672,3.838890282801407e-07,-0.3704256615044261
181209.35467742072,5.401560794049346e-05,-0.9336761492383062,6.345166400083592e-05,0.8752992661021205,6.454978254991545e-07,0.7951512912121335
181211.85592814727,4.965514839469676e-05,-0.7749369086025082,5.7351244432933536e-05,0.6523475987074162,6.625471233112308e-07,1.3084182997421083
181214.3571788738,5.372472596481339e-05,-0.8536968653123522,6.289906899809978e-05,0.7629055512800961,5.261928070848756e-07,0.5754125311737918
181216.85842885426,5.881398302194125e-05,-0.691335771084733,7.17453672620739e-05,0.584555049310801,4.6717496142055135e-07,0.24597675031805916
181219.3596795808,6.138735334470607e-05,-0.770892081078995,7.424603896815284e-05,0.6634784206223475,6.37194751586919e-07,0.37927809266688467
181221.86093030733,5.324881088347369e-05,-0.8200315231231798,6.320776734496721e-05,0.7333261816927396,4.025547919585491e-07,-2.5724341044794423
181224.36218103388,5.81636903664256e-05,-0.9181419599429886,7.013029123007111e-05,0.8595136495753382,1.208739980608944e-06,-0.45757011425104194
181226.86343176043,5.3802158140468085e-05,-0.7436784238171409,6.336209438152433e-05,0.6577275231658744,2.2079398747836463e-07,-0.47097347121313154
181229.36468248695,5.731423237238787e-05,-0.7128409115022427,6.763929182269968e-05,0.6058022320314636,7.046912891306629e-07,0.683098132372358
181231.8659332135,5.918090203645149e-05,-0.8582328430962568,7.066712733175006e-05,0.7618962634407828,9.404243436111631e-07,-0.3736418626838604
181234.36718394005,5.487384826052497e-05,-0.8536178856433673,6.36363065300388e-05,0.7909162364777014,7.966307757868359e-07,1.557769020319096
181236.8684339205,5.323527916122882e-05,-0.76000633397154,6.218778474971545e-05,0.6416056460413819,9.477357030475112e-07,2.420029912658873
181239.36968464704,5.5631696581585744e-05,-0.7400007419187092,6.652632787977461e-05,0.6191223928433147,3.6822534276123963e-07,1.7607264996518228
181241.8709353736,5.5254608401596975e-05,-0.7020295485207481,6.494050987296474e-05,0.6186977328510394,1.8630990378961451e-07,0.25353589508029134
181244.3721861001,4.9202632033374985e-05,-0.9058265788306563,5.783229535956078e-05,0.8072381891144897,4.490271243492053e-07,0.2452940075604347
181246.87343682666,6.41641842781194e-05,-0.9249998009822041,7.800233116035488e-05,0.8854190476063828,8.162534149013772e-07,-0.6274090766720228
181249.3746875532,5.22820080879609e-05,-0.8344760984763955,5.921246853567794e-05,0.7316636143713858,3.5787704986625193e-07,1.2340326828216646
181251.87593827973,6.36408303879026e-05,-0.8571162257807181,7.79908045152214e-05,0.7844273043499009,8.457082215958278e-07,0.8126786770137472
181254.3771882602,5.378528720407806e-05,-0.8447666421028571,6.043579128109527e-05,0.7689732726623755,2.7470316714105697e-07,-1.6916568648486219
181256.87843898675,6.009541685382772e-05,-0.8734670221283798,7.251320714008414e-05,0.7978839395745033,5.773808539116868e-07,-0.937071835292753
181259.37968971327,6.298778391842288e-05,-0.795002785479071,7.742021284989814e-05,0.7029247150379568,9.753676564762578e-07,2.1415726621771363
181261.88094043982,5.8339977510273645e-05,-0.8344853508137786,6.808024709314957e-05,0.737180956116372,5.076663364986402e-07,-0.2086533052644191
181264.38219116637,5.552834716464845e-05,-0.8653561676680338,6.568825464037031e-05,0.8098284425627736,4.3234950798869374e-07,-0.671586261305032
181266.8834418929,5.744218672094465e-05,-0.8327384009072964,6.783324420398902e-05,0.730221373609468,3.0943089784281235e-07,-1.0003272841563626
181269.38469261944,5.855248955547084e-05,-0.810329243824716,7.094035560378689e-05,0.7258918980079457,5.931970340706343e-07,2.0219975604395217
181271.8859425999,5.44495349074145e-05,-0.6269395839885249,6.521011033394233e-05,0.45349149397649346,4.3299913611442485e-07,0.540436274077288
181274.38719332646,5.49923244765187e-05,-0.8334557736899266,6.354806027530375e-05,0.7675370197398077,6.18529132000186e-07,-1.2486817504714063
181276.88844405298,6.232526183111698e-05,-0.6911780364524495,7.358490551361986e-05,0.5708785448843143,2.6028783378505315e-07,-0.1364410420118239
181279.38969477953,6.0825525846010535e-05,-0.768172278460338,7.358042604629932e-05,0.6956793472183003,5.852206795100513e-07,0.6262603540120595
181281.89094550605,5.001392916245545e-05,-0.8893500379215393,5.8829400247178786e-05,0.7945964110885398,4.908802982654992e-07,0.062442230970943896
181284.3921962326,5.529486573823759e-05,-0.7777822045425232,6.310824153398307e-05,0.695272470329644,2.4035468156048566e-07,1.2882226928425677
181286.89344695915,4.8699308725206636e-05,-0.8677420453976258,5.521291761532937e-05,0.7535640729424152,1.985061380460537e-07,1.1852128270076503
181289.39469768567,5.6041786647681206e-05,-0.729919893368876,6.579855706204055e-05,0.6107935625849186,5.392918225188595e-07,-0.6274173188704347
181291.89594766614,5.405616332093134e-05,-0.8014717387460227,6.420963397286368e-05,0.691328805643233,5.881362717971999e-07,-0.39746896167636614
181294.3971983927,5.44125875994902e-05,-0.897347493619617,6.392745707591967e-05,0.8106757016941857,1.0914490997098163e-06,-0.2824903591458681
181296.89844911924,5.48989539074016e-05,-0.7822867885376161,6.540523788180453e-05,0.68704160009452,3.8180513182468236e-07,-0.1604806189006777
181299.39969984576,4.9578772331417894e-05,-0.8348889334650065,5.367891920362041e-05,0.7631674732475339,5.646636470282449e-07,-0.656815039266399
181301.9009505723,5.348095273737816e-05,-0.9102720017419099,6.261092080131195e-05,0.8288270489818893,6.997751715920996e-07,0.5170322741453263
181304.40220129883,5.756986443653437e-05,-0.8852085458335667,6.688346143227798e-05,0.7850327330291795,3.3515844848442066e-07,1.843271978929208
181306.90345202538,6.851550230054947e-05,-0.779083082712619,8.166010521271437e-05,0.6871147338683997,7.804912040569116e-07,0.22117525236949434
181309.40470200585,6.022275265712093e-05,-0.912154960549613,7.280746184649891e-05,0.8470447930969219,7.664079371352455e-07,-0.8999451257916851
181311.9059527324,5.047865990073394e-05,-0.6892688788572067,5.8020170034500284e-05,0.5033787143381323,3.778244824532396e-07,0.608891302439728
181314.40720345892,5.2937517314400116e-05,-0.6014107600612605,6.365470237046296e-05,0.43255469579081096,1.0516871375980386e-06,-1.4817470884412571
181316.90845418547,5.244788231327867e-05,-0.806158785498731,6.179124718185954e-05,0.6845392031067097,3.7913261163972606e-07,-0.36218321447518104
181319.40970491202,6.022776346386405e-05,-0.8891576283814017,7.158498927551053e-05,0.8114447502231927,3.9284706426865256e-07,-0.256709428493883
181321.91095563854,5.6463229676320204e-05,-0.8267835645114078,6.645032219567086e-05,0.7334072832199199,2.594533566878573e-07,-0.13414723993864408
181324.4122063651,5.5488465031426284e-05,-0.7743340730952528,6.487506456357082e-05,0.6623547702335025,2.990864254209161e-07,1.7924817707898615
181326.9134570916,4.88822243535729e-05,-0.7195514642234098,5.524655066727017e-05,0.6008160805886884,7.228162676461263e-07,-0.8185159079757648
181329.41470707208,4.783586726364933e-05,-0.9205422905202311,5.535410705099731e-05,0.8528449934212683,5.273247130798214e-07,0.5181375846136382
181331.91595779863,5.4893567302484365e-05,-0.8279006504584654,6.435772759469624e-05,0.742068689136348,3.7153042835376554e-07,2.215189250211915
181334.41720852518,4.684798489014711e-05,-1.0063917919957086,5.0133678908354234e-05,0.9564076785500123,3.807791934881351e-07,0.7689290957621564
181336.9184592517,5.3541846795446264e-05,-0.7040910550212951,6.219239665082252e-05,0.5910835801935153,7.837316368138773e-07,1.8662883203785774
181339.41970997825,4.685015045288004e-05,-0.8632328243314229,5.104281859834158e-05,0.7835998573126777,2.25818103613739e-07,2.2259586870334456
181341.9209607048,5.987637609469333e-05,-0.8118421258306064,7.198767901689582e-05,0.6911076333233248,2.5131667891184253e-07,0.4117914007310428
181344.42221143132,5.114866565699481e-05,-1.0069290784393248,5.624836766134159e-05,0.9750816581918927,6.150993182063299e-07,1.823443072501991
181346.9234614118,4.7102832337293175e-05,-0.7730328825152982,5.370683061161613e-05,0.6804658105210855,3.256761961594606e-07,-1.6945090207744367
181349.42471213834,5.121295589401645e-05,-0.8300640558618521,5.871492106118085e-05,0.6968216593115477,3.593311613822657e-07,-2.242326270296973
181351.92596286486,6.368986589145781e-05,-0.9233628141809485,7.507068637876873e-05,0.869521110841445,1.7409236857434645e-07,1.1776341314019483
181354.4272135914,6.153643047895241e-05,-0.8522269345987061,7.353318904830956e-05,0.78125252623118,2.7031366844082163e-07,-0.2593855174328566
181356.92846431796,5.9070126976873625e-05,-0.8045871297715378,6.91975866142108e-05,0.705996069005871,1.07859147774935e-06,1.9852400482562573
181359.42971504448,5.8751791478926914e-05,-0.7710699000509866,7.157683078701977e-05,0.650163237026295,9.128819240983191e-07,1.2030902768006415
181361.93096577103,5.5141369590273966e-05,-0.6347877257819162,6.585566761580454e-05,0.49522138590622994,1.0740234586325696e-07,-0.12200058527655802
181364.4322157515,5.3266308428524936e-05,-0.8210708390356878,6.418716323049536e-05,0.7386556256497716,5.998066466953717e-07,1.8281085984880114
181366.93346647802,5.047805558042904e-05,-0.8779409258034209,5.74956006468589e-05,0.7955190449492934,6.642969848454026e-07,-1.6335875167871237
181369.43471720457,5.297452825287038e-05,-0.8953228366406627,6.160375376620437e-05,0.7985389112780237,3.839240456020801e-07,1.217534288126451
181371.93596793112,5.3035937780923936e-05,-0.8513299871558264,6.17988139583806e-05,0.7520423469227129,2.5464020835597494e-07,-1.9750806730300348
181374.43721865764,5.396878723179717e-05,-0.6761933813382369,6.339707410188748e-05,0.580185069189136,5.287256722938127e-07,1.5171561141711116
181376.9384693842,4.786990529968904e-05,-0.8587049705987296,5.25598707966103e-05,0.764365728362008,6.670162789144855e-07,1.6256909031669686
181379.43972011073,5.509077690458955e-05,-0.7465369312525834,6.672003245921641e-05,0.6539539210688378,5.378152896560472e-07,1.0340044196459974
181381.94097083726,5.734251425357968e-05,-0.8128400289047307,6.704040480057392e-05,0.7308641631454896,7.270971192554141e-07,0.6490112544427558
181384.44222081773,6.229175791980482e-05,-0.8293751451319699,7.638902672086793e-05,0.71071048140194,3.9177978941467695e-07,0.3444460842129671
181386.94347154428,5.358948192115389e-05,-0.6973946666352224,6.170678616422025e-05,0.5757742465611948,6.036114833822251e-07,2.1645420287450152
181389.4447222708,5.041513691186103e-05,-0.7383235086234807,5.929080414729495e-05,0.6433660291650618,2.9912787263460234e-07,-1.035586584191418
181391.94597299735,5.390082891671037e-05,-0.8658768616034093,6.236707642621649e-05,0.7943985021556432,2.529348589941303e-07,-2.231741673230342
181394.4472237239,5.3282460394262586e-05,-0.9134719655161954,6.0413947534277635e-05,0.8570442574969968,5.665088859759273e-07,0.03200524065354598
181396.94847445042,5.593398210315073e-05,-0.8326621458781773,6.460423915441443e-05,0.7557596768013524,1.7656526142376808e-07,0.7279045525537188
181399.44972517696,5.294523173580122e-05,-0.9247704571380336,6.151464163429343e-05,0.8348955365765397,3.351737035003277e-07,-0.09628638621464257
181401.95097515744,5.3736269600358655e-05,-1.0078293377007863,5.9562537385369544e-05,0.9604478640913832,3.204713208112436e-07,-0.49699998949815205
181404.452225884,5.531539756963264e-05,-0.9420205952559407,6.282692065839507e-05,0.8802248830452996,1.361631883511843e-07,-0.622171516164774
181406.9534766105,4.751962587544467e-05,-0.7475221034957635,5.455431309866092e-05,0.6168919551074304,3.913746135562567e-07,1.847128376451479
181409.45472733706,5.7100572536420656e-05,-0.7728727637644099,6.642610019594944e-05,0.6985269313294565,3.6100904692941967e-07,1.169754075939759
181411.95597806358,5.013715626442806e-05,-0.7527461985516356,5.746883188139922e-05,0.655016509352873,5.081006833384401e-07,0.06208066075643498
181414.45722879012,5.410103709533648e-05,-0.7960283041875826,6.284004464075504e-05,0.6956241280700852,3.980478144211132e-07,-1.0553470760319426
181416.95847951667,5.768363314576571e-05,-0.7489060623571283,6.948943616260747e-05,0.6409747746625973,2.2270561904615372e-07,-2.594356840281667
181419.45972949715,5.329946299343418e-05,-0.8264385091114287,6.184661891571935e-05,0.7456097994540182,3.8072225008218114e-07,-1.3263651225197994
181421.96098022367,5.804152395196326e-05,-0.8052764594224768,6.778038039773243e-05,0.7159801297957467,8.332329285009473e-07,-0.2200432641560246
181424.46223095022,5.625098218925949e-05,-0.8252737538971712,6.710297316398822e-05,0.7437827245940583,3.8170128453084707e-07,-0.574639346316148
181426.96348167676,5.631743257553697e-05,-1.0079735606988194,6.618034502129808e-05,0.9598303745335542,2.6456382497281023e-07,-0.7689109796380219
181429.46473240328,5.549317971203299e-05,-0.7189097900593411,6.70196057610072e-05,0.5956327919831444,3.59241161620045e-07,-0.6587059330563392
181431.96598312983,5.741108845096515e-05,-0.745791104598954,6.886767811136245e-05,0.6185714405237368,5.176849255630086e-07,-0.43380824327972284
181434.46723385635,6.029483227103459e-05,-0.7835274646104764,7.185801243568477e-05,0.6637252574289982,1.11382479406405e-07,-1.8726652834319208
181436.9684845829,5.871831530834396e-05,-0.8352746708219113,6.921483105259544e-05,0.7306442032690073,4.800788166347781e-07,0.07345369450562675
181439.46973456338,6.065481788275601e-05,-0.8484715574963855,7.233769478619037e-05,0.7900017944770567,9.107224202569259e-07,2.231692802096501
181441.97098528993,6.0074156274492764e-05,-0.8576709187692211,6.90184575006033e-05,0.7643603296914763,1.0368317028454994e-06,1.5154652670193187
181444.47223601645,5.7088879355586455e-05,-0.864727564443766,6.563627966658669e-05,0.76994325239457,5.936685031174768e-07,0.8613342697796941
181446.973486743,5.4123769016291385e-05,-0.7839141574057019,6.458566465436494e-05,0.66853612338137,5.397576015617561e-07,0.030405824380445055
181449.47473746954,4.833757462079265e-05,-0.7034658411596048,5.2852277571000366e-05,0.5960855082120589,5.098161289334133e-07,-1.5909308666069923
181451.97598819606,5.2391875372346014e-05,-0.9755958391100333,6.0578778672992305e-05,0.9315310434460397,3.2072009408271287e-07,1.6468818514746881
181454.4772389226,5.0269358487684995e-05,-0.7754009783694853,5.935354902058195e-05,0.660215951206639,3.4587593931303554e-07,1.9914448162773728
181456.97848890309,5.997650597837069e-05,-0.6784836251661691,7.164046691863788e-05,0.5813470642575153,2.3195396033826377e-07,0.32707445309890887
181459.4797396296,6.130905482873874e-05,-0.845575442730293,7.39750336358426e-05,0.7870856956795482,3.773797497289793e-07,0.1487157288303338
181461.98099035615,5.491928119683665e-05,-0.8463085125250384,6.501341775672504e-05,0.7666391782706921,2.8786039658178087e-07,-0.6214129061407713
181464.4822410827,6.0104037056574686e-05,-0.7291453738293907,7.269638559829015e-05,0.6472535177295797,6.993204962296747e-07,-0.1917839695621486
181466.98349180922,5.185196073537481e-05,-0.7098819767598701,5.999971526289472e-05,0.607844748983586,2.123351942052097e-07,-0.5949595694314505
181469.48474253577,5.248106405533118e-05,-0.7988600552295018,6.0784144635707226e-05,0.6802313435007475,1.4629330156900876e-07,0.8471813571333974
181471.98599326232,5.5695145502047945e-05,-0.7195680795554228,6.439726609585738e-05,0.618776788886613,6.43713721479682e-07,-0.615325692249194
181474.48724398884,6.273427529878885e-05,-0.9159256653158393,7.52437732002947e-05,0.8307881300727684,4.2710415726281955e-07,1.3812716977873467
181476.98849396931,5.741928561839547e-05,-0.6903820786270816,6.621364117572471e-05,0.5721647294672023,5.72650549171756e-07,0.7563376379930222
181479.48974469586,5.5368251944400336e-05,-0.8823105777016025,6.42956027255813e-05,0.7938422912379477,4.125118047714922e-07,2.032681942781376
181481.99099542238,5.7747432461402377e-05,-0.924391704663752,6.621480582478652e-05,0.836301189203763,3.3812246378700896e-07,0.2501751472996506
181484.49224614893,5.74483712506294e-05,-0.7792200365285054,6.750436878219342e-05,0.6689828005087118,7.672781071451986e-07,1.665379161030975
181486.99349687548,6.001502415495266e-05,-0.7367280808133371,7.20120793570977e-05,0.6104812349063389,3.8327109319579607e-07,-0.5939207196767944
181489.494747602,5.7779871882183825e-05,-0.8531381670332885,6.88677586950791e-05,0.8042711366911993,2.287776560209813e-07,0.15370412363247885
181491.99599832855,4.848712769605247e-05,-0.8383235745812869,5.375060979400362e-05,0.7375312059287161,6.368268447775011e-07,-1.2758978497036824
181494.49724830902,5.4599815171002596e-05,-0.8840354293394118,6.336343766881013e-05,0.8053428414068129,2.8117358539515136e-07,2.101735822667392
181496.99849903554,6.0763092957347956e-05,-0.9375915901008427,7.228484307962072e-05,0.8766053226449138,3.809082402026818e-07,-0.44692998441398635
181499.4997497621,6.347806780561434e-05,-0.5620662581845325,7.881687091951928e-05,0.42278394082857723,3.123488743428034e-07,0.4541803838837895
181502.00100048864,5.233537163158669e-05,-0.9691651426343943,6.144810777466879e-05,0.9451184116523624,8.260796420790248e-07,0.7942738111208659
181504.50225121516,5.568901384883439e-05,-0.8525544950162053,6.440753644855712e-05,0.7728414965543159,1.1365279626253697e-07,0.6359059942575699
181507.0035019417,5.8048643381490855e-05,-0.7833597992673089,6.71675065061778e-05,0.6829848693029948,4.4711342751813485e-07,1.9133141567194984
181509.50475266826,5.8664320876407496e-05,-0.8428625193076156,7.012100637246828e-05,0.764581718885826,1.6472268394171493e-07,0.09470387410610961
181512.0060026487,5.989726552289565e-05,-0.8330491579925681,6.987012283014193e-05,0.7322445445457346,6.877700716210326e-07,0.16034237370817536
181514.50725337525,6.0686226586217835e-05,-0.7792584369342888,7.227377367470078e-05,0.6702302035125357,1.6820804370273436e-07,0.3023152935978542
181517.0085041018,5.027125565083517e-05,-0.7519210903172349,5.895407523487742e-05,0.6237252357947928,4.846293838314281e-07,2.1015199867199565
181519.50975482832,5.613010749669958e-05,-0.975673532982046,6.699419204660318e-05,0.9155508180951639,7.722421592402967e-07,1.8976017601372737
181522.01100555487,5.966227218293504e-05,-0.7920688668216367,7.107579765002416e-05,0.6880046329163761,7.436726929293407e-07,0.010583598685955046
181524.51225628142,5.190558271463137e-05,-0.8121738147746352,5.869340194510363e-05,0.7147930313820648,7.45852319871936e-07,-1.1861659908102409
181527.01350700794,5.73239134125554e-05,-0.8347608867309332,6.769351827807686e-05,0.7316899376698249,4.1624548099790423e-07,-0.1186670952187936
181529.5147577345,5.693097217998695e-05,-0.7841874458234764,6.652286880391177e-05,0.6823491860451589,3.5359091813995136e-07,2.461108599498956
181532.01600771496,4.729470612718265e-05,-0.8397827286278389,5.5601224377782344e-05,0.739840756508494,6.918659799776192e-07,0.814600613519055
181534.51725844148,6.238605217475048e-05,-0.8035570846701232,7.526408955102866e-05,0.7263103247085463,2.8390575762339975e-07,-0.04048675756939173
181537.01850916803,5.700943699622448e-05,-0.7622518432360494,6.730321079371538e-05,0.6530544052947653,1.8684905379985042e-07,-0.8491183000091804
181539.51975989458,6.0106954044404144e-05,-0.9438504209334176,6.910656975619266e-05,0.8833317296499059,1.905372813443849e-07,0.7340004983259455
181542.0210106211,5.524290806921834e-05,-0.6960706078900717,6.385737231949428e-05,0.5523660143519976,4.819880694304729e-08,-1.3354435235225486
181544.52226134765,5.7999953061699606e-05,-0.7541192741695073,6.767783302883116e-05,0.6793554401451463,6.414926076703977e-07,2.5388202658123267
181547.0235120742,4.851970507541575e-05,-0.7132916082587082,5.4880923693876686e-05,0.57157413355991,1.9886227597862332e-07,1.739649885371018
181549.52476205467,5.017258594639077e-05,-0.7407687404160642,5.842912348600094e-05,0.6156418327552844,5.642609648383196e-07,-0.7377050431710584
181552.0260127812,4.7308879877470717e-05,-0.9477248055088437,5.2832570533951787e-05,0.8783382864536239,8.316280284503103e-07,0.05033487312863165
181554.52726350774,5.755967545926757e-05,-0.8299401204139492,6.903489573603294e-05,0.7498974050209272,7.28604798964552e-07,0.9449804682514086
181557.02851423426,5.6383972210115465e-05,-0.8372756726807591,6.769213140800719e-05,0.7522572281278003,2.9639112801198164e-07,-0.2390976168080414
181559.5297649608,4.821622982300768e-05,-0.8917768089091668,5.418895196390335e-05,0.8309389681413785,5.648945755431611e-07,-0.22063220678887283
181562.03101568736,5.750826382017075e-05,-0.8073481042907421,6.774117999241004e-05,0.704628256634661,7.053106188416055e-07,-0.15084212525821797
181564.53226641388,5.769507716041798e-05,-0.7861771388461688,6.96615738168864e-05,0.6840825383716,1.999786433525819e-07,-1.024805492024397
181567.03351639435,6.065635287028745e-05,-0.7629868600693378,7.243546292707321e-05,0.6495952811529777,5.933986993774193e-07,1.5675430164215653
181569.5347671209,5.4668593321463194e-05,-0.7546045210097676,6.389439238704317e-05,0.6480135647048783,5.010694195294659e-07,0.7933288950795864
181572.03601784745,5.352971444361e-05,-0.723297967609088,6.174232454619903e-05,0.5983640250860397,4.987314433389098e-07,0.45056847165732505
181574.53726857397,6.354686046267296e-05,-0.8392036486632413,7.535569541094342e-05,0.7651986772721227,3.4233648368520813e-07,0.9798913772025943
181577.03851930052,6.278465728662114e-05,-0.7393631601766733,7.553190503695311e-05,0.646851416629606,1.1814694647785995e-06,0.3453725235911064
181579.53977002704,4.9754299725481235e-05,-0.6310455899113662,5.745512636175711e-05,0.4664868786192681,5.492502091926894e-07,0.1666801457417282
181582.0410207536,6.0788603005198096e-05,-0.7814425444443693,7.186620622586874e-05,0.6885025286784958,8.606348477212815e-07,1.2871936428401871
181584.54227148014,4.987030623471199e-05,-0.8780722187089351,5.564334239491587e-05,0.8209651072784432,3.793696603370071e-07,-2.0156695550931114
181587.0435214606,5.3349619006864484e-05,-0.8311155738043161,6.274904631368744e-05,0.7501835982048914,2.530436825155095e-07,0.9212591846812931
181589.54477218713,5.856795604627735e-05,-0.8564231780861827,6.861453494041619e-05,0.7801791363164776,5.186024237826636e-07,-2.4354255330755907
181592.04602291368,5.180691335305283e-05,-0.9223682098556906,5.927154851865313e-05,0.8284378891080741,3.17657136691863e-07,0.02609549135270633
181594.54727364023,5.734698741598803e-05,-0.7772782645798078,6.773174566494757e-05,0.6817121686016967,8.837266879983934e-07,-0.23726728172218697
181597.04852436675,5.1224220115918266e-05,-0.7482136949164008,5.891537349594013e-05,0.6076993889364791,4.5116658492969974e-07,1.9996162569258977
181599.5497750933,5.956358788525507e-05,-0.6554014614880929,7.210982696817217e-05,0.5300334076529813,5.701012330101749e-07,1.1343851131092366
181602.05102581982,5.9246453137891835e-05,-0.7648953071946679,6.942641445872274e-05,0.6621002091487119,8.683957566583313e-07,0.3359983356243351
181604.5522758003,5.66032005868384e-05,-0.7401494888333856,6.628665005094043e-05,0.6183829915432025,9.295273013697514e-07,-0.9373366475977938
181607.05352652684,5.533361472300164e-05,-0.8133558936323465,6.507490227004775e-05,0.7156758604742074,4.793782981435111e-07,0.7905292342231676
181609.5547772534,5.064913892214742e-05,-0.8758307410015792,5.569163561535344e-05,0.7723323482897143,3.427683660612902e-07,1.4792179633217903
181612.0560279799,5.532930954027361e-05,-0.836402797196213,6.577276618828188e-05,0.7165593815574425,9.146861153193412e-07,-0.08925570877593182
181614.55727870646,5.86475741821662e-05,-0.7276390700777227,6.859502649802364e-05,0.5922497312690828,6.729474642178228e-07,1.9851875519046642
181617.058529433,4.980562042610894e-05,-0.7765704846851574,5.6633605019592915e-05,0.6465421364236578,2.178226230763557e-07,-0.5516201271738793
181619.55978015953,5.6649698795565276e-05,-0.8858454349414384,6.91535405319719e-05,0.8335852704877227,2.82927083779236e-07,-0.6570618696276356
181622.06103088608,5.2643335114753056e-05,-0.7806911418320887,6.070052888379056e-05,0.6715419091825184,1.0067201634984745e-06,0.04115510545488429
181624.56228086655,5.159650795512059e-05,-0.7265888067098633,6.208317662341821e-05,0.6114913832260157,3.2141701537169415e-07,1.681190834332333
181627.06353159307,4.755097302705175e-05,-0.8114083314249745,5.35499940674842e-05,0.7040793241448345,5.44225873959352e-07,-1.0601170698634617
181629.56478231962,5.3154564805067184e-05,-0.7736594698705109,6.15014495411389e-05,0.6768504021280899,6.264596995081128e-07,-1.9321081636872257
181632.06603304617,5.159017855325217e-05,-0.7724598777254804,6.089131366025747e-05,0.7101711348843276,3.4196332799090596e-07,1.2009147361149723
181634.5672837727,5.834646187787062e-05,-0.8228194300456881,6.780131695653878e-05,0.7274207142195039,1.2978786433539213e-07,-0.5329338647714527
181637.06853449924,6.62605642707467e-05,-0.7989763471398378,8.014305278037787e-05,0.6808212000617782,3.767459802513264e-07,-1.74326719074476
181639.5697852258,5.6377523125589585e-05,-0.8842113648706628,6.706985720974578e-05,0.8300835167658549,5.580715174378989e-07,1.235447186605407
181642.07103520623,5.749998833545363e-05,-0.7938638805829554,6.69554091415006e-05,0.6809175930661199,8.543334485306633e-07,1.8176634761085169
181644.57228593278,5.328026951179986e-05,-0.792982491357477,6.289575301639749e-05,0.7050079069279139,6.461991097596938e-07,-0.6209876426103028
181647.07353665933,5.4690436895971034e-05,-0.7761843522783932,6.450332663175952e-05,0.6733754786442062,7.213205858241299e-07,2.413433857283937
181649.57478738585,5.918977688211743e-05,-0.8602337491800677,6.89641490398625e-05,0.7889003810047851,6.265370737573849e-07,1.9829962964173748
181652.0760381124,5.440048185204413e-05,-0.8706642194210467,6.540657324776689e-05,0.7926213559476761,6.475758064530333e-07,-0.34672963526764594
181654.57728883895,5.516982748794031e-05,-0.7307327736390358,6.552506963280897e-05,0.6165573536046377,4.413511077546779e-07,-0.00852899110080063
181657.07853956547,5.382538464052118e-05,-0.854562820875415,6.159588232380276e-05,0.7576591244907029,3.034759639355393e-07,-0.5936110703111738
181659.57978954594,5.554799971101432e-05,-0.9201335551931633,6.517940751397003e-05,0.8300630947114515,4.1913798505072677e-07,2.024820172756361
181662.0810402725,5.312631930468473e-05,-0.8426228513737737,6.167293807746472e-05,0.7608403127668653,1.0728493381109062e-06,2.203422267573497
181664.582290999,5.5330316770259526e-05,-0.8638796410877998,6.463881754620551e-05,0.8049547279222193,6.127636857660556e-07,1.0029834954849748
181667.08354172556,5.107710397381711e-05,-0.8020474104376016,5.858082630799888e-05,0.6755525459642271,3.0082035363239864e-07,1.680193488918211
181669.5847924521,6.022541988339671e-05,-0.7299222883767758,7.241731558534881e-05,0.622368156643078,1.1466474942589755e-06,0.9071872214806277
181672.08604317863,5.482783132926425e-05,-0.7620287220243833,6.582670036249439e-05,0.6360573109930291,2.956433393287512e-07,1.00894311229514
181674.58729390518,5.960674996709746e-05,-0.7919489818562881,7.116003656426562e-05,0.6841181356907328,1.8603429951002234e-07,-0.5208974439353613
181677.08854463173,6.124210131729519e-05,-0.7688509601133917,7.21918645901418e-05,0.6852244696938113,5.402749981593117e-07,-0.5970467481495016
181679.5897946122,5.426291375624327e-05,-0.7173254102192164,6.305210522868996e-05,0.6420567522016633,2.433053070445474e-07,-0.28422979821082806
181682.09104533872,5.2969573847471285e-05,-0.8106431544382967,6.266451612873317e-05,0.7205224706096413,2.622670175717834e-07,-0.6413800047304065
181684.59229606527,6.375060039720685e-05,-0.6722774955294927,7.761899932452331e-05,0.5345831316694248,2.5607529888070546e-07,-0.7492039549732826
181687.0935467918,5.7272531940610615e-05,-0.816146574244106,6.79257820103305e-05,0.7404874276113258,1.3433447436653388e-07,-0.24262172537008453
181689.59479751834,5.6271066140441306e-05,-0.8607084747183402,6.552448522248204e-05,0.7726114191194134,4.923929138983175e-07,-0.5665086299600409
181692.0960482449,5.557668678802835e-05,-0.8368743973888174,6.457507027366185e-05,0.745577748333859,9.676058444905484e-07,0.8732786903277283
181694.5972989714,5.356397972864259e-05,-0.8070789785661229,6.185677207731222e-05,0.6918358892504405,2.4240615962331905e-07,-1.6685964801090916
181697.09854895188,4.991389505144108e-05,-0.8810032698521656,5.7872619953617574e-05,0.8055884504038451,1.103802920144473e-06,0.933229978189703
181699.59979967843,5.9632226095748475e-05,-0.722149954388667,7.086478964064339e-05,0.6036087847860115,5.965113346247032e-07,1.5508505068945375
181702.10105040495,5.300506264514901e-05,-0.9255803563613572,6.255510565553734e-05,0.8813168361123728,1.1371200182775836e-06,0.8212850639711886
181704.6023011315,6.0215374023258246e-05,-0.8030595366398651,7.176919580639791e-05,0.7158514632177587,4.396225946493548e-07,-2.2043239033190183
181707.10355185805,5.15748960633008e-05,-0.9274539330863601,5.920045327795201e-05,0.8619417305578709,2.957007193806096e-07,-1.3390036929996407
181709.60480258457,5.414411404038061e-05,-0.7979706555879827,6.438989664747263e-05,0.6895885813240212,5.210340526168164e-07,-1.1277171129924397
181712.10605331112,5.503666955151795e-05,-0.8116904967454392,6.579926856812088e-05,0.6989601159565382,5.3918468092601e-07,-0.6077972783287393
181714.6073032916,5.7943645928866e-05,-0.7651994907461047,6.872364902860709e-05,0.6605865654209915,8.314469859513242e-07,-0.28062340283341797
181717.10855401814,5.601323990770822e-05,-0.776947583748432,6.639387545210197e-05,0.6850419021194437,1.6715220812624248e-07,-0.9985483312849777
181719.60980474466,5.561065950526347e-05,-0.767013520899657,6.702599660151651e-05,0.6688605570063235,5.522544741747442e-07,0.27534558653957963
181722.1110554712,5.722020056684586e-05,-0.6654255811441387,6.80159475385171e-05,0.5365926674517089,3.7977369491875845e-07,0.24143910348339812
181724.61230619776,4.713087493650573e-05,-0.7054517418868608,5.504462885695818e-05,0.5584391573223141,5.501441153226032e-07,3.016883520075293
181727.11355692428,4.9745473666193845e-05,-0.7560359369098625,5.6956605639887486e-05,0.6083820012548736,8.862270851192699e-07,0.28933212412079484
181729.61480765083,5.088314116744332e-05,-0.8294165376057495,5.6832520580002914e-05,0.7365725712554593,4.921276704134011e-07,1.1557135781981285
181732.11605837735,6.269919429938685e-05,-0.9242399491801402,7.480197057318845e-05,0.8461945747098342,6.407369903645469e-07,0.9252757132543927
181734.61730835782,5.2624087015443173e-05,-0.7657755058492599,6.09237327158114e-05,0.6683329342138759,2.677242352160533e-07,-1.9533564299304929
181737.11855908437,5.6141378453070386e-05,-0.7213338537884106,6.567997905164799e-05,0.6286814861299875,6.108286941872624e-07,-1.914243052412224
181739.61980981092,5.4305970930300795e-05,-0.8058547782407567,6.226868677051129e-05,0.696210864625417,5.999247660924946e-07,0.6118377434792558
181742.12106053744,5.6126523993918714e-05,-0.9176332083433931,6.576259572327735e-05,0.8463184121563866,6.603455563922878e-07,-1.1095324054961253
181744.622311264,5.174160385284698e-05,-0.810728348043874,5.919942344975379e-05,0.7052874150606402,1.0594835458094733e-07,0.8689025541308643
181747.1235619905,5.525470228811674e-05,-0.8129327219005632,6.521342824828448e-05,0.6948494262318109,6.980566147358401e-07,-1.0447875966957798
181749.62481271705,5.312912611751984e-05,-0.9244417223207237,6.236013362131518e-05,0.8902973865266787,4.695725676860904e-07,-2.335512860238692
181752.12606269753,5.4003573685725015e-05,-0.8105934412356294,6.27080132058099e-05,0.7175738044154245,5.046163475262998e-07,-2.5505684729776377
181754.62731342408,5.5523651261274086e-05,-0.7377038803546909,6.400595572386274e-05,0.5976352493739322,2.2740349445806097e-07,0.4741613440141759
181757.1285641506,5.947997358986243e-05,-0.7129963408899431,7.071509448125502e-05,0.5909332996226899,5.544740873279498e-07,-1.0194078025334525
181759.62981487715,5.2623795598606155e-05,-0.8420874575929896,6.124364308978408e-05,0.8000571384950798,2.654058268303926e-07,0.5136665758162628
181762.1310656037,5.66290439779658e-05,-0.7874565752109361,6.873673047849955e-05,0.724158355351201,3.340350162036929e-07,-0.9791954379614848
181764.63231633021,5.33418812864737e-05,-0.8926685017370414,6.349494159970839e-05,0.7969001327272828,5.915815984499462e-07,1.3672156830307949
181767.13356705676,5.2842383407743474e-05,-0.9326449496480502,6.124434694938856e-05,0.8795851255301409,1.7394461623418912e-07,0.7301712483168171
181769.63481703724,4.5474980288991093e-05,-0.8480296657878187,5.006806481519669e-05,0.734249240499546,8.004809781104603e-07,2.9273081665504868
181772.13606776376,4.889236278128898e-05,-0.9190393360068265,5.462516713854247e-05,0.8296656398123476,1.4686481456138347e-07,-0.26401587862285947
181774.6373184903,5.8176142143311946e-05,-0.9112920059338019,6.797546950746821e-05,0.802558969606379,1.550472337105677e-07,0.9563122226717122
181777.13856921686,6.098534958251876e-05,-0.70300667997069,7.357275852803478e-05,0.5919796463867911,5.6474601242023e-07,-2.426611447827798
181779.63981994338,5.3171803061780455e-05,-0.7591197742372121,6.177074925195476e-05,0.6293398984841391,4.6490707967717403e-07,-0.2489004224710913
181782.14107066992,4.426656709525878e-05,-0.6548130815729231,4.8862536436301244e-05,0.4943339494231606,1.2592540604167806e-06,2.130585728523378
181784.64232139647,5.702029741698362e-05,-0.9467128634358408,6.687280585420641e-05,0.8616834084455761,6.091520749875149e-07,0.48470105526155854
181787.143572123,5.92432941030524e-05,-0.8177665137426542,7.106420765377423e-05,0.7420674131511543,6.550377607405688e-07,0.15076588393173043
181789.64482210347,5.2213618359563955e-05,-0.9730612668028588,5.869964963699822e-05,0.9188984837884822,1.789383753240134e-07,-1.048147154979175
181792.14607283002,6.424066925770552e-05,-0.7497230943374711,7.827496397232032e-05,0.6586499650553456,4.830699714374804e-07,-1.7192836255152844
181794.64732355654,6.033872811707976e-05,-0.7337264102638863,7.158446449778093e-05,0.6280487612147871,4.238572805369268e-07,0.06050815267144412
181797.14857428308,5.735194785688759e-05,-0.948472962260604,6.776537227396389e-05,0.8675955245734767,9.983960474251629e-08,-0.9393817583919599
181799.64982500963,5.537031094955164e-05,-0.9303198236371196,6.664163133129445e-05,0.8513834065336732,1.869330260991917e-07,1.557237126007424
181802.15107573615,5.085449294547288e-05,-0.9432392773191289,5.633350842717194e-05,0.8916775159433704,1.7645528269847133e-07,-0.7357337094099277
181804.6523264627,5.533166867565332e-05,-0.7916352571162479,6.480242237598513e-05,0.6823864782230524,8.228844609022909e-07,0.4774753014336233
181807.15357644318,5.893785709835893e-05,-0.668651373098536,6.960529152243062e-05,0.5729482382265807,2.0189791832172508e-07,0.1293645034255374
181809.6548271697,5.527575469792322e-05,-0.7643618992185996,6.463776107889923e-05,0.6797075059941571,6.532808540709221e-07,2.7985216638463237
181812.15607789624,6.017309843740864e-05,-0.8155315662144262,7.194342019620625e-05,0.7314873023704588,4.628067193520123e-07,-0.29158913947590975
181814.6573286228,6.085429568578939e-05,-0.7782300120357764,7.311945136258656e-05,0.6752801723739407,4.5852326902659393e-07,2.278182393910164
181817.1585793493,5.613035115724856e-05,-0.8030416103019957,6.526715749795448e-05,0.7152915889170064,5.096229564066418e-07,-2.127849149977609
181819.65983007586,5.409281249613157e-05,-0.7823387441978046,6.241280663269256e-05,0.6601396384351639,4.794667552313853e-07,0.40580543621884746
181822.1610808024,5.6648276420421915e-05,-0.91107069169813,6.508980155285656e-05,0.8181662879107063,9.564872481146425e-07,0.12263483198733445
181824.66233152893,5.9222553512909515e-05,-0.760173003482878,6.92955052558945e-05,0.6811018220481452,6.097231180258185e-07,0.7216589350371222
181827.1635815094,6.184307887242721e-05,-0.8776870880722422,7.422856496115256e-05,0.7772425778880799,1.0650648837568483e-06,0.5605603293107748
181829.66483223595,6.04461406365865e-05,-0.7228513257722177,7.380604820481681e-05,0.6241083490142277,5.722516727847884e-07,2.746830074150269
181832.16608296247,5.259308244238943e-05,-0.7970816525697851,5.825424830631811e-05,0.6821839348207704,2.7525197429754276e-07,-1.1035169576701216
181834.66733368902,5.8526677364919616e-05,-0.8887685426017145,6.655417786392864e-05,0.8086064240468027,6.419793503906262e-07,0.10111838251458041
181837.16858441557,5.389777211078331e-05,-0.8774127022979635,6.293164948362478e-05,0.779565732830341,3.753707525288789e-07,2.5820302468373835
181839.6698351421,5.4815588259941175e-05,-0.6660949196596927,6.4123111672002e-05,0.5680946789594152,2.0783260986030065e-07,0.48900850304353527
181842.17108586864,5.805935955700599e-05,-0.8116166696503114,7.015995335919467e-05,0.7009062184198502,8.492826239354632e-07,1.6509632956770817
181844.6723358491,5.639493403071701e-05,-0.6892008827506485,6.715079751458096e-05,0.5796916930358073,3.222043954776947e-07,-0.5280379656818505
181847.17358657566,5.322451084847951e-05,-0.5989728882672183,6.226203667547437e-05,0.44881184258351986,3.286957135257671e-07,-0.7079677322224275
181849.67483730218,5.429897038389399e-05,-0.7945625816134028,6.339646839406751e-05,0.7002338434825404,2.360185662271681e-07,0.10211442243277186
181852.17608802873,6.28397054605629e-05,-0.7548874411216597,7.463401290913817e-05,0.642902282316154,6.404563356689837e-07,2.1714464576482704
181854.67733875525,5.49417222725446e-05,-0.9596985521429113,6.323394865242567e-05,0.9086992290929822,2.630661399866892e-07,-1.0900753862232084
181857.1785894818,5.321894390886035e-05,-0.8479708942570539,6.230148175816202e-05,0.7345252082170824,7.598228515734294e-07,-1.5462188446431848
181859.67984020835,5.8374640409186754e-05,-0.9092968290665392,6.645494367954825e-05,0.8352839036981307,5.978916504029177e-07,-0.25314692276314105
181862.18109018882,5.8631613714077924e-05,-0.9831391784471554,6.812720485685227e-05,0.9133499122889673,4.7216560672549057e-07,-1.3484096261838066
181864.68234091534,5.2802769997428936e-05,-0.9332909783708092,6.0166328786061046e-05,0.8728942776853824,3.320632314731098e-07,2.466315115514471
181867.1835916419,5.379337775086259e-05,-0.7468023091834746,6.355003491902102e-05,0.6163164607154588,7.414838264929642e-07,-0.5738937983678529
181869.68484236844,5.5328442611151326e-05,-0.6596735861270958,6.677571164652153e-05,0.5394756145866314,5.97154701937756e-07,2.1355894695800384
181872.18609309496,6.898119215370431e-05,-0.780864623243598,8.385043052476158e-05,0.6847158497347628,5.790181908009209e-07,-0.20521655024411503
181874.6873438215,5.0373808321275555e-05,-0.9865774180705903,5.708349415598636e-05,0.9384494540087567,3.551882204126411e-07,-0.38199050690919023
181877.18859454803,5.3157018053559915e-05,-0.8331963554349748,5.9875586839502074e-05,0.7504270508931453,3.134688914194961e-07,-0.24386012840372123
181879.68984527458,5.3669479817672455e-05,-0.8569297721330605,6.16332769333062e-05,0.7628445727015469,4.3196191157901553e-07,-1.8128087516159384
181882.19109525505,4.9406092148234844e-05,-0.9313516230677275,5.544117507711975e-05,0.8601848874204875,5.336243510316747e-07,2.0617048848800694
181884.6923459816,5.893224492530755e-05,-0.8011525324347819,7.109438886754681e-05,0.6948649319653009,2.880943139229436e-07,1.490892706332134
181887.19359670812,5.995715517758678e-05,-0.8522974991751912,7.305102656082731e-05,0.7602220947937979,4.375135187651875e-07,-1.2355577273975522
181889.69484743467,4.9062154348180516e-05,-0.8860179474413579,5.499322880830568e-05,0.8064097423387129,3.220820955369331e-07,0.3167342700468013
181892.19609816122,5.4456608663579216e-05,-0.7739892578663895,6.477158197434219e-05,0.6920205992829231,3.8348384726276023e-07,-1.5485111051448537
181894.69734888774,4.431252408691929e-05,-0.7227681149901192,4.833340538372532e-05,0.5687691546527565,6.183735246141511e-07,2.1789037791464128
181897.1985996143,5.951211921848899e-05,-0.8243825984620555,7.239974763383452e-05,0.7208826858803287,8.138942612714061e-07,2.113976853635472
181899.69984959476,5.3279309298291896e-05,-0.835186932870093,6.028660853251281e-05,0.7577293982154962,3.101043662270268e-07,0.45898482585179196
181902.20110032128,5.8320722544247636e-05,-0.887311094677871,6.804277001986873e-05,0.8017163411522215,2.58599244052586e-07,0.7725671853020807
181904.70235104783,5.1855152506804166e-05,-0.8246864434001787,5.9507300388164875e-05,0.7353124981125487,5.031795372900914e-07,0.002949951011993053
181907.20360177438,5.161556029521095e-05,-0.7760857487174244,6.0432202908697894e-05,0.6826814914765289,3.9785311401840147e-07,2.29153859428222
181909.7048525009,5.610181141916316e-05,-0.6780761249216561,6.648559774613738e-05,0.5565098268685864,2.757785636989643e-07,-0.5481018803767221
181912.20610322745,5.6994565357754905e-05,-0.9341500230220348,6.54370653939524e-05,0.8713618737602188,2.9138996070309884e-07,2.3074567371754804
181914.707353954,4.925366025873832e-05,-0.7681675854241572,5.827773300312253e-05,0.6776994585700161,1.719711719362587e-07,0.20927236564618276
181917.20860393444,5.600523245410038e-05,-0.7484083333713225,6.640739152773921e-05,0.652160852882504,6.967687892472215e-07,1.3197279753370548
181919.709854661,5.401880635463262e-05,-0.79915844933655,6.413184431907932e-05,0.7091709850018791,5.645453730301403e-07,0.8064616151760581
181922.21110538754,5.0006348059445146e-05,-0.9721846098203589,5.6767353701219254e-05,0.9057242453132796,6.073795680144386e-07,2.197671245596441
181924.71235611406,5.557757792244633e-05,-0.734474871293783,6.425070935523924e-05,0.6036748748774322,5.045093719413312e-07,0.2592383361737741
181927.2136068406,5.867581440301305e-05,-0.5467847966618626,7.173532714593739e-05,0.3892492394859616,4.663944999782397e-07,0.17331094369020122
181929.71485756716,5.404202028507344e-05,-0.7866912521601389,6.156047201654102e-05,0.6578924816371508,4.994417053929299e-07,0.31521342014431564
181932.21610829368,5.0080374062664986e-05,-0.7532808792785827,5.765746340483472e-05,0.6086190881584698,8.810772075956782e-07,1.5453769997018334
181934.71735902023,6.130015974735644e-05,-0.6558111259126488,7.376051749768306e-05,0.5387463382963997,4.367835434563107e-07,-2.5005234792839417
181937.2186090007,5.339602015637719e-05,-0.8051524461820401,6.169323866073978e-05,0.6817835656057546,7.32848724086109e-07,-1.9346839070052382
181939.71985972722,5.104198208276832e-05,-0.8732533639230285,5.9519729952275806e-05,0.8045832525783616,5.436526642981288e-07,-0.6915409578957664
181942.22111045377,6.026013588148999e-05,-0.699748707044339,7.179369229332063e-05,0.601434321037936,4.441680442970759e-07,0.7369130984837488
181944.72236118032,5.7886906400773076e-05,-0.7885091461033663,6.952515190880208e-05,0.7011593919978307,2.9202825103800447e-07,0.3832868049060794
181947.22361190684,5.503420354263615e-05,-0.824450594400625,6.358659822135467e-05,0.7415127137042976,4.221203360053635e-07,0.7635362212178773
181949.7248626334,5.265363575619413e-05,-0.7868815385823189,6.0275796257536226e-05,0.6629679180268375,5.01857921837212e-07,0.36451582389644976
181952.22611335994,4.9976955684915784e-05,-0.833373509998187,5.692839089939476e-05,0.751923458819285,9.958603110699603e-07,0.4557444535489327
181954.72736334038,5.476705631169381e-05,-0.8912045434946992,6.4221819694959e-05,0.7949519759703293,3.6677660186701854e-07,-1.6464911841169567
181957.22861406693,5.9781667606914266e-05,-0.7530436272461514,7.26148795628216e-05,0.6448233480256085,1.1752022011130247e-07,1.5784950316468982
181959.72986479348,6.324237793906548e-05,-0.8084244079290575,7.663388618019231e-05,0.7021087473469365,4.473105163445536e-07,1.8340917225853612
181962.23111552,6.329752512650177e-05,-0.923861476808734,7.417777733331822e-05,0.8642896208925248,5.724104988439791e-07,1.1075712768440324
181964.73236624655,5.575166491352487e-05,-0.916467503273372,6.50507174225208e-05,0.8520358218950563,1.839024692829986e-07,1.1332856082260796
181967.2336169731,5.061819757760287e-05,-0.856991206431716,5.724928928133362e-05,0.7808497204337375,3.45924533754555e-07,-0.2977753761483107
181969.73486769962,5.019193220891895e-05,-0.7637484888701555,6.0047555272159154e-05,0.6438409151388977,2.6006842563204437e-07,-1.4890015469432654
181972.23611842617,5.63695669492902e-05,-0.7307425173823549,6.599901786722922e-05,0.5896949131880322,2.7412452980675694e-07,1.1459965422227028
181974.73736840664,5.8505852857409596e-05,-0.893259073015895,6.900371266533399e-05,0.8141041309828563,4.2065830086663386e-07,-0.41656519436218253
181977.23861913316,5.880952829574022e-05,-0.7810709584589745,6.978535475441329e-05,0.6641334377816622,5.222324331298106e-07,1.40910785929493
181979.7398698597,4.904900463008038e-05,-0.7702509383278405,5.4979092044336464e-05,0.6378086020541417,9.370801979378048e-07,-0.136576665602675
181982.24112058626,5.300344141794737e-05,-0.7713730081482525,6.0941308546609105e-05,0.6552826639632178,6.613564827479738e-07,-1.2970571089098137
181984.74237131278,5.435764871386241e-05,-0.8397746296942017,6.204037829553778e-05,0.7440701136792268,3.3227798882575497e-07,2.189232678589641
181987.24362203933,6.767060289309694e-05,-0.8986556918184674,8.045467754642463e-05,0.8165247329221659,6.836225298489114e-07,0.8046354749037088
181989.74487276588,5.466056345061282e-05,-0.8729695546709224,6.431289313067214e-05,0.7578643636656157,3.8129519102375396e-07,1.2387774434506
181992.24612274635,5.4936356442377666e-05,-0.7381842321227708,6.57209965961397e-05,0.6331144688533954,2.811533653046181e-07,-0.16132380151842177
181994.74737347287,5.11662927252662e-05,-0.7508862841610301,5.853949527161223e-05,0.6228543106798141,5.231046515662979e-07,-1.2612706309674513
181997.24862419942,5.04337544249991e-05,-0.715862173806396,5.715043350699628e-05,0.5745136453745617,5.953273521451708e-07,-1.4303953511573224
181999.74987492594,5.1106892099579126e-05,-0.7194303359388453,5.814457357686657e-05,0.5915560329877425,6.289835029765972e-07,-1.1410746589881184
182002.2511256525,6.657834337906589e-05,-0.7844953372416167,8.087150859270931e-05,0.6978588561686049,5.882773110317708e-07,1.947255517596459
182004.75237637904,5.1578720402358244e-05,-0.6636006849273133,6.100827735230141e-05,0.5438847686745515,3.452999108861604e-07,-0.6448466645236596
182007.25362710556,5.9385438274308374e-05,-0.7877922354806836,7.167226242182541e-05,0.7144497061981347,2.718143599739979e-07,1.1328336601217652
182009.75487708603,5.352313781672048e-05,-0.7348745588642935,6.221142197371326e-05,0.6039710450235362,6.800316715390465e-07,-1.4158724245295633
182012.25612781258,5.8026061483737037e-05,-0.8429389903203192,6.595700623619157e-05,0.7699637635012105,4.236725809846899e-07,-0.8376435467135651
182014.75737853913,5.133889687033292e-05,-0.8055421373282804,5.898137143210623e-05,0.7017425676067134,3.109132007010501e-07,-0.2035490626541689
182017.25862926565,5.6770584263967014e-05,-0.8462737348402635,6.80096286536901e-05,0.7740872104841713,3.7012901478432113e-07,-1.1454453126958568
182019.7598799922,5.395647811974089e-05,-0.8395543431248513,6.322727064690317e-05,0.7783080701350907,4.757978872879803e-07,-2.387362037626232
182022.26113071872,5.337457226307707e-05,-0.84345450077187,6.18527707733307e-05,0.7462671534554236,6.644162533239659e-07,0.1388042823784099
182024.76238144527,5.1581055835186876e-05,-0.8250609540707501,5.788487896529125e-05,0.7387220318910276,3.8801023442733256e-07,1.2550777913289748
182027.26363217182,5.380611960861849e-05,-0.9034434133945337,6.260610061741277e-05,0.8200083101585411,3.98903736916573e-07,-0.032316396042741946
182029.7648821523,4.5905342824633145e-05,-0.8247828807308882,5.208035167340544e-05,0.7291862822715811,3.488392486679529e-07,-0.026078600047982167
182032.2661328788,5.220984234426142e-05,-0.7750287428464874,6.04288751307775e-05,0.6513577083839129,2.8826130151495174e-07,0.32157747117814933
182034.76738360536,5.451389614473603e-05,-0.8610121088748891,6.318847692016286e-05,0.7780701875603587,4.36238796655046e-07,-2.6095391353799475
182037.2686343319,5.968899137485798e-05,-0.8604574228408008,7.11154145978226e-05,0.8002276291815672,5.250649446805094e-07,0.47888269665671196
182039.76988505843,6.048859152192069e-05,-0.8333632473562206,7.236079121903012e-05,0.7526818858394144,6.526212524430489e-07,0.4288021113442564
182042.27113578498,5.691613536563761e-05,-0.8373556755807836,6.579581003186949e-05,0.741594291298068,7.570917604806803e-07,1.4234034925249173
182044.7723865115,5.735376724589711e-05,-0.858862607438575,6.824749938185562e-05,0.7451077022886967,1.6918954795278829e-07,2.322957511250262
182047.27363649197,5.619709434794552e-05,-0.8141596594881325,6.63488120576583e-05,0.6946359391364024,9.691786267657366e-07,-0.159340501970868
182049.77488721852,6.336148839517466e-05,-0.7622489452510485,7.734436518941653e-05,0.6348590247404495,1.1076142653661272e-06,-0.3699739252121674
182052.27613794507,5.696720656620039e-05,-0.6823113197141121,6.661558592924926e-05,0.5683987361634731,2.694639253747295e-07,-0.6250551515006841
182054.7773886716,5.813455483183798e-05,-0.7243175725390156,6.920971610743615e-05,0.6196464930551269,5.782448338737648e-07,2.096272426667288
182057.27863939814,5.206226657063445e-05,-0.6512963579326937,6.232884791924639e-05,0.5227896698657447,3.964577112124447e-07,-1.326920488335981
182059.7798901247,5.310265039938968e-05,-0.826735220962995,6.10133926330252e-05,0.7527231792618065,2.482941961036118e-07,2.537995229938497
182062.2811408512,5.250503523453209e-05,-0.92391647646738,5.8789625238217295e-05,0.8606459768996525,2.9892454570549486e-07,-0.7780363155110005
182064.78239083168,5.082447370292335e-05,-0.7783948626357584,5.889422357398129e-05,0.6729299529957897,4.25360139350678e-07,-1.4790783742023192
182067.28364155823,5.582713072712879e-05,-0.8176175127417002,6.47990266856287e-05,0.7127333128093888,7.505292486671412e-07,1.2599669400473
182069.78489228475,5.898963426690808e-05,-0.7633459211435164,7.11674258694627e-05,0.6344924741539105,5.610331797368186e-07,0.8535884939024891
182072.2861430113,5.3516343214610094e-05,-0.8494539023167346,6.207543477583405e-05,0.7930751772180397,5.99525989017856e-07,-0.7157471799680775
182074.78739373785,5.23863828531739e-05,-0.7898572641753842,5.8289845345017514e-05,0.6893256645824499,3.758168279904155e-07,0.6918830749291108
182077.28864446437,5.1712549329505755e-05,-0.7985954788951536,5.995914794889864e-05,0.6771252966997281,2.3313184849029372e-07,0.40815474470833657
182079.78989519092,6.071363932369263e-05,-0.9531899003642492,7.06527839252698e-05,0.9145944476877719,4.384380191297961e-07,-1.2756298844717684
182082.29114591746,5.630835227452821e-05,-0.85635235788607,6.418904201207259e-05,0.7739924052124313,3.490563437838873e-07,0.5192648461396386
182084.7923958979,5.677869794612855e-05,-0.7890071859351835,6.845323087771831e-05,0.6747836461546816,4.115757268206699e-07,-2.0200188487569832
182087.29364662446,6.157559719818978e-05,-0.9277848176974048,7.3361171910689e-05,0.8770814813895682,2.3618671551236099e-07,0.43940647646252023
182089.794897351,6.340079236109516e-05,-0.833152251592185,7.901730907935912e-05,0.7526515331150966,2.9541505081595073e-07,-0.6948048078243284
182092.29614807753,4.91114958654857e-05,-0.7426888088224783,5.6967006314477063e-05,0.623658494348071,3.507996226044648e-07,1.911542308948648
182094.79739880408,5.766166244858115e-05,-0.7417070414006726,6.89598073189333e-05,0.61921053399478,6.893361007527892e-07,-0.5072309101681052
182097.29864953062,5.711114649087034e-05,-0.6834300287222295,6.827505636601611e-05,0.5449777458719652,2.861429718128764e-07,-0.12661704894419085
182099.79990025715,5.2224113911895555e-05,-0.7474737330217964,6.36269020516119e-05,0.5845006345665592,2.564979301973416e-07,0.047464201341843086
182102.30115023762,5.7233470930803243e-05,-0.8419419814501531,6.669939495276916e-05,0.7386890416998633,2.3589025610258295e-07,1.445874092120963
182104.80240096417,5.6847439715683474e-05,-0.8561048341277775,6.902764086612804e-05,0.777071113136261,5.594494290750078e-07,-1.5786944685013702
182107.3036516907,6.165046345423263e-05,-0.7050505531160575,7.424944129748655e-05,0.5804924359435358,9.78465131772418e-07,0.032942901062703776
182109.80490241724,4.779941099274319e-05,-0.9082871890649286,5.2899311779736065e-05,0.8091980855858658,4.4139467068358016e-07,1.5770851945291604
182112.30615314379,4.986910914870835e-05,-0.7617409507875882,5.665773941154259e-05,0.6403490027502791,4.097476151867996e-07,-0.515697687309817
182114.8074038703,5.9746664354054436e-05,-0.8516183867508081,7.100586580430019e-05,0.7570346367340696,7.364729642743472e-07,1.589949937618948
182117.30865459685,5.582281992763657e-05,-0.7605929774516493,6.658863376378118e-05,0.659638767757218,3.061083484601223e-07,0.008303695514440376
182119.8099053234,5.7774039968319384e-05,-0.9152100046033305,6.72099738880755e-05,0.8377188118315039,4.961153773501909e-07,1.3243248197100002
182122.31115530388,5.659582168336884e-05,-0.69164046492852,6.645022302536593e-05,0.5544148102036428,8.324518260723184e-07,1.7019872450956735
182124.8124060304,5.0358950226449095e-05,-0.8076257085060224,5.7938839297415936e-05,0.7085980041534903,1.8821897415010748e-07,-1.1948701122502392
182127.31365675695,5.6407301107056976e-05,-0.8840710106703599,6.43611500896127e-05,0.8085387110280865,3.52255108271653e-07,2.015074335100258
182129.81490748347,5.025934054938614e-05,-0.8461287443820761,5.8826864845740354e-05,0.7721912022005246,7.094379502703992e-07,-0.2778571918106799
182132.31615821001,5.986687615303941e-05,-0.8001482984817591,7.083162646134672e-05,0.7132193668177526,2.9850574356032887e-07,0.8183523979882293
182134.81740893656,5.3237638839775526e-05,-0.9163863081873624,6.204846778962478e-05,0.8475260127423394,7.374595999212023e-07,-0.5052968004504559
182137.31865966308,5.7799458815819566e-05,-0.8950104011245816,6.816662319285013e-05,0.8314604027705379,3.537055161746648e-07,1.0288045953736984
182139.81990964356,5.312772841469526e-05,-0.8402860553865177,6.136555216185445e-05,0.7525532226909291,4.25972237255362e-07,-0.9114297788455141
182142.3211603701,5.1826010653372934e-05,-0.7593050432945522,6.26306471230907e-05,0.6265036822676036,6.299058543464811e-07,0.7088324473803216
182144.82241109665,5.615582994974459e-05,-0.8328476150899166,6.470330773974392e-05,0.744893467845774,6.037518074301782e-07,-1.4868031609013714
182147.32366182317,6.219853842176124e-05,-0.8527153459980085,7.417538776083955e-05,0.769288691462097,7.405832407097607e-07,0.6027132513931692
182149.82491254972,5.5678179951344513e-05,-0.7732528259008616,6.575836945598207e-05,0.6764417060066482,3.858053690097417e-07,-0.3833918321213109
182152.32616327624,5.2340544138571234e-05,-0.8196857388344491,5.993240989053548e-05,0.7237530332845198,5.303801028753828e-07,0.3075318900301035
182154.8274140028,5.474846104470801e-05,-0.7763848293960369,6.429785639138424e-05,0.6656493507520742,6.578058257813192e-07,-2.2116393583709324
182157.32866398327,5.621715061634044e-05,-0.7725700736302321,6.719626328636035e-05,0.6619202440092723,3.149875042902821e-07,1.1968619191412841
182159.82991470982,4.9042252940769427e-05,-0.7466273598304198,5.5850655667842965e-05,0.6641857280179857,7.381217225683436e-07,0.6311523476777421
182162.33116543634,5.364245094478183e-05,-0.7915950240208035,6.237424817490991e-05,0.6810400154816597,1.0156925988426005e-06,0.4837508586475619
182164.83241616288,6.207417851792534e-05,-0.8172405989766403,7.52297771577585e-05,0.7521406331700946,4.967857461573523e-07,0.3205271748254739
182167.33366688943,5.735931247902863e-05,-0.8066421901595672,6.985584408252823e-05,0.7203199596337944,5.298210891086665e-07,1.800546377037786
182169.83491761595,6.266851421122955e-05,-0.8983085540883857,7.649674049346687e-05,0.8231196225481189,6.947149351372313e-07,1.2450808989297883
182172.3361683425,5.5758803193945826e-05,-0.8649097770659998,6.367013480015444e-05,0.7751436339193877,5.329186439226391e-07,-0.685241535813595
182174.83741906902,5.886329206849098e-05,-0.6167581434397374,6.993285414048192e-05,0.5041395874115846,3.1213511047924614e-07,1.8325915861335236
182177.3386690495,5.982504648275947e-05,-0.7743206043231621,7.193326602244388e-05,0.6821456356973123,5.907787251336255e-07,-0.923906656297974
182179.83991977604,4.893355176574727e-05,-0.9009570255407024,5.70896822918643e-05,0.8026091802141999,4.967978363058185e-07,1.2393968274296019
182182.3411705026,5.6489741008760815e-05,-0.8434933219313429,6.59240226845983e-05,0.7587729498260857,7.44853969005934e-07,-0.9172665391244488
182184.8424212291,6.359545619132379e-05,-0.7962469599790779,7.732282695260007e-05,0.6835484229420996,6.570229132746617e-07,1.126044403023223
182187.34367195566,5.633687352416577e-05,-0.7915846874939859,6.784528290877209e-05,0.6935679809360642,4.147090213279159e-07,1.7333553432226485
182189.8449226822,5.818304788291961e-05,-0.7348224661886246,6.88960130134235e-05,0.6122259374784004,3.6771129929649573e-07,1.872239150764759
182192.34617340873,6.0153407859111134e-05,-0.741168570382007,7.185401927016993e-05,0.6383374167921271,8.276270265591238e-07,0.7432322629816326
182194.8474233892,4.753327306773255e-05,-0.7931831495586928,5.215343793139136e-05,0.6864796587605266,8.366435226646233e-07,1.4394932835218444
182197.34867411575,6.133153831126258e-05,-0.9035221439754431,7.289823791474896e-05,0.8493276212788112,5.161801034940196e-07,-2.024524907523083
182199.84992484227,5.9210393734249066e-05,-0.8206857137108633,7.064530842634599e-05,0.7286680525371915,3.296278408217203e-07,1.3438871787905846
182202.35117556882,4.8751918312251736e-05,-0.8527580983142129,5.459468036624462e-05,0.7453469546706923,2.554543397382828e-07,0.11041545986877238
182204.85242629537,5.9233467513330824e-05,-0.7260728811956493,7.096533609024615e-05,0.6091100764249655,3.139117565329278e-07,1.9543246176586389
182207.3536770219,5.820977736645191e-05,-0.8835248121064875,6.974544599558166e-05,0.7974767188408732,7.308785803855379e-07,1.6411077840060126
182209.85492774844,5.456204303417607e-05,-0.8505941218518157,6.192007654583544e-05,0.7626231386971543,2.1315543982620534e-07,-1.3793364313331713
182212.3561777289,4.820854013346792e-05,-0.7079233836132333,5.521360674876473e-05,0.554410133135304,2.463568250447467e-07,-0.05314204878416531
182214.85742845543,5.686261460712902e-05,-0.6658091989482415,6.7336382265556e-05,0.539155340996982,5.673460890635689e-07,1.0335924540560337
182217.35867918198,5.522235301401086e-05,-0.88558196265548,6.389708848016693e-05,0.8209741975380668,4.1467760068990403e-07,-0.5176415151886664
182219.85992990853,5.895641538630398e-05,-0.7770777125712465,7.210437771889296e-05,0.7010767107519592,2.7839897369828537e-07,-1.2723275893446842
182222.36118063505,6.0151144007718165e-05,-0.8230666573448675,7.152604415486753e-05,0.730550181833418,1.1510855962758784e-07,0.7094004012019348
182224.8624313616,5.226204822431412e-05,-0.6932259483774601,6.15440870109257e-05,0.5730746669719419,5.181550275403653e-07,0.43370838729000094
182227.36368208815,5.812610236656641e-05,-0.8460700883718433,6.842198422560649e-05,0.7672018834693682,4.702573737283814e-07,1.013338781860883
182229.86493281467,5.7377590028118814e-05,-0.7957839998012572,6.866836086745702e-05,0.6820019171720673,3.392433160159045e-07,0.31017302523987045
182232.36618279514,6.754667050559275e-05,-0.6478891499962413,8.385144899813051e-05,0.5400819714601,5.97944131219698e-07,-0.09047170234525768
182234.8674335217,4.987240329973359e-05,-0.8813723677947518,5.747677613618189e-05,0.7662620625271521,2.82847909631487e-07,0.9103967082524534
182237.3686842482,5.134188487028277e-05,-0.7679127188683396,5.903142600822791e-05,0.5940347696265774,2.1347846808684867e-07,0.9956238520876468
182239.86993497476,5.516032205267389e-05,-0.7729329160707883,6.599275800569894e-05,0.6638734300983525,3.0478459056931634e-07,1.3258431115713614
182242.3711857013,5.274496218381325e-05,-0.8478833405949876,6.104425603619853e-05,0.7868360719920873,8.666145527928695e-07,-1.9967149851306047
182244.87243642783,5.1074132665573405e-05,-0.7842824802361505,5.949676332583516e-05,0.6832719960630644,4.372052982559747e-07,-1.8091171386073397
182247.37368715438,5.459434058056115e-05,-0.6506527503446887,6.623403106854679e-05,0.5278156854197592,3.795636365456812e-07,0.6982184824482099
182249.87493713485,6.419786774112845e-05,-0.7686198252312842,7.671367818444732e-05,0.6724456753502062,9.256285147111442e-07,1.5624844486332117
182252.37618786137,5.31815835897623e-05,-0.8941829636478387,6.034305185293689e-05,0.803741072294029,3.7103690832799056e-07,2.6522093342199575
182254.87743858792,5.56965256778416e-05,-0.9516421694629129,6.55031965074988e-05,0.8882123769400369,3.770917885122051e-07,-1.3809826717841374
182257.37868931447,5.529894808554904e-05,-0.8025374660359504,6.242476413231101e-05,0.7067059419501154,2.1051666170468315e-07,0.6665821845803414
182259.879940041,5.649520010344706e-05,-0.8607212643021409,6.84094223442951e-05,0.7694199529631878,7.649409192932525e-07,-0.121137313979339
182262.38119076754,5.94651541445627e-05,-0.7491884016195496,7.258362837244827e-05,0.6093703234617328,3.421079506171995e-07,-0.942985231171608
182264.8824414941,4.997034160182269e-05,-0.8353080307286425,5.5716837644090896e-05,0.759555636416843,5.787297360431356e-07,1.2623762821686597
182267.38369147456,5.8221477011836976e-05,-0.8274662040246662,6.938718799665869e-05,0.7503569617882823,4.689363313889038e-07,0.3999349694776679
182269.88494220108,5.473394546068957e-05,-0.7711045537014186,6.351230239040423e-05,0.6713174296411633,2.9610102415110323e-07,0.3713267832381265
182272.38619292763,5.499676234329903e-05,-0.7442490424793723,6.460077930413801e-05,0.5987258894578701,2.3464126867860985e-07,-2.239863453000302
182274.88744365415,5.2539505396353e-05,-0.9437866242647057,6.226069210662709e-05,0.8352789500205875,3.0929052575878004e-07,0.4585110014886089
182277.3886943807,5.51235031269454e-05,-0.8268434328404827,6.457070279867637e-05,0.71978699273535,1.0766402861318837e-06,1.6937674421623456
182279.88994510725,4.6061353111970204e-05,-0.7891018272317029,5.105659792290886e-05,0.6657258300956524,1.9464237703248096e-07,1.433524972721324
182282.39119583377,5.2655591947176236e-05,-0.6845409462552876,5.9667125096503316e-05,0.5807070413736417,6.21873256443669e-07,1.7972338437077167
182284.89244656032,4.8172731833775145e-05,-0.7026236299383436,5.599060851190233e-05,0.5502913486682786,5.494517631739381e-07,1.5993605823346635
182287.3936965408,6.777933634542856e-05,-0.8298272776248425,8.327313494470255e-05,0.7523154794030642,3.437077761303491e-07,1.7215731408836594
182289.89494726734,5.250126680595881e-05,-0.887078340944085,6.026183308385519e-05,0.8221049412283417,2.849686097553545e-07,-0.07388160935254802
182292.39619799386,6.232972012220668e-05,-1.0131596700583465,7.312029931276322e-05,0.9392266554752546,4.44155606468882e-07,-2.831315260120874
182294.8974487204,5.768686858070375e-05,-0.8155689201575349,6.768705911468068e-05,0.6961402560500122,7.712111552582026e-07,0.776013996884639
182297.39869944693,5.576844299432966e-05,-0.81338362164161,6.576764179434427e-05,0.7055977600914899,4.2222549069120026e-07,0.3405248142071408
182299.89995017348,5.842609312283618e-05,-0.868563277807619,6.882915856638213e-05,0.7803736378229851,3.088925545321161e-07,-1.6039886620848351
182302.40120090003,6.031814326331452e-05,-0.9030043978680171,7.551777090906886e-05,0.8463324029334641,6.514356837803189e-07,2.273637597531283
182304.9024508805,5.290803480642996e-05,-0.8838461782419452,6.0905578304016986e-05,0.7736815638732908,7.765747553129407e-07,-1.1620314206698876
182307.40370160702,6.125527913124004e-05,-0.9502430857991698,7.159438051427507e-05,0.8882918218061869,7.432217078191136e-07,-1.421575683112456
182309.90495233357,6.066815608015536e-05,-0.8864104860249871,7.32379053710766e-05,0.8445729990750108,3.274492425811098e-07,0.4303632081586942
182312.40620306012,5.3059735446428144e-05,-0.9160027424569367,6.107267240179993e-05,0.8517736900743408,5.108204116869186e-07,0.9287037391579204
182314.90745378664,5.459345571458868e-05,-0.7325237455931449,6.49522528854698e-05,0.6043746134449476,6.999572311101246e-07,0.5097338334258709
182317.4087045132,6.190161978186246e-05,-0.8388514436190108,7.581867494413933e-05,0.7816886043904623,3.5966049341841116e-07,1.5516705306998588
182319.9099552397,6.163690686791283e-05,-0.8725238056969317,7.498067856562847e-05,0.7899922198572618,4.00719938562129e-07,-2.192389829138183
182322.41120596626,4.754115691426831e-05,-0.8010292875212399,5.440660557151455e-05,0.630268236209927,5.085110752156076e-07,-2.5732633955958932
182324.91245594673,6.0629787506969776e-05,-0.8689825867530994,7.133869273610851e-05,0.788932776193859,3.260179480309864e-07,1.9483717452245966
182327.41370667328,5.085000975718281e-05,-0.6864574440926754,5.8078046112564195e-05,0.543154773729046,3.051660380507366e-07,-2.454790054717291
182329.9149573998,5.974743068820161e-05,-0.8176017652309049,7.176012235162296e-05,0.7270964815721277,3.157231980080394e-07,0.16716282687100784
182332.41620812635,5.738891261905847e-05,-0.6500708348293124,7.020698550878046e-05,0.5345755798554276,4.1356827823706305e-07,-2.3500743792499095
182334.9174588529,4.7540180053986066e-05,-0.6108232615697209,5.6044209480617295e-05,0.4276638671441794,2.977814523280915e-07,-0.2674715997257957
182337.41870957942,5.4149629271283504e-05,-0.9483949380233724,6.312803144410945e-05,0.8830614177268523,6.185369374296485e-07,-0.2395550549216303
182339.91996030597,5.7744629058266335e-05,-0.7903824934801669,7.028282302300226e-05,0.6784702366834878,2.919551589119988e-07,-2.1169987272328346
182342.42121028644,5.524065312151392e-05,-0.8257533145866452,6.696942994420483e-05,0.720526482296942,4.90355539609037e-07,0.3206774393555678
182344.92246101296,5.448071813564733e-05,-0.7810367862157683,6.495841961475264e-05,0.6599438304432891,4.147621624057987e-07,-1.1086947049608848
182347.4237117395,4.8988245076963415e-05,-0.8880309475558352,5.405859193085235e-05,0.7871300739947219,6.8773523139837e-07,-0.6023675249042711
182349.92496246606,5.073544255628259e-05,-0.8392188888143172,5.729482671463075e-05,0.7208360867534592,3.1917379432042157e-07,0.04297026407722664
182352.42621319258,5.901165841552061e-05,-0.8084241444338699,7.029040404533584e-05,0.690170376488906,3.907466451540137e-07,-0.6739552135513737
182354.92746391913,6.336599631309222e-05,-0.8835249077227623,7.680621019360415e-05,0.8096437331860916,6.654155712317739e-07,1.7306809297204682
182357.42871464568,6.287941039199281e-05,-0.7371595431154265,7.740527765911438e-05,0.6258588768707426,4.5772683124639834e-07,1.9627861827309676
182359.92996462612,6.177926736741828e-05,-0.8021647900221135,7.535759073600143e-05,0.6956984447047101,8.183029680359324e-07,-1.3025156648349416
182362.43121535267,5.697854766744932e-05,-0.7748121643803781,6.810910057882032e-05,0.6499630410507558,8.380509055701077e-07,0.8470621405471872
182364.93246607922,5.957149697942675e-05,-0.6979122480342861,7.146511118184358e-05,0.5962555301509923,2.4974695529833e-07,-1.3583885932551116
182367.43371680574,5.686185540606428e-05,-0.7815730776521693,6.833099394702071e-05,0.6665132839228214,6.817643083393411e-07,-1.1695871197886407
182369.9349675323,4.750856486663864e-05,-0.8072788211258681,5.371656794633224e-05,0.7493529398296629,6.023514380281763e-07,-1.0233296215031982
182372.43621825884,5.059198039502391e-05,-0.9162367434775324,5.745210277210159e-05,0.8729585802352088,2.9228955737875725e-07,-0.9235816482301153
182374.93746898536,5.06182476055816e-05,-0.7893245506285352,5.8653851230834954e-05,0.6389105077236198,5.318808399943023e-07,-0.14404750283139484
182377.4387197119,5.245976588898025e-05,-0.7638521222117346,5.8813141123547135e-05,0.6804591009938854,5.265601842418715e-07,0.2166409476963386
182379.93996969238,6.18716362810889e-05,-0.8840749010667512,7.338003504083026e-05,0.811570364602895,6.007844041236666e-07,-0.05057679679597578
182382.4412204189,5.393531424505721e-05,-0.7476246056704289,6.493054752762834e-05,0.6334221832622189,7.183705152234372e-07,1.6845034712079252
182384.94247114545,5.818487421096292e-05,-0.7820590508858714,6.929246649217793e-05,0.6723880397563394,4.259171013227029e-07,1.2209877921439236
182387.443721872,5.580316351847163e-05,-0.8257498943689852,6.562153660124227e-05,0.7311695859465343,6.131071130886335e-07,-1.5622892254376808
182389.94497259852,5.505917329802362e-05,-0.8658433591446382,6.40148943681675e-05,0.7501484449577912,4.980768874565903e-07,-0.3048922383720902
182392.44622332507,5.386098065260973e-05,-0.7782935646248971,6.568666516795737e-05,0.6850589168653817,3.494090416470021e-07,-0.29298046639908004
182394.94747405162,5.8871704757209865e-05,-0.7912937617321305,6.967679788829977e-05,0.6891457766369286,6.47163162140375e-07,0.8782295868588684
182397.4487240321,5.7861787121389234e-05,-0.7566454724308519,6.936580539605906e-05,0.6480856255500925,4.0366153848926674e-07,2.797896718738488
182399.9499747586,6.0277094365814166e-05,-0.8414528277319405,7.274823461467048e-05,0.7491931001295569,4.908861169453799e-07,1.5081053119137018
182402.45122548516,5.532401081616056e-05,-0.8701096334571619,6.489136423363841e-05,0.7819412790159822,4.6949118441921504e-07,-1.928097068044562
182404.95247621168,5.262006247263534e-05,-0.8816473857601923,6.062855020102244e-05,0.8072045390285157,5.672323078784598e-07,0.2960424047697629
182407.45372693823,5.8690888689579454e-05,-0.8339096744698984,6.872161722124168e-05,0.7378127594238055,4.224449061137379e-07,-0.2962798336066695
182409.95497766478,5.5621717138361276e-05,-0.6981138965646575,6.499294056135355e-05,0.5942216850702092,7.609608497700934e-07,1.4538588274103803
182412.4562283913,5.252594766165448e-05,-0.6644984449727892,6.19907497332052e-05,0.5407916860509594,6.954768312495396e-07,1.2079118236018231
182414.95747837177,5.860511296678206e-05,-0.9155758782460043,7.011610478302932e-05,0.8554665458359626,4.5990105476269954e-07,-1.6484065325883202
182417.45872909832,6.093340738171608e-05,-0.6921617732676059,7.40187565526031e-05,0.5705831765426685,2.681088655071754e-07,-1.8392070243375667
182419.95997982484,6.330726504358428e-05,-0.7603077892075802,7.60868783530373e-05,0.6813965486202705,1.0152376810909777e-06,1.0485246579021104
182422.4612305514,5.362350592600169e-05,-0.7226039026530524,6.474248131162783e-05,0.5854468408804528,4.1275165213504034e-07,1.370396792329168
182424.96248127794,5.898194894242291e-05,-0.9088417016162166,6.837563675306127e-05,0.8491956046694434,5.964753726866521e-07,-0.39806842841778517
182427.46373200446,5.2302957612988846e-05,-0.8544728409172716,5.876285582220214e-05,0.7448575411540324,4.500504148458645e-07,-0.9737697349023331
182429.964982731,5.298999535944476e-05,-0.6099465138112796,6.344336688672763e-05,0.4486992930733249,3.6425390883061246e-07,-2.639780529167836
182432.46623345756,5.952674216613084e-05,-0.7776799283736322,7.151431665526908e-05,0.6822946718114797,7.343398197686022e-07,1.748403040623005
182434.96748343803,5.047976048957922e-05,-0.974404248538588,5.775007475534108e-05,0.937979761677311,7.934074626057495e-07,-1.0834667391764445
182437.46873416455,5.4709285690463136e-05,-0.729560869535866,6.510002434923763e-05,0.6308673759889326,5.722819365516297e-07,1.63052242492157
182439.9699848911,6.141995604991284e-05,-0.911005614022862,7.391252579417509e-05,0.828849443262328,5.628963719945533e-07,-0.7667352971034891
182442.47123561765,6.136999381853445e-05,-0.8979649742448268,7.115313019791709e-05,0.852759360183486,3.927014741759632e-07,-0.7692375313899067
182444.97248634417,5.9279043106404296e-05,-0.7172898715492854,7.148689969109967e-05,0.6210411370717911,6.599716751827154e-07,2.8068580956165627
182447.47373707072,5.3531718167588576e-05,-0.8178816272955776,6.222097639147239e-05,0.7422604423358339,5.490595151005341e-07,1.7212056631910995
182449.97498779724,5.4042839728893214e-05,-0.8218230152805289,6.242947193159884e-05,0.7375139606723111,3.142114509822704e-07,-1.8556747834458522
182452.4762377777,6.0326258982392916e-05,-0.7382830615433189,7.377025145634035e-05,0.6214158039732746,6.16525778437625e-08,0.3878329795450923
182454.97748850426,5.855837665716755e-05,-0.691884215324605,7.009580238206082e-05,0.5846210871093379,3.595565226897967e-07,-2.0256341876224417
182457.4787392308,6.612969307655196e-05,-0.7799993893789846,8.088420574541865e-05,0.7054827655718059,2.4764869782927867e-07,-2.6925301418342538
182459.97998995733,5.417906366333014e-05,-0.6923054836551902,6.43049245035266e-05,0.5925729138051508,6.224091545990885e-07,1.154281052005465
182462.48124068388,5.990969299154739e-05,-0.8653488638344902,7.15332378770351e-05,0.8004213714059354,8.021773350042623e-07,2.5555594114695106
182464.9824914104,5.8599805910307204e-05,-0.7668606739528091,7.139046550454234e-05,0.6590674946062741,6.29349563573342e-07,1.1465099127142884
182467.48374213694,6.0191630480148714e-05,-0.8322164352907196,7.408046152624697e-05,0.7488700685322052,4.867215460673586e-07,-0.47004911954651135
182469.9849928635,5.945438029481947e-05,-0.8077009507507034,7.217167298996467e-05,0.7368975456785305,5.289929260214119e-07,0.4830734537559824
182472.48624284397,4.928060357048675e-05,-0.8221594064875964,5.666252248395069e-05,0.7177935773669839,7.345784470333461e-07,-0.24195691217660564
182474.9874935705,5.7653061172213045e-05,-0.7463062348824427,6.774340194651133e-05,0.6374585582749592,4.838713018912505e-07,-0.7159872378249217
182477.48874429704,5.362673157481846e-05,-0.8484173118722661,6.436296009822325e-05,0.7842429341195072,5.684870968955837e-07,0.8787751806682322
182479.98999502358,6.073935871965141e-05,-0.7696703858015281,7.274496106851509e-05,0.6798841332495068,6.672381203063079e-07,1.589727750447931
182482.4912457501,5.1864976225279376e-05,-0.6945210766009915,5.8268067931087274e-05,0.5620008673789781,8.873019231572313e-07,-0.8010336239829511
182484.99249647665,6.34005255279758e-05,-0.7964889558595654,7.908252880863288e-05,0.6977004079125303,3.623643478258997e-07,-0.7120648585090369
182487.4937472032,5.99869435366576e-05,-0.721259189999476,7.286706350565826e-05,0.638733809944383,4.87186162936096e-07,1.717798993636649
182489.99499718365,5.308825791518888e-05,-0.9307518153542912,6.177021655625051e-05,0.8892197395322299,4.077887839876645e-07,0.9648797612261496
182492.4962479102,5.5430864309513746e-05,-0.7955284857810778,6.515663978448011e-05,0.7231456227879277,5.616247475116547e-07,1.1076332001653217
182494.99749863675,5.214003620114494e-05,-0.7768894879639687,6.215491316730398e-05,0.7027264319932913,2.012072630986742e-07,0.4888133749183812
182497.49874936327,5.539110955731454e-05,-0.8017836126675181,6.683465294526364e-05,0.6941321512946399,9.320674097059963e-07,2.5160324387137716
182500.0000000898,5.452526861527439e-05,-0.7217367654469115,6.580708863525311e-05,0.5925373712651089,4.5390931385312726e-07,-1.1739378296187393
