{
  "alldatas_2508191839": {
    "demods": {
      "1": {},
      "3": {}
    }
  },
  "alldatas_2508191850": {
    "demods": {
      "1": {
        "frequency": [
          60999.99999978678,
          61555.555555692365,
          62111.11111085188,
          62666.66666675746,
          63222.22222191698,
          63777.777777822565,
          64333.33333298208,
          64888.88888888766,
          65444.44444479325,
          65999.99999995276
        ],
        "x": [
          1.0169230867182499e-05,
          -3.4329755443696615e-06,
          3.3186070545552896e-06,
          -1.8211520110226017e-06,
          1.066317360548114e-05,
          -6.35867858547065e-06,
          2.495830822463491e-06,
          -2.5512542613956436e-06,
          -1.0093162482309807e-06,
          -7.013308300014592e-07
        ],
        "y": [
          2.0425916693556816e-07,
          -3.639247019542536e-06,
          -1.4223200620056855e-05,
          2.5484271780283385e-06,
          -2.283327706990141e-06,
          6.743769829360174e-06,
          -1.1149764766468299e-05,
          -5.687321995927637e-06,
          5.471239047253735e-06,
          -1.968581112324773e-06
        ],
        "r": [
          1.0171282035089506e-05,
          5.002943129547787e-06,
          1.4605224704225877e-05,
          3.1322636748787846e-06,
          1.0904900584514218e-05,
          9.26883082512091e-06,
          1.1425691482003909e-05,
          6.233340179362245e-06,
          5.563557854569055e-06,
          2.0897790622246115e-06
        ],
        "phase": [
          0.020083299019888572,
          -2.3270363277099095,
          -1.3415737121641718,
          2.1912658254649604,
          -0.21094645389045774,
          2.3268121636081784,
          -1.3505804999279518,
          -1.992473928346226,
          1.7532220848616684,
          -1.9130389204179281
        ]
      },
      "3": {
        "frequency": [
          60999.99999978678,
          61555.555555692365,
          62111.11111085188,
          62666.66666675746,
          63222.22222191698,
          63777.777777822565,
          64333.33333298208,
          64888.88888888766,
          65444.44444479325,
          65999.99999995276
        ],
        "x": [
          7.448655821958193e-06,
          9.263294126498518e-06,
          -1.725267083583937e-05,
          1.079400178244592e-05,
          -6.4555197792939545e-06,
          1.1068990148688705e-05,
          1.6115897995139105e-05,
          1.4749797754621728e-05,
          -2.0799258934721824e-05,
          -6.40576939020538e-06
        ],
        "y": [
          -2.9995628808551506e-06,
          1.2126410102238752e-05,
          -6.634867728075478e-06,
          6.407117162637464e-06,
          2.419553174214042e-05,
          -1.0571229208819008e-05,
          1.6336758969333428e-06,
          4.594499553004322e-06,
          -1.4510400495552746e-06,
          -1.0712349872004567e-06
        ],
        "r": [
          8.029934684055391e-06,
          1.5259699867353223e-05,
          1.8484483242408475e-05,
          1.255235534930434e-05,
          2.5041914701271946e-05,
          1.5305993267251746e-05,
          1.619848959396985e-05,
          1.5448817428683693e-05,
          2.0849812696017653e-05,
          6.494722925444516e-06
        ],
        "phase": [
          -0.38283054432032315,
          0.9184620827598493,
          -2.7744579472127673,
          0.5356864696851267,
          1.8315290569645335,
          -0.7624005599536835,
          0.10102535275221,
          0.30196971783859056,
          -3.071941478771926,
          -2.9758961957804866
        ]
      }
    }
  }
}