{
  "/dev1657/oscs/*": {
    "dev1657": {
      "oscs": {
        "0": {
          "freq": [
            1000000.0000003695
          ]
        },
        "1": {
          "freq": [
            65999.99999995276
          ]
        },
        "2": {
          "freq": [
            999999.9999996234
          ]
        },
        "3": {
          "freq": [
            999999.9999996234
          ]
        },
        "4": {
          "freq": [
            999999.9999996234
          ]
        },
        "5": {
          "freq": [
            999999.9999996234
          ]
        }
      }
    }
  },
  "/dev1657/demods/*": {
    "dev1657": {
      "demods": {
        "0": {
          "adcselect": [
            0
          ],
          "enable": [
            1
          ],
          "harmonic": [
            1
          ],
          "order": [
            8
          ],
          "oscselect": [
            0
          ],
          "phaseshift": [
            0.0
          ],
          "rate": [
            899.4654605263158
          ],
          "sinc": [
            0
          ],
          "timeconstant": [
            0.007905658727052371
          ],
          "trigger": [
            0
          ]
        },
        "1": {
          "adcselect": [
            0
          ],
          "enable": [
            1
          ],
          "harmonic": [
            1
          ],
          "order": [
            8
          ],
          "oscselect": [
            1
          ],
          "phaseshift": [
            0.0
          ],
          "rate": [
            224.86636513157896
          ],
          "sinc": [
            0
          ],
          "timeconstant": [
            0.020329263264098115
          ],
          "trigger": [
            0
          ]
        },
        "2": {
          "adcselect": [
            0
          ],
          "enable": [
            1
          ],
          "harmonic": [
            1
          ],
          "order": [
            8
          ],
          "oscselect": [
            1
          ],
          "phaseshift": [
            0.0
          ],
          "rate": [
            224.86636513157896
          ],
          "sinc": [
            0
          ],
          "timeconstant": [
            0.020329263264098115
          ],
          "trigger": [
            0
          ]
        },
        "3": {
          "adcselect": [
            1
          ],
          "enable": [
            1
          ],
          "harmonic": [
            1
          ],
          "order": [
            8
          ],
          "oscselect": [
            1
          ],
          "phaseshift": [
            0.0
          ],
          "rate": [
            224.86636513157896
          ],
          "sinc": [
            0
          ],
          "timeconstant": [
            0.020329263264098115
          ],
          "trigger": [
            0
          ]
        },
        "4": {
          "adcselect": [
            1
          ],
          "enable": [
            0
          ],
          "harmonic": [
            1
          ],
          "order": [
            8
          ],
          "oscselect": [
            1
          ],
          "phaseshift": [
            0.0
          ],
          "rate": [
            0.0
          ],
          "sinc": [
            0
          ],
          "timeconstant": [
            0.0004788758024936163
          ],
          "trigger": [
            0
          ]
        },
        "5": {
          "adcselect": [
            1
          ],
          "enable": [
            0
          ],
          "harmonic": [
            1
          ],
          "order": [
            8
          ],
          "oscselect": [
            1
          ],
          "phaseshift": [
            0.0
          ],
          "rate": [
            0.0
          ],
          "sinc": [
            0
          ],
          "timeconstant": [
            0.0004788758024936163
          ],
          "trigger": [
            0
          ]
        }
      }
    }
  },
  "/dev1657/sigouts/*": {
    "dev1657": {
      "sigouts": {
        "0": {
          "add": [
            0
          ],
          "amplitudes": {
            "0": [
              0.09999923705472606
            ],
            "1": [
              0.002494831045769087
            ],
            "2": [
              0.002494831045769087
            ],
            "3": [
              0.0
            ],
            "4": [
              0.0
            ],
            "5": [
              0.0
            ],
            "6": [
              1.0
            ],
            "7": [
              0.0
            ]
          },
          "enables": {
            "0": [
              0
            ],
            "1": [
              0
            ],
            "2": [
              0
            ],
            "3": [
              0
            ],
            "4": [
              0
            ],
            "5": [
              0
            ],
            "6": [
              1
            ],
            "7": [
              0
            ]
          },
          "offset": [
            0.0
          ],
          "on": [
            1
          ],
          "range": [
            1.0
          ],
          "waveforms": {
            "0": [
              0
            ],
            "1": [
              0
            ],
            "2": [
              0
            ],
            "3": [
              0
            ],
            "4": [
              0
            ],
            "5": [
              0
            ],
            "6": [
              0
            ],
            "7": [
              0
            ]
          }
        },
        "1": {
          "add": [
            0
          ],
          "amplitudes": {
            "0": [
              0.0
            ],
            "1": [
              0.0
            ],
            "2": [
              0.0
            ],
            "3": [
              0.0
            ],
            "4": [
              0.0
            ],
            "5": [
              0.0
            ],
            "6": [
              0.0
            ],
            "7": [
              0.020996253938704978
            ]
          },
          "enables": {
            "0": [
              0
            ],
            "1": [
              0
            ],
            "2": [
              0
            ],
            "3": [
              0
            ],
            "4": [
              0
            ],
            "5": [
              0
            ],
            "6": [
              0
            ],
            "7": [
              1
            ]
          },
          "offset": [
            0.0
          ],
          "on": [
            1
          ],
          "range": [
            1.0
          ],
          "waveforms": {
            "0": [
              0
            ],
            "1": [
              0
            ],
            "2": [
              0
            ],
            "3": [
              0
            ],
            "4": [
              0
            ],
            "5": [
              0
            ],
            "6": [
              0
            ],
            "7": [
              0
            ]
          }
        }
      }
    }
  },
  "/dev1657/sigins/*": {
    "dev1657": {
      "sigins": {
        "0": {
          "ac": [
            1
          ],
          "diff": [
            0
          ],
          "imp50": [
            0
          ],
          "range": [
            0.5051012856990948
          ]
        },
        "1": {
          "ac": [
            1
          ],
          "diff": [
            1
          ],
          "imp50": [
            0
          ],
          "range": [
            1.2079945835231387
          ]
        }
      }
    }
  },
  "/dev1657/mods/*": {
    "dev1657": {
      "mods": {
        "0": {
          "carrier": {
            "amplitude": [
              0.1
            ],